# WaveFront *.obj file (generated by Autodesk ATF)

mtllib FerramentaCorte.mtl

g Corpo1

v 318.500986 0.146608 -52.613507
v 318.528268 1.111904 -52.708958
v 318.606466 2.065118 -52.996223
v 318.725462 2.938900 -53.467425
v 318.861916 3.682464 -54.078296
v 318.999500 4.293140 -54.821873
v 319.121145 4.764072 -55.695430
v 319.202030 5.051189 -56.648351
v 319.230476 5.146608 -57.613507
v 319.202030 5.051189 -58.578663
v 319.121145 4.764072 -59.531585
v 318.999500 4.293140 -60.405142
v 318.861916 3.682464 -61.148719
v 318.725462 2.938900 -61.759590
v 318.606466 2.065118 -62.230792
v 318.528268 1.111904 -62.518057
v 318.500986 0.146608 -62.613507
v 318.528268 -0.818689 -62.518057
v 318.606466 -1.771903 -62.230792
v 318.725462 -2.645684 -61.759590
v 318.861916 -3.389249 -61.148719
v 318.999500 -3.999924 -60.405142
v 319.121145 -4.470857 -59.531585
v 319.202030 -4.757973 -58.578663
v 319.230476 -4.853392 -57.613507
v 319.202030 -4.757973 -56.648351
v 319.121145 -4.470857 -55.695430
v 318.999500 -3.999924 -54.821873
v 318.861916 -3.389249 -54.078296
v 318.725462 -2.645684 -53.467425
v 318.606466 -1.771903 -52.996223
v 318.528268 -0.818689 -52.708958
v 329.000986 5.146608 -57.613507
v 329.000986 4.976237 -56.319412
v 329.000986 4.476735 -55.113507
v 329.000986 3.682142 -54.077973
v 329.000986 2.646608 -53.283380
v 329.000986 1.440703 -52.783878
v 329.000986 0.146608 -52.613507
v 329.000986 -1.147488 -52.783878
v 329.000986 -2.353392 -53.283380
v 329.000986 -3.388926 -54.077973
v 329.000986 -4.183519 -55.113507
v 329.000986 -4.683021 -56.319412
v 329.000986 -4.853392 -57.613507
v 329.000986 -4.683021 -58.907603
v 329.000986 -4.183519 -60.113507
v 329.000986 -3.388926 -61.149041
v 329.000986 -2.353392 -61.943634
v 329.000986 -1.147488 -62.443136
v 329.000986 0.146608 -62.613507
v 329.000986 1.440703 -62.443136
v 329.000986 2.646608 -61.943634
v 329.000986 3.682142 -61.149041
v 329.000986 4.476735 -60.113507
v 329.000986 4.976237 -58.907603
v 343.000986 5.146608 -57.613507
v 343.000986 4.976237 -58.907603
v 343.000986 4.476735 -60.113507
v 343.000986 3.682142 -61.149041
v 343.000986 2.646608 -61.943634
v 343.000986 1.440703 -62.443136
v 343.000986 0.146608 -62.613507
v 343.000986 -1.147488 -62.443136
v 343.000986 -2.353392 -61.943634
v 343.000986 -3.388926 -61.149041
v 343.000986 -4.183519 -60.113507
v 343.000986 -4.683021 -58.907603
v 343.000986 -4.853392 -57.613507
v 343.000986 -4.683021 -56.319412
v 343.000986 -4.183519 -55.113507
v 343.000986 -3.388926 -54.077973
v 343.000986 -2.353392 -53.283380
v 343.000986 -1.147488 -52.783878
v 343.000986 0.146608 -52.613507
v 343.000986 1.440703 -52.783878
v 343.000986 2.646608 -53.283380
v 343.000986 3.682142 -54.077973
v 343.000986 4.476735 -55.113507
v 343.000986 4.976237 -56.319412
v 352.771496 -4.853392 -57.613507
v 352.799942 -4.757973 -58.578663
v 352.880826 -4.470857 -59.531585
v 353.002471 -3.999924 -60.405142
v 353.140056 -3.389249 -61.148719
v 353.276509 -2.645684 -61.759590
v 353.395505 -1.771903 -62.230792
v 353.473704 -0.818689 -62.518057
v 353.500986 0.146608 -62.613507
v 353.473704 1.111904 -62.518057
v 353.395505 2.065118 -62.230792
v 353.276509 2.938900 -61.759590
v 353.140056 3.682464 -61.148719
v 353.002471 4.293140 -60.405142
v 352.880826 4.764072 -59.531585
v 352.799942 5.051189 -58.578663
v 352.771496 5.146608 -57.613507
v 352.799942 5.051189 -56.648351
v 352.880826 4.764072 -55.695430
v 353.002471 4.293140 -54.821873
v 353.140056 3.682464 -54.078296
v 353.276509 2.938900 -53.467425
v 353.395505 2.065118 -52.996223
v 353.473704 1.111904 -52.708958
v 353.500986 0.146608 -52.613507
v 353.473704 -0.818689 -52.708958
v 353.395505 -1.771903 -52.996223
v 353.276509 -2.645684 -53.467425
v 353.140056 -3.389249 -54.078296
v 353.002471 -3.999924 -54.821873
v 352.880826 -4.470857 -55.695430
v 352.799942 -4.757973 -56.648351
v 345.500986 5.646608 18.386493
v 345.500986 5.459200 16.962988
v 345.500986 4.909747 15.636493
v 345.500986 4.035695 14.497405
v 345.500986 2.896608 13.623353
v 345.500986 1.570112 13.073901
v 345.500986 0.146608 12.886493
v 345.500986 -1.276897 13.073901
v 345.500986 -2.603392 13.623353
v 345.500986 -3.742480 14.497405
v 345.500986 -4.616532 15.636493
v 345.500986 -5.165984 16.962988
v 345.500986 -5.353392 18.386493
v 345.500986 -5.165984 19.809997
v 345.500986 -4.616532 21.136493
v 345.500986 -3.742480 22.275580
v 345.500986 -2.603392 23.149632
v 345.500986 -1.276897 23.699085
v 345.500986 0.146608 23.886493
v 345.500986 1.570112 23.699085
v 345.500986 2.896608 23.149632
v 345.500986 4.035695 22.275580
v 345.500986 4.909747 21.136493
v 345.500986 5.459200 19.809997
v 353.500986 0.146608 12.886493
v 353.467911 1.209452 12.991692
v 353.373117 2.258252 13.308013
v 353.228837 3.219014 13.826388
v 353.063251 4.036222 14.497933
v 352.895998 4.707449 15.315163
v 352.747808 5.225383 16.275559
v 352.649036 5.541461 17.323879
v 352.614233 5.646608 18.386493
v 352.649036 5.541461 19.449106
v 352.747808 5.225383 20.497427
v 352.895998 4.707449 21.457822
v 353.063251 4.036222 22.275052
v 353.228837 3.219014 22.946597
v 353.373117 2.258252 23.464973
v 353.467911 1.209452 23.781294
v 353.500986 0.146608 23.886493
v 353.467911 -0.916237 23.781294
v 353.373117 -1.965037 23.464973
v 353.228837 -2.925799 22.946597
v 353.063251 -3.743007 22.275052
v 352.895998 -4.414233 21.457822
v 352.747808 -4.932168 20.497427
v 352.649036 -5.248245 19.449106
v 352.614233 -5.353392 18.386493
v 352.649036 -5.248245 17.323879
v 352.747808 -4.932168 16.275559
v 352.895998 -4.414233 15.315163
v 353.063251 -3.743007 14.497933
v 353.228837 -2.925799 13.826388
v 353.373117 -1.965037 13.308013
v 353.467911 -0.916237 12.991692
v 338.500986 3.396608 18.386493
v 338.500986 3.285867 17.545331
v 338.500986 2.961190 16.761493
v 338.500986 2.444705 16.088396
v 338.500986 1.771608 15.571910
v 338.500986 0.987770 15.247234
v 338.500986 0.146608 15.136493
v 338.500986 -0.694554 15.247234
v 338.500986 -1.478392 15.571910
v 338.500986 -2.151489 16.088396
v 338.500986 -2.667975 16.761493
v 338.500986 -2.992651 17.545331
v 338.500986 -3.103392 18.386493
v 338.500986 -2.992651 19.227655
v 338.500986 -2.667975 20.011493
v 338.500986 -2.151489 20.684590
v 338.500986 -1.478392 21.201075
v 338.500986 -0.694554 21.525752
v 338.500986 0.146608 21.636493
v 338.500986 0.987770 21.525752
v 338.500986 1.771608 21.201075
v 338.500986 2.444705 20.684590
v 338.500986 2.961190 20.011493
v 338.500986 3.285867 19.227655
v 345.500986 3.396608 18.386493
v 345.500986 3.285867 19.227655
v 345.500986 2.961190 20.011493
v 345.500986 2.444705 20.684590
v 345.500986 1.771608 21.201075
v 345.500986 0.987770 21.525752
v 345.500986 0.146608 21.636493
v 345.500986 -0.694554 21.525752
v 345.500986 -1.478392 21.201075
v 345.500986 -2.151489 20.684590
v 345.500986 -2.667975 20.011493
v 345.500986 -2.992651 19.227655
v 345.500986 -3.103392 18.386493
v 345.500986 -2.992651 17.545331
v 345.500986 -2.667975 16.761493
v 345.500986 -2.151489 16.088396
v 345.500986 -1.478392 15.571910
v 345.500986 -0.694554 15.247234
v 345.500986 0.146608 15.136493
v 345.500986 0.987770 15.247234
v 345.500986 1.771608 15.571910
v 345.500986 2.444705 16.088396
v 345.500986 2.961190 16.761493
v 345.500986 3.285867 17.545331
v 338.500986 -7.353392 8.386493
v 339.148033 -7.438578 8.386493
v 339.750986 -7.688329 8.386493
v 340.268753 -8.085625 8.386493
v 340.666049 -8.603392 8.386493
v 340.915800 -9.206345 8.386493
v 341.000986 -9.853392 8.386493
v 340.915800 -10.500440 8.386493
v 340.666049 -11.103392 8.386493
v 340.268753 -11.621159 8.386493
v 339.750986 -12.018456 8.386493
v 339.148033 -12.268207 8.386493
v 338.500986 -12.353392 8.386493
v 338.500986 -12.353392 28.386493
v 339.148033 -12.268207 28.386493
v 339.750986 -12.018456 28.386493
v 340.268753 -11.621159 28.386493
v 340.666049 -11.103392 28.386493
v 340.915800 -10.500440 28.386493
v 341.000986 -9.853392 28.386493
v 340.915800 -9.206345 28.386493
v 340.666049 -8.603392 28.386493
v 340.268753 -8.085625 28.386493
v 339.750986 -7.688329 28.386493
v 339.148033 -7.438578 28.386493
v 338.500986 -7.353392 28.386493
v 339.148033 -7.438578 18.386493
v 339.750986 -7.688329 18.386493
v 340.268753 -8.085625 18.386493
v 340.666049 -8.603392 18.386493
v 340.915800 -9.206345 18.386493
v 341.000986 -9.853392 18.386493
v 340.915800 -10.500440 18.386493
v 340.666049 -11.103392 18.386493
v 340.268753 -11.621159 18.386493
v 339.750986 -12.018456 18.386493
v 339.148033 -12.268207 18.386493
v 338.500986 12.646608 8.386493
v 339.148033 12.561422 8.386493
v 339.750986 12.311671 8.386493
v 340.268753 11.914375 8.386493
v 340.666049 11.396608 8.386493
v 340.915800 10.793655 8.386493
v 341.000986 10.146608 8.386493
v 340.915800 9.499560 8.386493
v 340.666049 8.896608 8.386493
v 340.268753 8.378841 8.386493
v 339.750986 7.981544 8.386493
v 339.148033 7.731793 8.386493
v 338.500986 7.646608 8.386493
v 338.500986 7.646608 28.386493
v 339.148033 7.731793 28.386493
v 339.750986 7.981544 28.386493
v 340.268753 8.378841 28.386493
v 340.666049 8.896608 28.386493
v 340.915800 9.499560 28.386493
v 341.000986 10.146608 28.386493
v 340.915800 10.793655 28.386493
v 340.666049 11.396608 28.386493
v 340.268753 11.914375 28.386493
v 339.750986 12.311671 28.386493
v 339.148033 12.561422 28.386493
v 338.500986 12.646608 28.386493
v 339.148033 12.561422 18.386493
v 339.750986 12.311671 18.386493
v 340.268753 11.914375 18.386493
v 340.666049 11.396608 18.386493
v 340.915800 10.793655 18.386493
v 341.000986 10.146608 18.386493
v 340.915800 9.499560 18.386493
v 340.666049 8.896608 18.386493
v 340.268753 8.378841 18.386493
v 339.750986 7.981544 18.386493
v 339.148033 7.731793 18.386493
v 323.753537 -12.353392 8.386493
v 321.745945 -10.004442 8.386493
v 320.182783 -7.339010 8.386493
v 319.112789 -4.440199 8.386493
v 318.569319 -1.398384 8.386493
v 318.569319 1.691599 8.386493
v 319.112789 4.733414 8.386493
v 320.182783 7.632226 8.386493
v 321.745945 10.297657 8.386493
v 323.753537 12.646608 8.386493
v 323.753537 12.646608 27.386493
v 326.205114 14.648018 27.386493
v 328.977063 16.175161 27.386493
v 331.978729 17.178092 27.386493
v 335.111942 17.624010 27.386493
v 338.274231 17.498332 27.386493
v 341.362175 16.805169 27.386493
v 344.274781 15.567189 27.386493
v 346.916793 13.824880 27.386493
v 349.201806 11.635226 27.386493
v 351.055087 9.069837 27.386493
v 352.416026 6.212616 27.386493
v 353.240113 3.157006 27.386493
v 353.338573 2.523872 26.864906
v 353.424629 1.779595 26.462738
v 353.481237 0.967945 26.217787
v 353.500986 0.146608 26.136493
v 353.481237 -0.674730 26.217787
v 353.424629 -1.486380 26.462738
v 353.338573 -2.230656 26.864906
v 353.240113 -2.863791 27.386493
v 352.416026 -5.919401 27.386493
v 351.055087 -8.776622 27.386493
v 349.201806 -11.342010 27.386493
v 346.916793 -13.531665 27.386493
v 344.274781 -15.273973 27.386493
v 341.362175 -16.511953 27.386493
v 338.274231 -17.205117 27.386493
v 335.111942 -17.330795 27.386493
v 331.978729 -16.884876 27.386493
v 328.977063 -15.881945 27.386493
v 326.205114 -14.354802 27.386493
v 323.753537 -12.353392 27.386493
v 329.000986 16.185623 -46.613507
v 326.266594 14.689359 -46.613507
v 323.841024 12.731731 -46.613507
v 321.801225 10.374842 -46.613507
v 320.211910 7.693466 -46.613507
v 319.123499 4.772668 -46.613507
v 318.570522 1.705109 -46.613507
v 318.570522 -1.411893 -46.613507
v 319.123499 -4.479452 -46.613507
v 320.211910 -7.400251 -46.613507
v 321.801225 -10.081627 -46.613507
v 323.841024 -12.438515 -46.613507
v 326.266594 -14.396144 -46.613507
v 329.000986 -15.892407 -46.613507
v 329.000986 -15.892407 -41.613507
v 331.723829 -16.822657 -41.613507
v 334.562302 -17.294155 -41.613507
v 337.439669 -17.294155 -41.613507
v 340.278142 -16.822657 -41.613507
v 343.000986 -15.892407 -41.613507
v 343.000986 -15.892407 -46.613507
v 345.735377 -14.396144 -46.613507
v 348.160948 -12.438515 -46.613507
v 350.200747 -10.081627 -46.613507
v 351.790062 -7.400251 -46.613507
v 352.878473 -4.479452 -46.613507
v 353.431450 -1.411893 -46.613507
v 353.431450 1.705109 -46.613507
v 352.878473 4.772668 -46.613507
v 351.790062 7.693466 -46.613507
v 350.200747 10.374842 -46.613507
v 348.160948 12.731731 -46.613507
v 345.735377 14.689359 -46.613507
v 343.000986 16.185623 -46.613507
v 343.000986 16.185623 -41.613507
v 340.278142 17.115872 -41.613507
v 337.439669 17.587370 -41.613507
v 334.562302 17.587370 -41.613507
v 331.723829 17.115872 -41.613507
v 329.000986 16.185623 -41.613507
v 319.575996 6.185623 -69.613507
v 318.771834 3.213583 -69.613507
v 318.500986 0.146608 -69.613507
v 318.771834 -2.920368 -69.613507
v 319.575996 -5.892407 -69.613507
v 320.267597 -7.515668 -67.990246
v 321.119141 -9.061036 -66.444878
v 322.121972 -10.512800 -64.993114
v 323.265895 -11.856203 -63.649712
v 324.539280 -13.077587 -62.428328
v 325.929184 -14.164535 -61.341379
v 327.421476 -15.105999 -60.399916
v 329.000986 -15.892407 -59.613507
v 329.000986 -15.892407 -48.313507
v 326.266594 -14.396144 -48.313507
v 323.841024 -12.438515 -48.313507
v 321.801225 -10.081627 -48.313507
v 320.211910 -7.400251 -48.313507
v 319.123499 -4.479452 -48.313507
v 318.570522 -1.411893 -48.313507
v 318.570522 1.705109 -48.313507
v 319.123499 4.772668 -48.313507
v 320.211910 7.693466 -48.313507
v 321.801225 10.374842 -48.313507
v 323.841024 12.731731 -48.313507
v 326.266594 14.689359 -48.313507
v 329.000986 16.185623 -48.313507
v 329.000986 16.185623 -59.613507
v 327.421476 15.399214 -60.399916
v 325.929184 14.457751 -61.341379
v 324.539280 13.370802 -62.428328
v 323.265895 12.149418 -63.649712
v 322.121972 10.806016 -64.993114
v 321.119141 9.354252 -66.444878
v 320.267597 7.808884 -67.990246
v 338.500986 3.896608 28.386493
v 352.069200 3.896608 28.386493
v 351.094494 6.812641 28.386493
v 349.595699 9.497211 28.386493
v 347.624856 11.857100 28.386493
v 345.250399 13.810368 28.386493
v 342.554776 15.289191 28.386493
v 339.631586 16.242220 28.386493
v 336.582332 16.636363 28.386493
v 333.512891 16.457935 28.386493
v 330.529845 15.713130 28.386493
v 327.736772 14.427811 28.386493
v 325.230656 12.646608 28.386493
v 352.069200 -3.603392 28.386493
v 351.094494 -6.519426 28.386493
v 349.595699 -9.203995 28.386493
v 347.624856 -11.563885 28.386493
v 345.250399 -13.517153 28.386493
v 342.554776 -14.995976 28.386493
v 339.631586 -15.949005 28.386493
v 336.582332 -16.343148 28.386493
v 333.512891 -16.164719 28.386493
v 330.529845 -15.419915 28.386493
v 327.736772 -14.134596 28.386493
v 325.230656 -12.353392 28.386493
v 343.000986 -15.892407 -48.313507
v 343.000986 -15.892407 -59.613507
v 344.580496 -15.105999 -60.399916
v 346.072787 -14.164535 -61.341379
v 347.462691 -13.077587 -62.428328
v 348.736077 -11.856203 -63.649712
v 349.879999 -10.512800 -64.993114
v 350.882830 -9.061036 -66.444878
v 351.734375 -7.515668 -67.990246
v 352.425976 -5.892407 -69.613507
v 353.230137 -2.920368 -69.613507
v 353.500986 0.146608 -69.613507
v 353.230137 3.213583 -69.613507
v 352.425976 6.185623 -69.613507
v 351.734375 7.808884 -67.990246
v 350.882830 9.354252 -66.444878
v 349.879999 10.806016 -64.993114
v 348.736077 12.149418 -63.649712
v 347.462691 13.370802 -62.428328
v 346.072787 14.457751 -61.341379
v 344.580496 15.399214 -60.399916
v 343.000986 16.185623 -59.613507
v 343.000986 16.185623 -48.313507
v 345.735377 14.689359 -48.313507
v 348.160948 12.731731 -48.313507
v 350.200747 10.374842 -48.313507
v 351.790062 7.693466 -48.313507
v 352.878473 4.772668 -48.313507
v 353.431450 1.705109 -48.313507
v 353.431450 -1.411893 -48.313507
v 352.878473 -4.479452 -48.313507
v 351.790062 -7.400251 -48.313507
v 350.200747 -10.081627 -48.313507
v 348.160948 -12.438515 -48.313507
v 345.735377 -14.396144 -48.313507
v 329.000986 -5.892407 -69.613507
v 329.000986 6.185623 -69.613507
v 329.000986 15.088160 -48.313507
v 329.000986 15.088160 -46.613507
v 329.000986 -14.794945 -46.613507
v 329.000986 -14.794945 -48.313507
v 343.000986 6.185623 -69.613507
v 343.000986 -5.892407 -69.613507
v 343.000986 -14.794945 -48.313507
v 343.000986 -14.794945 -46.613507
v 343.000986 15.088160 -46.613507
v 343.000986 15.088160 -48.313507
v 338.500986 -3.603392 28.386493
v 338.500986 -3.019976 27.551841
v 338.500986 -2.254758 26.879935
v 338.500986 -1.351670 26.409350
v 338.500986 -0.362563 26.167103
v 338.500986 0.655778 26.167103
v 338.500986 1.644885 26.409350
v 338.500986 2.547973 26.879935
v 338.500986 3.313191 27.551841
v 345.680546 -13.215881 -46.613507
v 348.016176 -11.162027 -46.613507
v 349.924886 -8.706358 -46.613507
v 351.338858 -5.936129 -46.613507
v 352.207850 -2.949770 -46.613507
v 352.500986 0.146608 -46.613507
v 352.207850 3.242986 -46.613507
v 351.338858 6.229344 -46.613507
v 349.924886 8.999573 -46.613507
v 348.016176 11.455242 -46.613507
v 345.680546 13.509097 -46.613507
v 345.680546 -13.215881 -48.313507
v 348.016176 -11.162027 -48.313507
v 349.924886 -8.706358 -48.313507
v 351.338858 -5.936129 -48.313507
v 352.207850 -2.949770 -48.313507
v 352.500986 0.146608 -48.313507
v 352.207850 3.242986 -48.313507
v 351.338858 6.229344 -48.313507
v 349.924886 8.999573 -48.313507
v 348.016176 11.455242 -48.313507
v 345.680546 13.509097 -48.313507
v 326.321426 -13.215881 -48.313507
v 323.985796 -11.162027 -48.313507
v 322.077085 -8.706358 -48.313507
v 320.663114 -5.936129 -48.313507
v 319.794122 -2.949770 -48.313507
v 319.500986 0.146608 -48.313507
v 319.794122 3.242986 -48.313507
v 320.663114 6.229344 -48.313507
v 322.077085 8.999573 -48.313507
v 323.985796 11.455242 -48.313507
v 326.321426 13.509097 -48.313507
v 326.321426 -13.215881 -46.613507
v 323.985796 -11.162027 -46.613507
v 322.077085 -8.706358 -46.613507
v 320.663114 -5.936129 -46.613507
v 319.794122 -2.949770 -46.613507
v 319.500986 0.146608 -46.613507
v 319.794122 3.242986 -46.613507
v 320.663114 6.229344 -46.613507
v 322.077085 8.999573 -46.613507
v 323.985796 11.455242 -46.613507
v 326.321426 13.509097 -46.613507
vt 0.002728 0.882565 0.000000
vt -0.000000 0.785398 0.000000
vt 1.050000 0.785398 0.000000
vt 0.002728 0.688232 0.000000
vt 1.050000 0.654498 0.000000
vt 0.010548 0.588497 0.000000
vt 1.050000 0.523599 0.000000
vt 0.022448 0.489047 0.000000
vt 1.050000 0.392699 0.000000
vt 0.036093 0.392654 0.000000
vt 0.049851 0.296272 0.000000
vt 1.050000 0.261799 0.000000
vt 0.062016 0.196854 0.000000
vt 1.050000 0.130900 0.000000
vt 0.070104 0.097152 0.000000
vt 1.050000 0.000000 0.000000
vt 0.072949 0.000000 0.000000
vt 0.070104 -0.097152 0.000000
vt 1.050000 -0.130900 0.000000
vt 0.062016 -0.196854 0.000000
vt 1.050000 -0.261799 0.000000
vt 0.049851 -0.296272 0.000000
vt 1.050000 -0.392699 0.000000
vt 0.036093 -0.392654 0.000000
vt 0.022448 -0.489047 0.000000
vt 1.050000 -0.523599 0.000000
vt 0.010548 -0.588497 0.000000
vt 1.050000 -0.654498 0.000000
vt 0.002728 -0.688232 0.000000
vt 1.050000 -0.785398 0.000000
vt -0.000000 -0.785398 0.000000
vt 0.002728 -0.882565 0.000000
vt 1.050000 -0.916298 0.000000
vt 0.010548 -0.982299 0.000000
vt 1.050000 -1.047198 0.000000
vt 0.022448 -1.081750 0.000000
vt 1.050000 -1.178097 0.000000
vt 0.036093 -1.178143 0.000000
vt 0.049851 -1.274525 0.000000
vt 1.050000 -1.308997 0.000000
vt 0.062016 -1.373942 0.000000
vt 1.050000 -1.439897 0.000000
vt 0.070104 -1.473644 0.000000
vt 1.050000 -1.570796 0.000000
vt 0.072949 -1.570796 0.000000
vt 1.050000 1.570796 0.000000
vt 0.072949 1.570796 0.000000
vt 0.070104 1.473644 0.000000
vt 1.050000 1.439897 0.000000
vt 0.062016 1.373942 0.000000
vt 1.050000 1.308997 0.000000
vt 0.049851 1.274525 0.000000
vt 1.050000 1.178097 0.000000
vt 0.036093 1.178143 0.000000
vt 0.022448 1.081750 0.000000
vt 1.050000 1.047198 0.000000
vt 0.010548 0.982299 0.000000
vt 1.050000 0.916298 0.000000
vt 2.450000 -0.130900 0.000000
vt 3.429896 -0.097152 0.000000
vt 2.450000 0.000000 0.000000
vt 3.427051 0.000000 0.000000
vt 3.429896 0.097152 0.000000
vt 3.437984 -0.196854 0.000000
vt 2.450000 -0.261799 0.000000
vt 3.450149 -0.296272 0.000000
vt 2.450000 -0.392699 0.000000
vt 3.463907 -0.392654 0.000000
vt 3.477552 -0.489047 0.000000
vt 2.450000 -0.523599 0.000000
vt 3.489452 -0.588497 0.000000
vt 2.450000 -0.654498 0.000000
vt 3.497272 -0.688232 0.000000
vt 2.450000 -0.785398 0.000000
vt 3.500000 -0.785398 0.000000
vt 3.497272 -0.882565 0.000000
vt 2.450000 -0.916298 0.000000
vt 3.489452 -0.982299 0.000000
vt 2.450000 -1.047198 0.000000
vt 3.477552 -1.081750 0.000000
vt 2.450000 -1.178097 0.000000
vt 3.463907 -1.178143 0.000000
vt 3.450149 -1.274525 0.000000
vt 2.450000 -1.308997 0.000000
vt 3.437984 -1.373942 0.000000
vt 2.450000 -1.439897 0.000000
vt 3.429896 -1.473644 0.000000
vt 2.450000 -1.570796 0.000000
vt 3.427051 -1.570796 0.000000
vt 3.427051 1.570796 0.000000
vt 2.450000 1.570796 0.000000
vt 3.429896 1.473644 0.000000
vt 2.450000 1.439897 0.000000
vt 3.437984 1.373942 0.000000
vt 2.450000 1.308997 0.000000
vt 3.450149 1.274525 0.000000
vt 2.450000 1.178097 0.000000
vt 3.463907 1.178143 0.000000
vt 3.477552 1.081750 0.000000
vt 2.450000 1.047198 0.000000
vt 3.489452 0.982299 0.000000
vt 2.450000 0.916298 0.000000
vt 3.497272 0.882565 0.000000
vt 2.450000 0.785398 0.000000
vt 3.500000 0.785398 0.000000
vt 3.497272 0.688232 0.000000
vt 2.450000 0.654498 0.000000
vt 3.489452 0.588497 0.000000
vt 2.450000 0.523599 0.000000
vt 3.477552 0.489047 0.000000
vt 2.450000 0.392699 0.000000
vt 3.463907 0.392654 0.000000
vt 3.450149 0.296272 0.000000
vt 2.450000 0.261799 0.000000
vt 3.437984 0.196854 0.000000
vt 2.450000 0.130900 0.000000
vt -0.800000 -0.143990 0.000000
vt -0.085195 -0.106963 0.000000
vt -0.800000 -0.000000 0.000000
vt -0.088675 -0.000000 0.000000
vt -0.085195 0.106963 0.000000
vt -0.075318 -0.216653 0.000000
vt -0.800000 -0.287979 0.000000
vt -0.060499 -0.325962 0.000000
vt -0.800000 -0.431969 0.000000
vt -0.043773 -0.431894 0.000000
vt -0.027215 -0.537845 0.000000
vt -0.800000 -0.575959 0.000000
vt -0.012787 -0.647208 0.000000
vt -0.800000 -0.719948 0.000000
vt -0.003307 -0.756951 0.000000
vt -0.800000 -0.863938 0.000000
vt 0.000000 -0.863938 0.000000
vt -0.003307 -0.970925 0.000000
vt -0.800000 -1.007928 0.000000
vt -0.012787 -1.080668 0.000000
vt -0.800000 -1.151917 0.000000
vt -0.027215 -1.190031 0.000000
vt -0.800000 -1.295907 0.000000
vt -0.043773 -1.295982 0.000000
vt -0.060499 -1.401914 0.000000
vt -0.800000 -1.439897 0.000000
vt -0.075318 -1.511223 0.000000
vt -0.800000 -1.583886 0.000000
vt -0.085195 -1.620913 0.000000
vt -0.800000 -1.727876 0.000000
vt -0.088675 -1.727876 0.000000
vt -0.088675 1.727876 0.000000
vt -0.800000 1.727876 0.000000
vt -0.085195 1.620913 0.000000
vt -0.800000 1.583886 0.000000
vt -0.075318 1.511223 0.000000
vt -0.800000 1.439897 0.000000
vt -0.060499 1.401914 0.000000
vt -0.800000 1.295907 0.000000
vt -0.043773 1.295982 0.000000
vt -0.027215 1.190031 0.000000
vt -0.800000 1.151917 0.000000
vt -0.012787 1.080668 0.000000
vt -0.800000 1.007928 0.000000
vt -0.003307 0.970925 0.000000
vt -0.800000 0.863938 0.000000
vt -0.000000 0.863938 0.000000
vt -0.003307 0.756951 0.000000
vt -0.800000 0.719948 0.000000
vt -0.012787 0.647208 0.000000
vt -0.800000 0.575959 0.000000
vt -0.027215 0.537845 0.000000
vt -0.800000 0.431969 0.000000
vt -0.043773 0.431894 0.000000
vt -0.060499 0.325962 0.000000
vt -0.800000 0.287979 0.000000
vt -0.075318 0.216653 0.000000
vt -0.800000 0.143990 0.000000
vt -1.500000 -0.085085 0.000000
vt -0.800000 -0.085085 0.000000
vt -1.500000 -0.000000 0.000000
vt -0.800000 -0.000000 0.000000
vt -1.500000 0.085085 0.000000
vt -0.800000 0.085085 0.000000
vt -1.500000 0.170170 0.000000
vt -0.800000 0.170170 0.000000
vt -1.500000 0.255254 0.000000
vt -0.800000 0.255254 0.000000
vt -1.500000 0.340339 0.000000
vt -0.800000 0.340339 0.000000
vt -1.500000 0.425424 0.000000
vt -0.800000 0.425424 0.000000
vt -1.500000 0.510509 0.000000
vt -0.800000 0.510509 0.000000
vt -1.500000 0.595594 0.000000
vt -0.800000 0.595594 0.000000
vt -1.500000 0.680678 0.000000
vt -0.800000 0.680678 0.000000
vt -1.500000 0.765763 0.000000
vt -0.800000 0.765763 0.000000
vt -1.500000 0.850848 0.000000
vt -0.800000 0.850848 0.000000
vt -1.500000 0.935933 0.000000
vt -0.800000 0.935933 0.000000
vt -1.500000 1.021018 0.000000
vt -0.800000 1.021018 0.000000
vt -1.500000 -1.021018 0.000000
vt -0.800000 -1.021018 0.000000
vt -1.500000 -0.935933 0.000000
vt -0.800000 -0.935933 0.000000
vt -1.500000 -0.850848 0.000000
vt -0.800000 -0.850848 0.000000
vt -1.500000 -0.765763 0.000000
vt -0.800000 -0.765763 0.000000
vt -1.500000 -0.680678 0.000000
vt -0.800000 -0.680678 0.000000
vt -1.500000 -0.595594 0.000000
vt -0.800000 -0.595594 0.000000
vt -1.500000 -0.510509 0.000000
vt -0.800000 -0.510509 0.000000
vt -1.500000 -0.425424 0.000000
vt -0.800000 -0.425424 0.000000
vt -1.500000 -0.340339 0.000000
vt -0.800000 -0.340339 0.000000
vt -1.500000 -0.255254 0.000000
vt -0.800000 -0.255254 0.000000
vt -1.500000 -0.170170 0.000000
vt -0.800000 -0.170170 0.000000
vt 2.707107 0.392699 0.000000
vt 0.707107 0.392699 0.000000
vt 1.707107 0.327249 0.000000
vt 0.707107 0.327249 0.000000
vt 1.707107 0.261799 0.000000
vt 0.707107 0.261799 0.000000
vt 1.707107 0.196350 0.000000
vt 0.707107 0.196350 0.000000
vt 1.707107 0.130900 0.000000
vt 0.707107 0.130900 0.000000
vt 1.707107 0.065450 0.000000
vt 0.707107 0.065450 0.000000
vt 1.707107 -0.000000 0.000000
vt 0.707107 -0.000000 0.000000
vt 1.707107 -0.065450 0.000000
vt 0.707107 -0.065450 0.000000
vt 1.707107 -0.130900 0.000000
vt 0.707107 -0.130900 0.000000
vt 1.707107 -0.196350 0.000000
vt 0.707107 -0.196350 0.000000
vt 1.707107 -0.261799 0.000000
vt 0.707107 -0.261799 0.000000
vt 1.707107 -0.327249 0.000000
vt 0.707107 -0.327249 0.000000
vt 0.707107 -0.392699 0.000000
vt 2.707107 -0.392699 0.000000
vt 2.707107 -0.327249 0.000000
vt 2.707107 -0.261799 0.000000
vt 2.707107 -0.196350 0.000000
vt 2.707107 -0.130900 0.000000
vt 2.707107 -0.065450 0.000000
vt 2.707107 -0.000000 0.000000
vt 2.707107 0.065450 0.000000
vt 2.707107 0.130900 0.000000
vt 2.707107 0.196350 0.000000
vt 2.707107 0.261799 0.000000
vt 2.707107 0.327249 0.000000
vt 2.707107 0.392699 0.000000
vt 0.707107 0.392699 0.000000
vt 1.707107 0.327249 0.000000
vt 0.707107 0.327249 0.000000
vt 1.707107 0.261799 0.000000
vt 0.707107 0.261799 0.000000
vt 1.707107 0.196350 0.000000
vt 0.707107 0.196350 0.000000
vt 1.707107 0.130900 0.000000
vt 0.707107 0.130900 0.000000
vt 1.707107 0.065450 0.000000
vt 0.707107 0.065450 0.000000
vt 1.707107 -0.000000 0.000000
vt 0.707107 -0.000000 0.000000
vt 1.707107 -0.065450 0.000000
vt 0.707107 -0.065450 0.000000
vt 1.707107 -0.130900 0.000000
vt 0.707107 -0.130900 0.000000
vt 1.707107 -0.196350 0.000000
vt 0.707107 -0.196350 0.000000
vt 1.707107 -0.261799 0.000000
vt 0.707107 -0.261799 0.000000
vt 1.707107 -0.327249 0.000000
vt 0.707107 -0.327249 0.000000
vt 0.707107 -0.392699 0.000000
vt 2.707107 -0.392699 0.000000
vt 2.707107 -0.327249 0.000000
vt 2.707107 -0.261799 0.000000
vt 2.707107 -0.196350 0.000000
vt 2.707107 -0.130900 0.000000
vt 2.707107 -0.065450 0.000000
vt 2.707107 -0.000000 0.000000
vt 2.707107 0.065450 0.000000
vt 2.707107 0.130900 0.000000
vt 2.707107 0.196350 0.000000
vt 2.707107 0.261799 0.000000
vt 2.707107 0.327249 0.000000
vt -2.000000 -1.082904 0.000000
vt -7.500000 -1.092398 0.000000
vt -2.000000 -1.392305 0.000000
vt -7.500000 -1.404512 0.000000
vt -0.100000 -1.392305 0.000000
vt -0.100000 -1.709217 0.000000
vt -7.500000 -1.716625 0.000000
vt -0.100000 -2.026128 0.000000
vt -7.500000 -2.028739 0.000000
vt -7.000000 -2.028739 0.000000
vt -7.500000 -0.780284 0.000000
vt -2.000000 -0.773503 0.000000
vt -7.500000 -0.468171 0.000000
vt -2.000000 -0.464102 0.000000
vt -7.500000 -0.156057 0.000000
vt -2.000000 -0.154701 0.000000
vt -2.000000 0.154701 0.000000
vt -7.500000 0.156057 0.000000
vt -2.000000 0.464102 0.000000
vt -7.500000 0.468171 0.000000
vt -2.000000 0.773503 0.000000
vt -7.500000 0.780284 0.000000
vt -2.000000 1.082904 0.000000
vt -7.500000 1.092398 0.000000
vt -2.000000 1.392305 0.000000
vt -7.500000 1.404512 0.000000
vt -0.100000 1.392305 0.000000
vt -0.100000 1.709217 0.000000
vt -7.500000 1.716625 0.000000
vt -0.100000 2.026128 0.000000
vt -7.500000 2.028739 0.000000
vt -7.000000 2.028739 0.000000
vt -7.000000 2.316801 0.000000
vt -0.100000 2.343039 0.000000
vt -7.000000 2.604863 0.000000
vt -0.100000 2.659951 0.000000
vt -7.000000 2.892924 0.000000
vt -0.100000 2.976862 0.000000
vt -7.000000 3.180986 0.000000
vt -0.100000 3.293774 0.000000
vt -7.000000 3.469048 0.000000
vt -0.100000 3.610685 0.000000
vt -7.500000 3.781162 0.000000
vt -0.100000 3.927597 0.000000
vt -7.500000 4.093275 0.000000
vt -0.100000 4.244508 0.000000
vt -7.500000 4.405389 0.000000
vt -0.100000 4.561420 0.000000
vt -7.500000 4.717503 0.000000
vt -0.100000 4.878331 0.000000
vt -1.000000 4.938305 0.000000
vt -0.893739 4.949380 0.000000
vt -0.788907 4.982496 0.000000
vt -0.692867 5.036370 0.000000
vt -0.100000 5.195242 0.000000
vt -0.611144 5.105550 0.000000
vt -0.543990 5.188940 0.000000
vt -0.152159 5.259321 0.000000
vt -0.492152 5.286107 0.000000
vt -0.192375 5.334250 0.000000
vt -0.460520 5.391433 0.000000
vt -0.216871 5.415621 0.000000
vt -0.450000 5.497787 0.000000
vt -0.225000 5.497787 0.000000
vt -0.450000 -5.497787 0.000000
vt -0.225000 -5.497787 0.000000
vt -0.216871 -5.415621 0.000000
vt -0.460520 -5.391433 0.000000
vt -0.192375 -5.334250 0.000000
vt -0.492152 -5.286107 0.000000
vt -0.152159 -5.259321 0.000000
vt -0.543990 -5.188940 0.000000
vt -0.100000 -5.195242 0.000000
vt -0.611144 -5.105550 0.000000
vt -0.692867 -5.036370 0.000000
vt -0.100000 -4.878331 0.000000
vt -0.788907 -4.982496 0.000000
vt -0.893739 -4.949380 0.000000
vt -1.000000 -4.938305 0.000000
vt -7.500000 -5.029617 0.000000
vt -1.106261 -4.949380 0.000000
vt -1.211093 -4.982496 0.000000
vt -1.307133 -5.036370 0.000000
vt -1.388856 -5.105550 0.000000
vt -1.456010 -5.188940 0.000000
vt -7.500000 -5.341730 0.000000
vt -1.507848 -5.286107 0.000000
vt -1.539480 -5.391433 0.000000
vt -1.539480 5.604142 0.000000
vt -7.500000 5.653844 0.000000
vt -1.550000 5.497787 0.000000
vt -7.500000 5.341730 0.000000
vt -1.539480 5.391433 0.000000
vt -1.507848 5.286107 0.000000
vt -1.456010 5.188940 0.000000
vt -7.500000 5.029617 0.000000
vt -1.388856 5.105550 0.000000
vt -1.307133 5.036370 0.000000
vt -1.211093 4.982496 0.000000
vt -1.106261 4.949380 0.000000
vt -7.500000 -4.717503 0.000000
vt -0.100000 -4.561420 0.000000
vt -7.500000 -4.405389 0.000000
vt -0.100000 -4.244508 0.000000
vt -7.500000 -4.093275 0.000000
vt -0.100000 -3.927597 0.000000
vt -7.500000 -3.781162 0.000000
vt -0.100000 -3.610685 0.000000
vt -7.000000 -3.469048 0.000000
vt -0.100000 -3.293774 0.000000
vt -7.000000 -3.180986 0.000000
vt -0.100000 -2.976862 0.000000
vt -7.000000 -2.892924 0.000000
vt -0.100000 -2.659951 0.000000
vt -7.000000 -2.604863 0.000000
vt -0.100000 -2.343039 0.000000
vt -7.000000 -2.316801 0.000000
vt -7.500000 -3.469048 0.000000
vt -7.500000 3.469048 0.000000
vt -9.800000 0.308290 0.000000
vt -8.791808 0.467279 0.000000
vt -9.800000 0.616579 0.000000
vt -8.696516 0.497109 0.000000
vt -8.600000 0.507065 0.000000
vt -9.800000 -0.000000 0.000000
vt -9.061728 0.192237 0.000000
vt -9.014608 0.280432 0.000000
vt -8.953521 0.356037 0.000000
vt -9.800000 -0.308290 0.000000
vt -9.061728 -0.192237 0.000000
vt -9.090455 -0.096582 0.000000
vt -9.100000 0.000000 0.000000
vt -9.800000 -0.616579 0.000000
vt -8.879163 -0.418639 0.000000
vt -8.953521 -0.356037 0.000000
vt -9.014608 -0.280432 0.000000
vt -9.637674 -0.793099 0.000000
vt -7.670000 -0.780284 0.000000
vt -8.600000 -0.507065 0.000000
vt -8.696516 -0.497109 0.000000
vt -9.483137 -0.969619 0.000000
vt -7.670000 -1.092398 0.000000
vt -9.337961 -1.146139 0.000000
vt -9.203620 -1.322659 0.000000
vt -7.670000 -1.404512 0.000000
vt -9.081482 -1.499179 0.000000
vt -7.670000 -1.716625 0.000000
vt -8.972787 -1.675699 0.000000
vt -8.878641 -1.852219 0.000000
vt -8.800000 -2.028739 0.000000
vt -7.670000 -2.028739 0.000000
vt -8.503484 -0.497109 0.000000
vt -7.670000 -0.468171 0.000000
vt -8.408192 -0.467279 0.000000
vt -8.320837 -0.418639 0.000000
vt -8.246479 -0.356037 0.000000
vt -8.185392 -0.280432 0.000000
vt -7.670000 -0.156057 0.000000
vt -8.138272 -0.192237 0.000000
vt -8.109545 -0.096582 0.000000
vt -8.100000 -0.000000 0.000000
vt -7.670000 0.156057 0.000000
vt -8.109545 0.096582 0.000000
vt -8.138272 0.192237 0.000000
vt -8.185392 0.280432 0.000000
vt -7.670000 0.468171 0.000000
vt -8.246479 0.356037 0.000000
vt -8.320837 0.418639 0.000000
vt -8.408192 0.467279 0.000000
vt -8.503484 0.497109 0.000000
vt -7.670000 0.780284 0.000000
vt -9.637674 0.793099 0.000000
vt -9.483137 0.969619 0.000000
vt -7.670000 1.092398 0.000000
vt -9.337961 1.146139 0.000000
vt -9.203620 1.322659 0.000000
vt -7.670000 1.404512 0.000000
vt -9.081482 1.499179 0.000000
vt -7.670000 1.716625 0.000000
vt -8.972787 1.675699 0.000000
vt -8.878641 1.852219 0.000000
vt -7.670000 2.028739 0.000000
vt -8.800000 2.028739 0.000000
vt -8.791808 -0.467279 0.000000
vt -9.090455 0.096582 0.000000
vt -8.879163 0.418639 0.000000
vt 1.606821 0.375000 0.000000
vt 1.509351 0.666603 0.000000
vt 0.250000 0.375000 0.000000
vt 0.375000 0.783494 0.000000
vt 0.314705 0.758519 0.000000
vt 0.426777 0.823223 0.000000
vt 1.359471 0.935060 0.000000
vt 0.466506 0.875000 0.000000
vt 0.491481 0.935295 0.000000
vt 0.500000 1.000000 0.000000
vt 1.162387 1.171049 0.000000
vt 0.491481 1.064705 0.000000
vt 0.466506 1.125000 0.000000
vt 0.924941 1.366376 0.000000
vt 0.426777 1.176777 0.000000
vt 0.375000 1.216506 0.000000
vt 0.655379 1.514258 0.000000
vt 0.314705 1.241481 0.000000
vt 0.250000 1.250000 0.000000
vt 0.363060 1.609561 0.000000
vt 0.058135 1.648976 0.000000
vt -0.248809 1.631133 0.000000
vt -0.547114 1.556652 0.000000
vt -0.826421 1.428120 0.000000
vt -1.077033 1.250000 0.000000
vt 0.250000 0.750000 0.000000
vt -0.141421 -5.046807 0.000000
vt -0.000000 -4.950938 0.000000
vt -0.141421 -4.738950 0.000000
vt -0.000000 -4.633699 0.000000
vt -0.141421 -4.431093 0.000000
vt 0.000000 -4.316459 0.000000
vt -0.141421 -4.123236 0.000000
vt -0.000000 -3.999220 0.000000
vt -0.141421 -3.815380 0.000000
vt -0.000000 -3.681981 0.000000
vt -0.141421 -3.507523 0.000000
vt -0.000000 -3.364741 0.000000
vt -0.141421 -3.199666 0.000000
vt -0.000000 -3.047502 0.000000
vt -0.141421 -2.891809 0.000000
vt -0.000000 -2.730262 0.000000
vt -0.141421 -2.583952 0.000000
vt -0.000000 -2.413023 0.000000
vt -0.141421 -2.276095 0.000000
vt -0.000000 -2.095784 0.000000
vt -0.141421 -1.968239 0.000000
vt -0.000000 -1.778544 0.000000
vt -0.141421 -1.660382 0.000000
vt -0.000000 -1.461305 0.000000
vt -0.141421 -1.352525 0.000000
vt -8.800000 -3.469048 0.000000
vt -8.878641 -3.645568 0.000000
vt -7.670000 -3.469048 0.000000
vt -7.670000 -3.781162 0.000000
vt -8.972787 -3.822088 0.000000
vt -9.081482 -3.998608 0.000000
vt -7.670000 -4.093275 0.000000
vt -9.203620 -4.175128 0.000000
vt -7.670000 -4.405389 0.000000
vt -9.337961 -4.351648 0.000000
vt -9.483137 -4.528168 0.000000
vt -7.670000 -4.717503 0.000000
vt -9.637674 -4.704688 0.000000
vt -9.800000 -4.881208 0.000000
vt -9.800000 -5.189498 0.000000
vt -8.791808 -5.030508 0.000000
vt -8.696516 -5.000678 0.000000
vt -8.600000 -4.990722 0.000000
vt -9.800000 -5.497787 0.000000
vt -9.061728 -5.305550 0.000000
vt -9.014608 -5.217355 0.000000
vt -8.953521 -5.141750 0.000000
vt -9.800000 5.189498 0.000000
vt -9.061728 5.305550 0.000000
vt -9.800000 5.497787 0.000000
vt -9.090455 5.401205 0.000000
vt -9.100000 5.497787 0.000000
vt -9.800000 4.881208 0.000000
vt -8.879163 5.079149 0.000000
vt -8.953521 5.141750 0.000000
vt -9.014608 5.217355 0.000000
vt -9.637674 4.704688 0.000000
vt -7.670000 4.717503 0.000000
vt -7.670000 5.029617 0.000000
vt -8.600000 4.990722 0.000000
vt -8.503484 5.000678 0.000000
vt -8.408192 5.030508 0.000000
vt -8.320837 5.079149 0.000000
vt -8.246479 5.141750 0.000000
vt -8.185392 5.217355 0.000000
vt -7.670000 5.341730 0.000000
vt -8.138272 5.305550 0.000000
vt -8.109545 5.401205 0.000000
vt -8.100000 5.497787 0.000000
vt -8.100000 -5.497787 0.000000
vt -7.670000 -5.653844 0.000000
vt -7.670000 -5.341730 0.000000
vt -8.109545 -5.401205 0.000000
vt -8.138272 -5.305550 0.000000
vt -8.185392 -5.217355 0.000000
vt -7.670000 -5.029617 0.000000
vt -8.246479 -5.141750 0.000000
vt -8.320837 -5.079149 0.000000
vt -8.408192 -5.030508 0.000000
vt -8.503484 -5.000678 0.000000
vt -9.483137 4.528168 0.000000
vt -7.670000 4.405389 0.000000
vt -9.337961 4.351648 0.000000
vt -9.203620 4.175128 0.000000
vt -7.670000 4.093275 0.000000
vt -9.081482 3.998608 0.000000
vt -7.670000 3.781162 0.000000
vt -8.972787 3.822088 0.000000
vt -8.878641 3.645568 0.000000
vt -8.800000 3.469048 0.000000
vt -7.670000 3.469048 0.000000
vt -8.696516 5.000678 0.000000
vt -8.791808 5.030508 0.000000
vt -9.100000 -5.497787 0.000000
vt -9.090455 -5.401205 0.000000
vt -8.879163 -5.079149 0.000000
vt -3.739341 -0.670000 0.000000
vt -3.739341 -1.800000 0.000000
vt -3.629595 -0.670000 0.000000
vt -2.618403 -1.470590 0.000000
vt -2.568453 -1.350000 0.000000
vt -2.739341 -2.800000 0.000000
vt -2.568453 -1.850000 0.000000
vt -2.618403 -1.729410 0.000000
vt -2.635440 -1.600000 0.000000
vt -1.531538 -2.800000 0.000000
vt -2.135440 -2.100000 0.000000
vt -2.264849 -2.082963 0.000000
vt -2.385440 -2.033013 0.000000
vt -0.531538 -1.800000 0.000000
vt -1.702427 -1.850000 0.000000
vt -1.781886 -1.953553 0.000000
vt -1.885440 -2.033013 0.000000
vt -0.531538 -0.670000 0.000000
vt -0.641285 -0.670000 0.000000
vt -1.652477 -1.470590 0.000000
vt -1.635440 -1.600000 0.000000
vt -0.641285 -0.500000 0.000000
vt -1.885440 -1.166987 0.000000
vt -1.781886 -1.246447 0.000000
vt -1.702427 -1.350000 0.000000
vt -0.531538 -0.500000 0.000000
vt -0.531538 -0.000000 0.000000
vt -2.006030 -1.117037 0.000000
vt -2.135440 -1.100000 0.000000
vt -3.739341 -0.000000 0.000000
vt -2.264849 -1.117037 0.000000
vt -3.629595 -0.500000 0.000000
vt -2.385440 -1.166987 0.000000
vt -2.488993 -1.246447 0.000000
vt -3.739341 -0.500000 0.000000
vt -1.652477 -1.729410 0.000000
vt -2.006030 -2.082963 0.000000
vt -2.488993 -1.953553 0.000000
vt 2.739341 -2.800000 0.000000
vt 2.135440 -2.100000 0.000000
vt 1.531538 -2.800000 0.000000
vt 2.006030 -2.082963 0.000000
vt 1.885440 -2.033013 0.000000
vt 3.739341 -1.800000 0.000000
vt 2.568453 -1.850000 0.000000
vt 2.488993 -1.953553 0.000000
vt 2.385440 -2.033013 0.000000
vt 3.739341 -0.670000 0.000000
vt 3.629595 -0.670000 0.000000
vt 2.618403 -1.470590 0.000000
vt 2.635440 -1.600000 0.000000
vt 3.629595 -0.500000 0.000000
vt 2.385440 -1.166987 0.000000
vt 2.488993 -1.246447 0.000000
vt 2.568453 -1.350000 0.000000
vt 3.739341 -0.500000 0.000000
vt 3.739341 -0.000000 0.000000
vt 2.264849 -1.117037 0.000000
vt 2.135440 -1.100000 0.000000
vt 0.531538 -0.000000 0.000000
vt 2.006030 -1.117037 0.000000
vt 0.641285 -0.500000 0.000000
vt 1.885440 -1.166987 0.000000
vt 0.641285 -0.670000 0.000000
vt 1.781886 -1.246447 0.000000
vt 1.702427 -1.350000 0.000000
vt 1.652477 -1.470590 0.000000
vt 0.531538 -1.800000 0.000000
vt 1.635440 -1.600000 0.000000
vt 1.652477 -1.729410 0.000000
vt 1.702427 -1.850000 0.000000
vt 1.781886 -1.953553 0.000000
vt 0.531538 -0.500000 0.000000
vt 0.531538 -0.670000 0.000000
vt 2.618403 -1.729410 0.000000
vt 2.264849 -2.082963 0.000000
vt 0.700000 -0.603901 0.000000
vt 1.750000 -0.000000 0.000000
vt 0.700000 0.603901 0.000000
vt 1.722915 0.306698 0.000000
vt 1.642499 0.603901 0.000000
vt 1.642499 -0.603901 0.000000
vt 1.722915 -0.306698 0.000000
vt -1.642499 0.603901 0.000000
vt -1.722915 0.306698 0.000000
vt -0.700000 0.603901 0.000000
vt -1.750000 0.000000 0.000000
vt -0.700000 -0.603901 0.000000
vt -1.722915 -0.306698 0.000000
vt -1.642499 -0.603901 0.000000
vt 1.606821 -0.375000 0.000000
vt 0.250000 -0.375000 0.000000
vt 1.509351 -0.666603 0.000000
vt 0.375000 -0.783494 0.000000
vt 0.426777 -0.823223 0.000000
vt 0.250000 -0.750000 0.000000
vt 0.314705 -0.758519 0.000000
vt 1.359471 -0.935060 0.000000
vt 0.466506 -0.875000 0.000000
vt 0.491481 -0.935295 0.000000
vt 0.500000 -1.000000 0.000000
vt 1.162387 -1.171049 0.000000
vt 0.491481 -1.064705 0.000000
vt 0.466506 -1.125000 0.000000
vt 0.924941 -1.366376 0.000000
vt 0.426777 -1.176777 0.000000
vt 0.375000 -1.216506 0.000000
vt 0.655379 -1.514258 0.000000
vt 0.314705 -1.241481 0.000000
vt 0.250000 -1.250000 0.000000
vt -1.077033 -1.250000 0.000000
vt -0.826421 -1.428120 0.000000
vt -0.547114 -1.556652 0.000000
vt -0.248809 -1.631133 0.000000
vt 0.058135 -1.648976 0.000000
vt 0.363060 -1.609561 0.000000
vt 0.324496 -2.265105 0.000000
vt 0.525255 -2.500000 0.000000
vt 2.000000 -2.000000 0.000000
vt 2.000000 -2.500000 0.000000
vt 2.064705 -2.491481 0.000000
vt 2.064705 -2.008519 0.000000
vt 2.125000 -2.466506 0.000000
vt 2.125000 -2.033494 0.000000
vt 2.176777 -2.426777 0.000000
vt 2.176777 -2.073223 0.000000
vt 2.216506 -2.375000 0.000000
vt 2.216506 -2.125000 0.000000
vt 2.241481 -2.314705 0.000000
vt 2.241481 -2.185295 0.000000
vt 2.250000 -2.250000 0.000000
vt 2.000000 -0.500000 0.000000
vt 0.006833 -1.095501 0.000000
vt 0.006833 -1.404499 0.000000
vt 0.061180 -1.708681 0.000000
vt 2.064705 -0.491481 0.000000
vt 2.000000 -0.000000 0.000000
vt 0.525255 -0.000000 0.000000
vt 0.324496 -0.234895 0.000000
vt 2.064705 -0.008519 0.000000
vt 2.125000 -0.466506 0.000000
vt 2.125000 -0.033494 0.000000
vt 2.176777 -0.426777 0.000000
vt 2.176777 -0.073223 0.000000
vt 2.216506 -0.375000 0.000000
vt 2.216506 -0.125000 0.000000
vt 2.241481 -0.314705 0.000000
vt 2.241481 -0.185295 0.000000
vt 2.250000 -0.250000 0.000000
vt 0.168180 -0.501438 0.000000
vt 0.061180 -0.791319 0.000000
vt 0.168180 -1.998562 0.000000
vt 0.000000 2.000000 0.000000
vt -1.327033 2.000000 0.000000
vt -0.000000 0.000000 0.000000
vt -1.474745 -0.000000 0.000000
vt -1.474745 1.900000 0.000000
vt 1.474745 1.900000 0.000000
vt 1.327033 2.000000 0.000000
vt 1.474745 -0.000000 0.000000
vt -0.000000 0.000000 0.000000
vt -0.000000 2.000000 0.000000
vt -0.875000 2.000000 0.000000
vt -0.933342 1.916535 0.000000
vt -0.500000 2.000000 0.000000
vt -0.968542 1.162500 0.000000
vt -0.936074 1.084116 0.000000
vt -1.020190 1.229810 0.000000
vt -1.009863 1.849344 0.000000
vt -1.087500 1.281458 0.000000
vt -1.100172 1.802286 0.000000
vt -1.165884 1.313926 0.000000
vt -1.199083 1.778061 0.000000
vt -1.250000 1.325000 0.000000
vt -1.300917 1.778061 0.000000
vt -1.334116 1.313926 0.000000
vt -1.399828 1.802286 0.000000
vt -1.412500 1.281458 0.000000
vt -1.490137 1.849344 0.000000
vt -1.479810 1.229810 0.000000
vt -1.566658 1.916535 0.000000
vt -1.531458 1.162500 0.000000
vt -2.000000 2.000000 0.000000
vt -1.563926 1.084116 0.000000
vt -1.575000 1.000000 0.000000
vt -2.000000 0.000000 0.000000
vt -1.563926 0.915884 0.000000
vt -1.531458 0.837500 0.000000
vt -1.479810 0.770190 0.000000
vt -1.412500 0.718542 0.000000
vt -1.334116 0.686074 0.000000
vt -1.250000 0.675000 0.000000
vt -0.500000 0.000000 0.000000
vt -1.165884 0.686074 0.000000
vt -1.087500 0.718542 0.000000
vt -1.020190 0.770190 0.000000
vt -0.968542 0.837500 0.000000
vt -0.936074 0.915884 0.000000
vt -0.925000 1.000000 0.000000
vt -1.625000 2.000000 0.000000
vt -0.141421 5.046807 0.000000
vt -0.141421 4.738950 0.000000
vt -0.000000 4.950938 0.000000
vt 0.000000 4.633699 0.000000
vt -0.141421 4.431093 0.000000
vt 0.000000 4.316459 0.000000
vt -0.141421 4.123236 0.000000
vt 0.000000 3.999220 0.000000
vt -0.141421 3.815380 0.000000
vt 0.000000 3.681981 0.000000
vt -0.141421 3.507523 0.000000
vt 0.000000 3.364741 0.000000
vt -0.141421 3.199666 0.000000
vt 0.000000 3.047502 0.000000
vt -0.141421 2.891809 0.000000
vt 0.000000 2.730262 0.000000
vt -0.141421 2.583952 0.000000
vt 0.000000 2.413023 0.000000
vt -0.141421 2.276095 0.000000
vt 0.000000 2.095784 0.000000
vt -0.141421 1.968239 0.000000
vt 0.000000 1.778544 0.000000
vt -0.141421 1.660382 0.000000
vt 0.000000 1.461305 0.000000
vt -0.141421 1.352525 0.000000
vt 0.206259 0.142350 0.000000
vt -0.011074 0.084116 0.000000
vt 0.225000 0.000000 0.000000
vt -0.000000 0.000000 0.000000
vt 0.206259 -0.142350 0.000000
vt -0.011074 -0.084116 0.000000
vt -0.043542 -0.162500 0.000000
vt -0.043542 0.162500 0.000000
vt 0.151314 0.275000 0.000000
vt -0.095190 0.229810 0.000000
vt 0.063909 0.388909 0.000000
vt -0.162500 0.281458 0.000000
vt -0.050000 0.476314 0.000000
vt -0.240884 0.313926 0.000000
vt -0.182650 0.531259 0.000000
vt -0.325000 0.325000 0.000000
vt -0.325000 0.550000 0.000000
vt -0.467350 0.531259 0.000000
vt -0.409116 0.313926 0.000000
vt -0.600000 0.476314 0.000000
vt -0.487500 0.281458 0.000000
vt -0.713909 0.388909 0.000000
vt -0.554810 0.229810 0.000000
vt -0.801314 0.275000 0.000000
vt -0.606458 0.162500 0.000000
vt -0.856259 0.142350 0.000000
vt -0.638926 0.084116 0.000000
vt -0.875000 -0.000000 0.000000
vt -0.650000 -0.000000 0.000000
vt -0.638926 -0.084116 0.000000
vt -0.856259 -0.142350 0.000000
vt -0.606458 -0.162500 0.000000
vt -0.801314 -0.275000 0.000000
vt -0.554810 -0.229810 0.000000
vt -0.713909 -0.388909 0.000000
vt -0.487500 -0.281458 0.000000
vt -0.600000 -0.476314 0.000000
vt -0.409116 -0.313926 0.000000
vt -0.467350 -0.531259 0.000000
vt -0.325000 -0.325000 0.000000
vt -0.325000 -0.550000 0.000000
vt -0.182650 -0.531259 0.000000
vt -0.240884 -0.313926 0.000000
vt -0.050000 -0.476314 0.000000
vt -0.162500 -0.281458 0.000000
vt 0.063909 -0.388909 0.000000
vt -0.095190 -0.229810 0.000000
vt 0.151314 -0.275000 0.000000
vt -1.400000 -0.531538 0.000000
vt -1.400000 -3.739341 0.000000
vt -1.127716 -0.438513 0.000000
vt -1.127716 -3.832366 0.000000
vt -0.843868 -0.391364 0.000000
vt -0.843868 -3.879516 0.000000
vt -0.556132 -3.879516 0.000000
vt -0.556132 -0.391364 0.000000
vt -0.272284 -3.832366 0.000000
vt -0.272284 -0.438513 0.000000
vt 0.000000 -3.739341 0.000000
vt 0.000000 -0.531538 0.000000
vt -3.413901 0.700000 0.000000
vt -3.304155 0.700000 0.000000
vt -3.264275 0.973439 0.000000
vt -3.146249 0.967956 0.000000
vt -3.068512 1.215996 0.000000
vt -2.940863 1.201519 0.000000
vt -2.695297 1.392390 0.000000
vt -2.832823 1.419976 0.000000
vt -2.418274 1.533787 0.000000
vt -2.564686 1.578908 0.000000
vt -2.119638 1.620686 0.000000
vt -2.272606 1.687749 0.000000
vt -1.965850 1.743046 0.000000
vt -1.810000 1.650000 0.000000
vt -1.654150 1.743046 0.000000
vt -1.500362 1.620686 0.000000
vt -1.347394 1.687749 0.000000
vt -1.055314 1.578908 0.000000
vt -1.201726 1.533787 0.000000
vt -0.787177 1.419976 0.000000
vt -0.924703 1.392390 0.000000
vt -0.551488 1.215996 0.000000
vt -0.679137 1.201519 0.000000
vt -0.473751 0.967956 0.000000
vt -0.355725 0.973439 0.000000
vt -0.315845 0.700000 0.000000
vt -0.206099 0.700000 0.000000
vt 7.670000 4.460721 0.000000
vt 7.500000 4.460721 0.000000
vt 7.670000 4.149237 0.000000
vt 7.500000 4.149237 0.000000
vt 7.670000 3.837752 0.000000
vt 7.500000 3.837752 0.000000
vt 7.670000 3.526268 0.000000
vt 7.500000 3.526268 0.000000
vt 7.670000 3.214783 0.000000
vt 7.500000 3.214783 0.000000
vt 7.670000 2.903299 0.000000
vt 7.500000 2.903299 0.000000
vt 7.670000 2.591814 0.000000
vt 7.500000 2.591814 0.000000
vt 7.670000 2.280329 0.000000
vt 7.500000 2.280329 0.000000
vt 7.670000 1.968845 0.000000
vt 7.500000 1.968845 0.000000
vt 7.670000 1.657360 0.000000
vt 7.500000 1.657360 0.000000
vt 7.670000 1.345876 0.000000
vt 7.500000 1.345876 0.000000
vt 7.670000 1.034391 0.000000
vt 7.500000 1.034391 0.000000
vt 7.670000 0.722906 0.000000
vt 7.500000 0.722906 0.000000
vt 0.206099 0.700000 0.000000
vt 0.315845 0.700000 0.000000
vt 0.355725 0.973439 0.000000
vt 0.473751 0.967956 0.000000
vt 0.551488 1.215996 0.000000
vt 0.679137 1.201519 0.000000
vt 0.924703 1.392390 0.000000
vt 0.787177 1.419976 0.000000
vt 1.201726 1.533787 0.000000
vt 1.055314 1.578908 0.000000
vt 1.500362 1.620686 0.000000
vt 1.347394 1.687749 0.000000
vt 1.654150 1.743046 0.000000
vt 1.810000 1.650000 0.000000
vt 1.965850 1.743046 0.000000
vt 2.119638 1.620686 0.000000
vt 2.272606 1.687749 0.000000
vt 2.564686 1.578908 0.000000
vt 2.418274 1.533787 0.000000
vt 2.832823 1.419976 0.000000
vt 2.695297 1.392390 0.000000
vt 3.068512 1.215996 0.000000
vt 2.940863 1.201519 0.000000
vt 3.146249 0.967956 0.000000
vt 3.264275 0.973439 0.000000
vt 3.304155 0.700000 0.000000
vt 3.413901 0.700000 0.000000
vt 3.413901 -0.700000 0.000000
vt 3.304155 -0.700000 0.000000
vt 3.264275 -0.973439 0.000000
vt 3.146249 -0.967956 0.000000
vt 3.068512 -1.215996 0.000000
vt 2.940863 -1.201519 0.000000
vt 2.695297 -1.392390 0.000000
vt 2.832823 -1.419976 0.000000
vt 2.418274 -1.533787 0.000000
vt 2.564686 -1.578908 0.000000
vt 2.119638 -1.620686 0.000000
vt 2.272606 -1.687749 0.000000
vt 1.965850 -1.743046 0.000000
vt 1.810000 -1.650000 0.000000
vt 1.654150 -1.743046 0.000000
vt 1.500362 -1.620686 0.000000
vt 1.347394 -1.687749 0.000000
vt 1.055314 -1.578908 0.000000
vt 1.201726 -1.533787 0.000000
vt 0.787177 -1.419976 0.000000
vt 0.924703 -1.392390 0.000000
vt 0.551488 -1.215996 0.000000
vt 0.679137 -1.201519 0.000000
vt 0.473751 -0.967956 0.000000
vt 0.355725 -0.973439 0.000000
vt 0.315845 -0.700000 0.000000
vt 0.206099 -0.700000 0.000000
vt 7.670000 -0.722906 0.000000
vt 7.500000 -0.722906 0.000000
vt 7.670000 -1.034391 0.000000
vt 7.500000 -1.034391 0.000000
vt 7.670000 -1.345876 0.000000
vt 7.500000 -1.345876 0.000000
vt 7.670000 -1.657360 0.000000
vt 7.500000 -1.657360 0.000000
vt 7.670000 -1.968845 0.000000
vt 7.500000 -1.968845 0.000000
vt 7.670000 -2.280329 0.000000
vt 7.500000 -2.280329 0.000000
vt 7.670000 -2.591814 0.000000
vt 7.500000 -2.591814 0.000000
vt 7.670000 -2.903299 0.000000
vt 7.500000 -2.903299 0.000000
vt 7.670000 -3.214783 0.000000
vt 7.500000 -3.214783 0.000000
vt 7.670000 -3.526268 0.000000
vt 7.500000 -3.526268 0.000000
vt 7.670000 -3.837752 0.000000
vt 7.500000 -3.837752 0.000000
vt 7.670000 -4.149237 0.000000
vt 7.500000 -4.149237 0.000000
vt 7.670000 -4.460721 0.000000
vt 7.500000 -4.460721 0.000000
vt -0.206099 -0.700000 0.000000
vt -0.315845 -0.700000 0.000000
vt -0.355725 -0.973439 0.000000
vt -0.473751 -0.967956 0.000000
vt -0.551488 -1.215996 0.000000
vt -0.679137 -1.201519 0.000000
vt -0.924703 -1.392390 0.000000
vt -0.787177 -1.419976 0.000000
vt -1.201726 -1.533787 0.000000
vt -1.055314 -1.578908 0.000000
vt -1.500362 -1.620686 0.000000
vt -1.347394 -1.687749 0.000000
vt -1.654150 -1.743046 0.000000
vt -1.810000 -1.650000 0.000000
vt -1.965850 -1.743046 0.000000
vt -2.119638 -1.620686 0.000000
vt -2.272606 -1.687749 0.000000
vt -2.564686 -1.578908 0.000000
vt -2.418274 -1.533787 0.000000
vt -2.832823 -1.419976 0.000000
vt -2.695297 -1.392390 0.000000
vt -3.068512 -1.215996 0.000000
vt -2.940863 -1.201519 0.000000
vt -3.146249 -0.967956 0.000000
vt -3.264275 -0.973439 0.000000
vt -3.304155 -0.700000 0.000000
vt -3.413901 -0.700000 0.000000
vt -1.414214 3.392499 0.000000
vt -1.414214 2.450000 0.000000
vt -1.184650 3.323339 0.000000
vt -0.966102 3.238184 0.000000
vt -0.760791 3.137901 0.000000
vt -0.570806 3.023509 0.000000
vt -0.398076 2.896171 0.000000
vt -0.244358 2.757180 0.000000
vt -0.111215 2.607951 0.000000
vt 0.000000 2.450000 0.000000
vt 0.000000 1.050000 0.000000
vt -1.414214 1.050000 0.000000
vt -0.111215 0.892049 0.000000
vt -0.244358 0.742820 0.000000
vt -0.398076 0.603829 0.000000
vt -0.570806 0.476491 0.000000
vt -0.760791 0.362099 0.000000
vt -0.966102 0.261816 0.000000
vt -1.184650 0.176661 0.000000
vt -1.414214 0.107501 0.000000
vt -0.000000 2.450000 0.000000
vt 1.414214 2.450000 0.000000
vt 0.111215 2.607951 0.000000
vt 0.244358 2.757180 0.000000
vt 0.398076 2.896171 0.000000
vt 0.570806 3.023509 0.000000
vt 0.760791 3.137901 0.000000
vt 0.966102 3.238184 0.000000
vt 1.184650 3.323339 0.000000
vt 1.414214 3.392499 0.000000
vt 1.414214 0.107501 0.000000
vt 1.414214 1.050000 0.000000
vt 1.184650 0.176661 0.000000
vt 0.966102 0.261816 0.000000
vt 0.760791 0.362099 0.000000
vt 0.570806 0.476491 0.000000
vt 0.398076 0.603829 0.000000
vt 0.244358 0.742820 0.000000
vt 0.111215 0.892049 0.000000
vt -0.000000 1.050000 0.000000
vt 1.500000 -0.208232 0.000000
vt 0.143179 -0.208232 0.000000
vt 1.500000 -0.310311 0.000000
vt 0.026087 -0.333059 0.000000
vt 1.500000 -0.412390 0.000000
vt 0.016241 -0.415229 0.000000
vt 0.007636 -0.499979 0.000000
vt 1.500000 -0.514470 0.000000
vt 0.001975 -0.584912 0.000000
vt 1.500000 -0.616549 0.000000
vt -0.000000 -0.667588 0.000000
vt 1.500000 -0.718628 0.000000
vt 0.001975 -0.750265 0.000000
vt 1.500000 -0.820707 0.000000
vt 0.007636 -0.835198 0.000000
vt 1.500000 -0.922787 0.000000
vt 0.016241 -0.919948 0.000000
vt 0.026087 -1.002118 0.000000
vt 1.500000 -1.024866 0.000000
vt 0.143179 -1.126945 0.000000
vt 1.500000 -1.126945 0.000000
vn -0.000000 0.019311 -0.098118
vn -0.000000 -0.000000 -0.100000
vn -0.000000 0.000000 -0.100000
vn -0.000000 -0.019311 -0.098118
vn -0.000000 -0.025882 -0.096593
vn -0.000000 -0.038370 -0.092346
vn -0.000000 -0.050000 -0.086603
vn -0.000000 -0.055860 -0.082943
vn -0.000000 -0.070711 -0.070711
vn -0.000000 -0.070717 -0.070704
vn 0.000000 -0.082952 -0.055847
vn 0.000000 -0.086603 -0.050000
vn 0.000000 -0.092349 -0.038362
vn 0.000000 -0.096593 -0.025882
vn 0.000000 -0.098118 -0.019308
vn 0.000000 -0.100000 -0.000000
vn 0.000000 -0.100000 0.000000
vn 0.000000 -0.098118 0.019308
vn 0.000000 -0.096593 0.025882
vn 0.000000 -0.092349 0.038362
vn 0.000000 -0.086603 0.050000
vn 0.000000 -0.082952 0.055847
vn 0.000000 -0.070711 0.070711
vn 0.000000 -0.070717 0.070704
vn 0.000000 -0.055860 0.082943
vn 0.000000 -0.050000 0.086603
vn 0.000000 -0.038370 0.092346
vn 0.000000 -0.025882 0.096593
vn 0.000000 -0.019311 0.098118
vn 0.000000 0.000000 0.100000
vn 0.000000 0.000000 0.100000
vn 0.000000 0.019311 0.098118
vn 0.000000 0.025882 0.096593
vn 0.000000 0.038370 0.092346
vn 0.000000 0.050000 0.086603
vn 0.000000 0.055860 0.082943
vn 0.000000 0.070711 0.070711
vn 0.000000 0.070717 0.070704
vn -0.000000 0.082952 0.055847
vn -0.000000 0.086603 0.050000
vn -0.000000 0.092349 0.038362
vn -0.000000 0.096593 0.025882
vn -0.000000 0.098118 0.019308
vn -0.000000 0.100000 0.000000
vn -0.000000 0.100000 0.000000
vn -0.000000 0.098118 -0.019308
vn -0.000000 0.096593 -0.025882
vn -0.000000 0.092349 -0.038362
vn -0.000000 0.086603 -0.050000
vn -0.000000 0.082952 -0.055847
vn -0.000000 0.070711 -0.070711
vn -0.000000 0.070717 -0.070704
vn -0.000000 0.055860 -0.082943
vn -0.000000 0.050000 -0.086603
vn -0.000000 0.038370 -0.092346
vn -0.000000 0.025882 -0.096593
vn 0.000000 -0.096593 0.025882
vn 0.000000 -0.098118 0.019308
vn 0.000000 -0.100000 -0.000000
vn 0.000000 -0.100000 -0.000000
vn 0.000000 -0.098118 -0.019308
vn 0.000000 -0.092349 0.038362
vn 0.000000 -0.086603 0.050000
vn 0.000000 -0.082952 0.055847
vn 0.000000 -0.070711 0.070711
vn 0.000000 -0.070717 0.070704
vn 0.000000 -0.055860 0.082943
vn 0.000000 -0.050000 0.086603
vn 0.000000 -0.038370 0.092346
vn 0.000000 -0.025882 0.096593
vn 0.000000 -0.019311 0.098118
vn 0.000000 0.000000 0.100000
vn 0.000000 0.000000 0.100000
vn 0.000000 0.019311 0.098118
vn 0.000000 0.025882 0.096593
vn 0.000000 0.038370 0.092346
vn 0.000000 0.050000 0.086603
vn 0.000000 0.055860 0.082943
vn 0.000000 0.070711 0.070711
vn 0.000000 0.070717 0.070704
vn -0.000000 0.082952 0.055847
vn -0.000000 0.086603 0.050000
vn -0.000000 0.092349 0.038362
vn -0.000000 0.096593 0.025882
vn -0.000000 0.098118 0.019308
vn -0.000000 0.100000 0.000000
vn -0.000000 0.100000 0.000000
vn -0.000000 0.098118 -0.019308
vn -0.000000 0.096593 -0.025882
vn -0.000000 0.092349 -0.038362
vn -0.000000 0.086603 -0.050000
vn -0.000000 0.082952 -0.055847
vn -0.000000 0.070711 -0.070711
vn -0.000000 0.070717 -0.070704
vn -0.000000 0.055860 -0.082943
vn -0.000000 0.050000 -0.086603
vn -0.000000 0.038370 -0.092346
vn -0.000000 0.025882 -0.096593
vn -0.000000 0.019311 -0.098118
vn -0.000000 0.000000 -0.100000
vn -0.000000 -0.000000 -0.100000
vn -0.000000 -0.019311 -0.098118
vn -0.000000 -0.025882 -0.096593
vn -0.000000 -0.038370 -0.092346
vn -0.000000 -0.050000 -0.086603
vn -0.000000 -0.055860 -0.082943
vn -0.000000 -0.070711 -0.070711
vn -0.000000 -0.070717 -0.070704
vn 0.000000 -0.082952 -0.055847
vn 0.000000 -0.086603 -0.050000
vn 0.000000 -0.092349 -0.038362
vn 0.000000 -0.096593 -0.025882
vn 0.000000 -0.096593 0.025882
vn 0.000000 -0.098115 0.019325
vn 0.000000 -0.100000 0.000000
vn 0.000000 -0.100000 0.000000
vn 0.000000 -0.098115 -0.019325
vn 0.000000 -0.092341 0.038381
vn 0.000000 -0.086603 0.050000
vn 0.000000 -0.082946 0.055857
vn 0.000000 -0.070711 0.070711
vn 0.000000 -0.070720 0.070701
vn 0.000000 -0.055876 0.082933
vn 0.000000 -0.050000 0.086603
vn 0.000000 -0.038394 0.092336
vn 0.000000 -0.025882 0.096593
vn 0.000000 -0.019330 0.098114
vn 0.000000 0.000000 0.100000
vn 0.000000 0.000000 0.100000
vn 0.000000 0.019330 0.098114
vn 0.000000 0.025882 0.096593
vn 0.000000 0.038394 0.092336
vn 0.000000 0.050000 0.086603
vn 0.000000 0.055876 0.082933
vn 0.000000 0.070711 0.070711
vn 0.000000 0.070720 0.070701
vn -0.000000 0.082946 0.055857
vn -0.000000 0.086603 0.050000
vn -0.000000 0.092341 0.038381
vn -0.000000 0.096593 0.025882
vn -0.000000 0.098115 0.019325
vn -0.000000 0.100000 0.000000
vn -0.000000 0.100000 0.000000
vn -0.000000 0.098115 -0.019325
vn -0.000000 0.096593 -0.025882
vn -0.000000 0.092341 -0.038381
vn -0.000000 0.086603 -0.050000
vn -0.000000 0.082946 -0.055857
vn -0.000000 0.070711 -0.070711
vn -0.000000 0.070720 -0.070701
vn -0.000000 0.055876 -0.082933
vn -0.000000 0.050000 -0.086603
vn -0.000000 0.038394 -0.092336
vn -0.000000 0.025882 -0.096593
vn -0.000000 0.019330 -0.098114
vn -0.000000 0.000000 -0.100000
vn -0.000000 0.000000 -0.100000
vn -0.000000 -0.019330 -0.098114
vn -0.000000 -0.025882 -0.096593
vn -0.000000 -0.038394 -0.092336
vn -0.000000 -0.050000 -0.086603
vn -0.000000 -0.055876 -0.082933
vn -0.000000 -0.070711 -0.070711
vn -0.000000 -0.070720 -0.070701
vn 0.000000 -0.082946 -0.055857
vn 0.000000 -0.086603 -0.050000
vn 0.000000 -0.092341 -0.038381
vn 0.000000 -0.096593 -0.025882
vn 0.000000 -0.096593 0.025882
vn 0.000000 -0.096593 0.025882
vn 0.000000 -0.100000 0.000000
vn 0.000000 -0.100000 0.000000
vn 0.000000 -0.096593 -0.025882
vn 0.000000 -0.096593 -0.025882
vn 0.000000 -0.086603 -0.050000
vn 0.000000 -0.086603 -0.050000
vn -0.000000 -0.070711 -0.070711
vn -0.000000 -0.070711 -0.070711
vn -0.000000 -0.050000 -0.086603
vn -0.000000 -0.050000 -0.086603
vn -0.000000 -0.025882 -0.096593
vn -0.000000 -0.025882 -0.096593
vn -0.000000 0.000000 -0.100000
vn -0.000000 0.000000 -0.100000
vn -0.000000 0.025882 -0.096593
vn -0.000000 0.025882 -0.096593
vn -0.000000 0.050000 -0.086603
vn -0.000000 0.050000 -0.086603
vn -0.000000 0.070711 -0.070711
vn -0.000000 0.070711 -0.070711
vn -0.000000 0.086603 -0.050000
vn -0.000000 0.086603 -0.050000
vn -0.000000 0.096593 -0.025882
vn -0.000000 0.096593 -0.025882
vn -0.000000 0.100000 -0.000000
vn -0.000000 0.100000 -0.000000
vn -0.000000 0.096593 0.025882
vn -0.000000 0.096593 0.025882
vn -0.000000 0.086603 0.050000
vn -0.000000 0.086603 0.050000
vn 0.000000 0.070711 0.070711
vn 0.000000 0.070711 0.070711
vn 0.000000 0.050000 0.086603
vn 0.000000 0.050000 0.086603
vn 0.000000 0.025882 0.096593
vn 0.000000 0.025882 0.096593
vn 0.000000 0.000000 0.100000
vn 0.000000 0.000000 0.100000
vn 0.000000 -0.025882 0.096593
vn 0.000000 -0.025882 0.096593
vn 0.000000 -0.050000 0.086603
vn 0.000000 -0.050000 0.086603
vn 0.000000 -0.070711 0.070711
vn 0.000000 -0.070711 0.070711
vn 0.000000 -0.086603 0.050000
vn 0.000000 -0.086603 0.050000
vn 0.000000 -0.100000 0.000000
vn 0.000000 -0.100000 0.000000
vn -0.025882 -0.096593 0.000000
vn -0.025882 -0.096593 0.000000
vn -0.050000 -0.086603 0.000000
vn -0.050000 -0.086603 0.000000
vn -0.070711 -0.070711 0.000000
vn -0.070711 -0.070711 0.000000
vn -0.086603 -0.050000 0.000000
vn -0.086603 -0.050000 0.000000
vn -0.096593 -0.025882 0.000000
vn -0.096593 -0.025882 0.000000
vn -0.100000 -0.000000 0.000000
vn -0.100000 -0.000000 0.000000
vn -0.096593 0.025882 0.000000
vn -0.096593 0.025882 0.000000
vn -0.086603 0.050000 0.000000
vn -0.086603 0.050000 0.000000
vn -0.070711 0.070711 0.000000
vn -0.070711 0.070711 0.000000
vn -0.050000 0.086603 0.000000
vn -0.050000 0.086603 0.000000
vn -0.025882 0.096593 0.000000
vn -0.025882 0.096593 0.000000
vn -0.000000 0.100000 -0.000000
vn -0.000000 0.100000 -0.000000
vn -0.025882 0.096593 0.000000
vn -0.050000 0.086603 0.000000
vn -0.070711 0.070711 0.000000
vn -0.086603 0.050000 0.000000
vn -0.096593 0.025882 0.000000
vn -0.100000 -0.000000 0.000000
vn -0.096593 -0.025882 0.000000
vn -0.086603 -0.050000 0.000000
vn -0.070711 -0.070711 0.000000
vn -0.050000 -0.086603 0.000000
vn -0.025882 -0.096593 0.000000
vn 0.000000 -0.100000 0.000000
vn 0.000000 -0.100000 0.000000
vn -0.025882 -0.096593 0.000000
vn -0.025882 -0.096593 0.000000
vn -0.050000 -0.086603 0.000000
vn -0.050000 -0.086603 0.000000
vn -0.070711 -0.070711 0.000000
vn -0.070711 -0.070711 0.000000
vn -0.086603 -0.050000 0.000000
vn -0.086603 -0.050000 0.000000
vn -0.096593 -0.025882 0.000000
vn -0.096593 -0.025882 0.000000
vn -0.100000 -0.000000 0.000000
vn -0.100000 -0.000000 0.000000
vn -0.096593 0.025882 0.000000
vn -0.096593 0.025882 0.000000
vn -0.086603 0.050000 0.000000
vn -0.086603 0.050000 0.000000
vn -0.070711 0.070711 0.000000
vn -0.070711 0.070711 0.000000
vn -0.050000 0.086603 0.000000
vn -0.050000 0.086603 0.000000
vn -0.025882 0.096593 0.000000
vn -0.025882 0.096593 0.000000
vn -0.000000 0.100000 -0.000000
vn -0.000000 0.100000 -0.000000
vn -0.025882 0.096593 0.000000
vn -0.050000 0.086603 0.000000
vn -0.070711 0.070711 0.000000
vn -0.086603 0.050000 0.000000
vn -0.096593 0.025882 0.000000
vn -0.100000 -0.000000 0.000000
vn -0.096593 -0.025882 0.000000
vn -0.086603 -0.050000 0.000000
vn -0.070711 -0.070711 0.000000
vn -0.050000 -0.086603 0.000000
vn -0.025882 -0.096593 0.000000
vn -0.081457 -0.058006 0.000000
vn -0.081141 -0.058447 0.000000
vn -0.069985 -0.071429 0.000000
vn -0.069485 -0.071915 0.000000
vn -0.069985 -0.071429 0.000000
vn -0.055976 -0.082865 0.000000
vn -0.055625 -0.083101 0.000000
vn -0.040137 -0.091592 0.000000
vn -0.040000 -0.091652 0.000000
vn -0.040000 -0.091652 0.000000
vn -0.090223 -0.043125 0.000000
vn -0.090390 -0.042775 0.000000
vn -0.096443 -0.026435 0.000000
vn -0.096504 -0.026210 0.000000
vn -0.099603 -0.008906 0.000000
vn -0.099610 -0.008829 0.000000
vn -0.099610 0.008829 0.000000
vn -0.099603 0.008906 0.000000
vn -0.096504 0.026210 0.000000
vn -0.096443 0.026435 0.000000
vn -0.090390 0.042775 0.000000
vn -0.090223 0.043125 0.000000
vn -0.081457 0.058006 0.000000
vn -0.081141 0.058447 0.000000
vn -0.069985 0.071429 0.000000
vn -0.069485 0.071915 0.000000
vn -0.069985 0.071429 0.000000
vn -0.055976 0.082865 0.000000
vn -0.055625 0.083101 0.000000
vn -0.040137 0.091592 0.000000
vn -0.040000 0.091652 0.000000
vn -0.040000 0.091652 0.000000
vn -0.024441 0.096967 0.000000
vn -0.022984 0.097323 0.000000
vn -0.008221 0.099661 0.000000
vn -0.005080 0.099871 0.000000
vn 0.008221 0.099661 -0.000000
vn 0.012990 0.099153 -0.000000
vn 0.024441 0.096967 -0.000000
vn 0.030635 0.095192 -0.000000
vn 0.040000 0.091652 -0.000000
vn 0.047279 0.088118 -0.000000
vn 0.055625 0.083101 -0.000000
vn 0.062376 0.078162 -0.000000
vn 0.069485 0.071915 -0.000000
vn 0.075433 0.065649 -0.000000
vn 0.081141 0.058447 -0.000000
vn 0.086023 0.050990 -0.000000
vn 0.090223 0.043125 -0.000000
vn 0.093800 0.034663 -0.000000
vn 0.094933 0.031429 -0.000000
vn 0.095130 0.030827 -0.000000
vn 0.095696 0.029022 -0.000000
vn 0.096544 0.026062 -0.000000
vn 0.098509 0.017202 -0.000000
vn 0.097499 0.022226 -0.000000
vn 0.098447 0.017557 -0.000000
vn 0.099073 0.013585 -0.000000
vn 0.099269 0.012067 -0.000000
vn 0.099564 0.009331 -0.000000
vn 0.099815 0.006074 -0.000000
vn 0.099890 0.004693 -0.000000
vn 0.100000 0.000000 -0.000000
vn 0.100000 0.000000 -0.000000
vn 0.099890 -0.004693 -0.000000
vn 0.099815 -0.006074 -0.000000
vn 0.099564 -0.009331 -0.000000
vn 0.099269 -0.012067 -0.000000
vn 0.099073 -0.013585 -0.000000
vn 0.098447 -0.017557 -0.000000
vn 0.098509 -0.017202 -0.000000
vn 0.097499 -0.022226 -0.000000
vn 0.096544 -0.026062 -0.000000
vn 0.093800 -0.034663 -0.000000
vn 0.095696 -0.029022 -0.000000
vn 0.095130 -0.030827 -0.000000
vn 0.094933 -0.031429 -0.000000
vn 0.096443 -0.026435 -0.000000
vn 0.095130 -0.030827 -0.000000
vn 0.095696 -0.029022 -0.000000
vn 0.096544 -0.026062 -0.000000
vn 0.097499 -0.022226 -0.000000
vn 0.098447 -0.017557 -0.000000
vn 0.099603 -0.008906 -0.000000
vn 0.099269 -0.012067 -0.000000
vn 0.099815 -0.006074 -0.000000
vn 0.100000 0.000000 -0.000000
vn 0.099603 0.008906 -0.000000
vn 0.099815 0.006074 -0.000000
vn 0.099269 0.012067 -0.000000
vn 0.098447 0.017557 -0.000000
vn 0.096443 0.026435 -0.000000
vn 0.097499 0.022226 -0.000000
vn 0.096544 0.026062 -0.000000
vn 0.095696 0.029022 -0.000000
vn 0.095130 0.030827 -0.000000
vn 0.090223 -0.043125 -0.000000
vn 0.086023 -0.050990 -0.000000
vn 0.081141 -0.058447 -0.000000
vn 0.075433 -0.065649 -0.000000
vn 0.069485 -0.071915 -0.000000
vn 0.062376 -0.078162 -0.000000
vn 0.055625 -0.083101 -0.000000
vn 0.047279 -0.088118 -0.000000
vn 0.040000 -0.091652 -0.000000
vn 0.030635 -0.095192 -0.000000
vn 0.024441 -0.096967 -0.000000
vn 0.012990 -0.099153 -0.000000
vn 0.008221 -0.099661 -0.000000
vn -0.005080 -0.099871 0.000000
vn -0.008221 -0.099661 0.000000
vn -0.022984 -0.097323 0.000000
vn -0.024441 -0.096967 0.000000
vn 0.040000 -0.091652 -0.000000
vn 0.040000 0.091652 -0.000000
vn -0.098452 0.017526 0.000000
vn -0.096456 0.026386 0.000000
vn -0.093857 0.034509 0.000000
vn -0.095992 0.028026 0.000000
vn -0.095831 0.028571 0.000000
vn -0.100000 -0.000000 0.000000
vn -0.099397 0.010963 0.000000
vn -0.098719 0.015956 0.000000
vn -0.097938 0.020205 0.000000
vn -0.098452 -0.017526 0.000000
vn -0.099397 -0.010963 0.000000
vn -0.099848 -0.005516 0.000000
vn -0.100000 -0.000000 0.000000
vn -0.093857 -0.034509 0.000000
vn -0.097152 -0.023695 0.000000
vn -0.097938 -0.020205 0.000000
vn -0.098719 -0.015956 0.000000
vn -0.089905 -0.043784 0.000000
vn -0.090223 -0.043125 0.000000
vn -0.095831 -0.028571 0.000000
vn -0.095992 -0.028026 0.000000
vn -0.085039 -0.052615 0.000000
vn -0.081141 -0.058447 0.000000
vn -0.079309 -0.060911 0.000000
vn -0.072772 -0.068587 0.000000
vn -0.069485 -0.071915 0.000000
vn -0.065495 -0.075567 0.000000
vn -0.055625 -0.083101 0.000000
vn -0.057553 -0.081778 0.000000
vn -0.049026 -0.087158 0.000000
vn -0.040000 -0.091652 0.000000
vn -0.040000 -0.091652 0.000000
vn -0.095992 -0.028026 0.000000
vn -0.096443 -0.026435 0.000000
vn -0.096456 -0.026386 0.000000
vn -0.097152 -0.023695 0.000000
vn -0.097938 -0.020205 0.000000
vn -0.098719 -0.015956 0.000000
vn -0.099603 -0.008906 0.000000
vn -0.099397 -0.010963 0.000000
vn -0.099848 -0.005516 0.000000
vn -0.100000 -0.000000 0.000000
vn -0.099603 0.008906 0.000000
vn -0.099848 0.005516 0.000000
vn -0.099397 0.010963 0.000000
vn -0.098719 0.015956 0.000000
vn -0.096443 0.026435 0.000000
vn -0.097938 0.020205 0.000000
vn -0.097152 0.023695 0.000000
vn -0.096456 0.026386 0.000000
vn -0.095992 0.028026 0.000000
vn -0.090223 0.043125 0.000000
vn -0.089905 0.043784 0.000000
vn -0.085039 0.052615 0.000000
vn -0.081141 0.058447 0.000000
vn -0.079309 0.060911 0.000000
vn -0.072772 0.068587 0.000000
vn -0.069485 0.071915 0.000000
vn -0.065495 0.075567 0.000000
vn -0.055625 0.083101 0.000000
vn -0.057553 0.081778 0.000000
vn -0.049026 0.087158 0.000000
vn -0.040000 0.091652 0.000000
vn -0.040000 0.091652 0.000000
vn -0.096456 -0.026386 0.000000
vn -0.099848 0.005516 0.000000
vn -0.097152 0.023695 0.000000
vn 0.000000 0.000000 0.100000
vn 0.000000 0.000000 0.100000
vn 0.000000 0.000000 0.100000
vn 0.000000 0.000000 0.100000
vn 0.000000 0.000000 0.100000
vn 0.000000 0.000000 0.100000
vn 0.000000 0.000000 0.100000
vn 0.000000 0.000000 0.100000
vn 0.000000 0.000000 0.100000
vn 0.000000 0.000000 0.100000
vn 0.000000 0.000000 0.100000
vn 0.000000 0.000000 0.100000
vn 0.000000 0.000000 0.100000
vn 0.000000 0.000000 0.100000
vn 0.000000 0.000000 0.100000
vn 0.000000 0.000000 0.100000
vn 0.000000 0.000000 0.100000
vn 0.000000 0.000000 0.100000
vn 0.000000 0.000000 0.100000
vn 0.000000 0.000000 0.100000
vn 0.000000 0.000000 0.100000
vn 0.000000 0.000000 0.100000
vn 0.000000 0.000000 0.100000
vn 0.000000 0.000000 0.100000
vn 0.000000 0.000000 0.100000
vn 0.000000 0.000000 0.100000
vn 0.069657 -0.012164 0.070711
vn 0.068860 -0.016071 0.070711
vn 0.066327 -0.024510 0.070711
vn 0.064683 -0.028567 0.070711
vn 0.060828 -0.036055 0.070711
vn 0.058260 -0.040072 0.070711
vn 0.053339 -0.046421 0.070711
vn 0.049814 -0.050185 0.070711
vn 0.044107 -0.055269 0.070711
vn 0.039638 -0.058556 0.070711
vn 0.033431 -0.062309 0.070711
vn 0.028086 -0.064893 0.070711
vn 0.021662 -0.067311 0.070711
vn 0.015559 -0.068978 0.070711
vn 0.009185 -0.070112 0.070711
vn 0.002491 -0.070667 0.070711
vn -0.003592 -0.070619 0.070711
vn -0.010663 -0.069902 0.070711
vn -0.016252 -0.068818 0.070711
vn -0.023447 -0.066710 0.070711
vn -0.028381 -0.064765 0.070711
vn -0.035416 -0.061202 0.070711
vn -0.039581 -0.058595 0.070711
vn -0.046156 -0.053569 0.070711
vn -0.049487 -0.050508 0.070711
vn 0.040000 -0.091652 -0.000000
vn 0.049026 -0.087158 -0.000000
vn 0.040000 -0.091652 -0.000000
vn 0.055625 -0.083101 -0.000000
vn 0.057553 -0.081778 -0.000000
vn 0.065495 -0.075567 -0.000000
vn 0.069485 -0.071915 -0.000000
vn 0.072772 -0.068587 -0.000000
vn 0.081141 -0.058447 -0.000000
vn 0.079309 -0.060911 -0.000000
vn 0.085039 -0.052615 -0.000000
vn 0.090223 -0.043125 -0.000000
vn 0.089905 -0.043784 -0.000000
vn 0.093857 -0.034509 -0.000000
vn 0.098452 -0.017526 -0.000000
vn 0.096456 -0.026386 -0.000000
vn 0.095992 -0.028026 -0.000000
vn 0.095831 -0.028571 -0.000000
vn 0.100000 0.000000 -0.000000
vn 0.099397 -0.010963 -0.000000
vn 0.098719 -0.015956 -0.000000
vn 0.097938 -0.020205 -0.000000
vn 0.098452 0.017526 -0.000000
vn 0.099397 0.010963 -0.000000
vn 0.099848 0.005516 -0.000000
vn 0.100000 0.000000 -0.000000
vn 0.093857 0.034509 -0.000000
vn 0.097152 0.023695 -0.000000
vn 0.097938 0.020205 -0.000000
vn 0.098719 0.015956 -0.000000
vn 0.089905 0.043784 -0.000000
vn 0.090223 0.043125 -0.000000
vn 0.096443 0.026435 -0.000000
vn 0.095831 0.028571 -0.000000
vn 0.095992 0.028026 -0.000000
vn 0.096456 0.026386 -0.000000
vn 0.097152 0.023695 -0.000000
vn 0.097938 0.020205 -0.000000
vn 0.098719 0.015956 -0.000000
vn 0.099603 0.008906 -0.000000
vn 0.099397 0.010963 -0.000000
vn 0.099848 0.005516 -0.000000
vn 0.100000 0.000000 -0.000000
vn 0.099603 -0.008906 -0.000000
vn 0.099848 -0.005516 -0.000000
vn 0.099397 -0.010963 -0.000000
vn 0.098719 -0.015956 -0.000000
vn 0.096443 -0.026435 -0.000000
vn 0.097938 -0.020205 -0.000000
vn 0.097152 -0.023695 -0.000000
vn 0.096456 -0.026386 -0.000000
vn 0.095992 -0.028026 -0.000000
vn 0.085039 0.052615 -0.000000
vn 0.081141 0.058447 -0.000000
vn 0.079309 0.060911 -0.000000
vn 0.072772 0.068587 -0.000000
vn 0.069485 0.071915 -0.000000
vn 0.065495 0.075567 -0.000000
vn 0.055625 0.083101 -0.000000
vn 0.057553 0.081778 -0.000000
vn 0.049026 0.087158 -0.000000
vn 0.040000 0.091652 -0.000000
vn 0.040000 0.091652 -0.000000
vn 0.095992 0.028026 -0.000000
vn 0.096456 0.026386 -0.000000
vn 0.099848 -0.005516 -0.000000
vn 0.097152 -0.023695 -0.000000
vn 0.100000 0.000000 -0.000000
vn 0.100000 0.000000 -0.000000
vn 0.100000 0.000000 -0.000000
vn 0.100000 0.000000 -0.000000
vn 0.100000 0.000000 -0.000000
vn 0.100000 0.000000 -0.000000
vn 0.100000 0.000000 -0.000000
vn 0.100000 0.000000 -0.000000
vn 0.100000 0.000000 -0.000000
vn 0.100000 0.000000 -0.000000
vn 0.100000 0.000000 -0.000000
vn 0.100000 0.000000 -0.000000
vn 0.100000 0.000000 -0.000000
vn 0.100000 0.000000 -0.000000
vn 0.100000 0.000000 -0.000000
vn 0.100000 0.000000 -0.000000
vn 0.100000 0.000000 -0.000000
vn 0.100000 0.000000 -0.000000
vn 0.100000 0.000000 -0.000000
vn 0.100000 0.000000 -0.000000
vn 0.100000 0.000000 -0.000000
vn 0.100000 0.000000 -0.000000
vn 0.100000 0.000000 -0.000000
vn 0.100000 0.000000 -0.000000
vn 0.100000 0.000000 -0.000000
vn 0.100000 0.000000 -0.000000
vn 0.100000 0.000000 -0.000000
vn 0.100000 0.000000 -0.000000
vn 0.100000 0.000000 -0.000000
vn 0.100000 0.000000 -0.000000
vn 0.100000 0.000000 -0.000000
vn 0.100000 0.000000 -0.000000
vn 0.100000 0.000000 -0.000000
vn 0.100000 0.000000 -0.000000
vn 0.100000 0.000000 -0.000000
vn 0.100000 0.000000 -0.000000
vn 0.100000 0.000000 -0.000000
vn 0.100000 0.000000 -0.000000
vn -0.100000 -0.000000 0.000000
vn -0.100000 -0.000000 0.000000
vn -0.100000 -0.000000 0.000000
vn -0.100000 -0.000000 0.000000
vn -0.100000 -0.000000 0.000000
vn -0.100000 -0.000000 0.000000
vn -0.100000 -0.000000 0.000000
vn -0.100000 -0.000000 0.000000
vn -0.100000 -0.000000 0.000000
vn -0.100000 -0.000000 0.000000
vn -0.100000 -0.000000 0.000000
vn -0.100000 -0.000000 0.000000
vn -0.100000 -0.000000 0.000000
vn -0.100000 -0.000000 0.000000
vn -0.100000 -0.000000 0.000000
vn -0.100000 -0.000000 0.000000
vn -0.100000 -0.000000 0.000000
vn -0.100000 -0.000000 0.000000
vn -0.100000 -0.000000 0.000000
vn -0.100000 -0.000000 0.000000
vn -0.100000 -0.000000 0.000000
vn -0.100000 -0.000000 0.000000
vn -0.100000 -0.000000 0.000000
vn -0.100000 -0.000000 0.000000
vn -0.100000 -0.000000 0.000000
vn -0.100000 -0.000000 0.000000
vn -0.100000 -0.000000 0.000000
vn -0.100000 -0.000000 0.000000
vn -0.100000 -0.000000 0.000000
vn -0.100000 -0.000000 0.000000
vn -0.100000 -0.000000 0.000000
vn -0.100000 -0.000000 0.000000
vn -0.100000 -0.000000 0.000000
vn -0.100000 -0.000000 0.000000
vn -0.100000 -0.000000 0.000000
vn -0.100000 -0.000000 0.000000
vn -0.100000 -0.000000 0.000000
vn -0.100000 -0.000000 0.000000
vn -0.000000 -0.000000 -0.100000
vn -0.000000 -0.000000 -0.100000
vn -0.000000 -0.000000 -0.100000
vn -0.000000 -0.000000 -0.100000
vn -0.000000 -0.000000 -0.100000
vn -0.000000 -0.000000 -0.100000
vn -0.000000 -0.000000 -0.100000
vn -0.000000 -0.000000 -0.100000
vn -0.000000 -0.000000 -0.100000
vn -0.000000 -0.000000 -0.100000
vn -0.000000 -0.000000 -0.100000
vn -0.000000 -0.000000 -0.100000
vn -0.000000 -0.000000 -0.100000
vn -0.000000 -0.000000 -0.100000
vn 0.000000 0.000000 0.100000
vn 0.000000 0.000000 0.100000
vn 0.000000 0.000000 0.100000
vn 0.000000 0.000000 0.100000
vn 0.000000 0.000000 0.100000
vn 0.000000 0.000000 0.100000
vn 0.000000 0.000000 0.100000
vn 0.000000 0.000000 0.100000
vn 0.000000 0.000000 0.100000
vn 0.000000 0.000000 0.100000
vn 0.000000 0.000000 0.100000
vn 0.000000 0.000000 0.100000
vn 0.000000 0.000000 0.100000
vn 0.000000 0.000000 0.100000
vn 0.000000 0.000000 0.100000
vn 0.000000 0.000000 0.100000
vn 0.000000 0.000000 0.100000
vn 0.000000 0.000000 0.100000
vn 0.000000 0.000000 0.100000
vn 0.000000 0.000000 0.100000
vn 0.000000 0.000000 0.100000
vn 0.000000 0.000000 0.100000
vn 0.000000 0.000000 0.100000
vn 0.000000 0.000000 0.100000
vn 0.000000 0.000000 0.100000
vn 0.000000 0.000000 0.100000
vn 0.000000 0.000000 0.100000
vn 0.000000 0.000000 0.100000
vn 0.000000 0.000000 0.100000
vn 0.000000 0.000000 0.100000
vn 0.000000 0.000000 0.100000
vn 0.000000 0.000000 0.100000
vn 0.000000 0.000000 0.100000
vn 0.000000 0.000000 0.100000
vn 0.000000 0.000000 0.100000
vn 0.000000 0.000000 0.100000
vn 0.000000 0.000000 0.100000
vn 0.000000 0.000000 0.100000
vn 0.000000 0.000000 0.100000
vn 0.000000 0.000000 0.100000
vn 0.000000 0.000000 0.100000
vn 0.000000 0.000000 0.100000
vn 0.000000 0.000000 0.100000
vn 0.000000 0.000000 0.100000
vn 0.000000 0.000000 0.100000
vn 0.000000 0.000000 0.100000
vn 0.000000 0.000000 0.100000
vn 0.000000 0.000000 0.100000
vn 0.000000 0.000000 0.100000
vn 0.000000 0.000000 0.100000
vn 0.000000 0.000000 0.100000
vn 0.000000 0.000000 0.100000
vn 0.000000 0.000000 0.100000
vn 0.000000 0.000000 0.100000
vn 0.000000 0.000000 0.100000
vn 0.000000 0.000000 0.100000
vn 0.000000 0.000000 0.100000
vn 0.000000 0.000000 0.100000
vn 0.000000 0.000000 0.100000
vn 0.000000 0.000000 0.100000
vn 0.000000 0.000000 0.100000
vn 0.000000 0.000000 0.100000
vn 0.000000 -0.100000 0.000000
vn 0.000000 -0.100000 0.000000
vn 0.000000 -0.100000 0.000000
vn -0.000000 0.100000 -0.000000
vn -0.000000 0.100000 -0.000000
vn -0.000000 0.100000 -0.000000
vn -0.100000 -0.000000 0.000000
vn -0.100000 -0.000000 0.000000
vn -0.100000 -0.000000 0.000000
vn -0.100000 -0.000000 0.000000
vn -0.100000 -0.000000 0.000000
vn -0.100000 -0.000000 0.000000
vn -0.100000 -0.000000 0.000000
vn -0.100000 -0.000000 0.000000
vn -0.100000 -0.000000 0.000000
vn -0.100000 -0.000000 0.000000
vn -0.100000 -0.000000 0.000000
vn -0.100000 -0.000000 0.000000
vn -0.100000 -0.000000 0.000000
vn -0.100000 -0.000000 0.000000
vn -0.100000 -0.000000 0.000000
vn -0.100000 -0.000000 0.000000
vn -0.100000 -0.000000 0.000000
vn -0.100000 -0.000000 0.000000
vn -0.100000 -0.000000 0.000000
vn -0.100000 -0.000000 0.000000
vn -0.100000 -0.000000 0.000000
vn -0.100000 -0.000000 0.000000
vn -0.100000 -0.000000 0.000000
vn -0.100000 -0.000000 0.000000
vn -0.100000 -0.000000 0.000000
vn -0.100000 -0.000000 0.000000
vn -0.100000 -0.000000 0.000000
vn -0.100000 -0.000000 0.000000
vn -0.100000 -0.000000 0.000000
vn -0.100000 -0.000000 0.000000
vn -0.100000 -0.000000 0.000000
vn -0.100000 -0.000000 0.000000
vn -0.100000 -0.000000 0.000000
vn -0.100000 -0.000000 0.000000
vn -0.100000 -0.000000 0.000000
vn -0.100000 -0.000000 0.000000
vn -0.100000 -0.000000 0.000000
vn -0.100000 -0.000000 0.000000
vn 0.069657 0.012164 0.070711
vn 0.066327 0.024510 0.070711
vn 0.068860 0.016071 0.070711
vn 0.064683 0.028567 0.070711
vn 0.060828 0.036055 0.070711
vn 0.058260 0.040072 0.070711
vn 0.053339 0.046421 0.070711
vn 0.049814 0.050185 0.070711
vn 0.044107 0.055269 0.070711
vn 0.039638 0.058556 0.070711
vn 0.033431 0.062309 0.070711
vn 0.028086 0.064893 0.070711
vn 0.021662 0.067311 0.070711
vn 0.015559 0.068978 0.070711
vn 0.009185 0.070112 0.070711
vn 0.002491 0.070667 0.070711
vn -0.003592 0.070619 0.070711
vn -0.010663 0.069902 0.070711
vn -0.016252 0.068818 0.070711
vn -0.023447 0.066710 0.070711
vn -0.028381 0.064765 0.070711
vn -0.035416 0.061202 0.070711
vn -0.039581 0.058595 0.070711
vn -0.046156 0.053569 0.070711
vn -0.049487 0.050508 0.070711
vn 0.100000 0.000000 -0.000000
vn 0.100000 0.000000 -0.000000
vn 0.100000 0.000000 -0.000000
vn 0.100000 0.000000 -0.000000
vn 0.100000 0.000000 -0.000000
vn 0.100000 0.000000 -0.000000
vn 0.100000 0.000000 -0.000000
vn 0.100000 0.000000 -0.000000
vn 0.100000 0.000000 -0.000000
vn 0.100000 0.000000 -0.000000
vn 0.100000 0.000000 -0.000000
vn 0.100000 0.000000 -0.000000
vn 0.100000 0.000000 -0.000000
vn 0.100000 0.000000 -0.000000
vn 0.100000 0.000000 -0.000000
vn 0.100000 0.000000 -0.000000
vn 0.100000 0.000000 -0.000000
vn 0.100000 0.000000 -0.000000
vn 0.100000 0.000000 -0.000000
vn 0.100000 0.000000 -0.000000
vn 0.100000 0.000000 -0.000000
vn 0.100000 0.000000 -0.000000
vn 0.100000 0.000000 -0.000000
vn 0.100000 0.000000 -0.000000
vn 0.100000 0.000000 -0.000000
vn 0.100000 0.000000 -0.000000
vn 0.100000 0.000000 -0.000000
vn 0.100000 0.000000 -0.000000
vn 0.100000 0.000000 -0.000000
vn 0.100000 0.000000 -0.000000
vn 0.100000 0.000000 -0.000000
vn 0.100000 0.000000 -0.000000
vn 0.100000 0.000000 -0.000000
vn 0.100000 0.000000 -0.000000
vn 0.100000 0.000000 -0.000000
vn 0.100000 0.000000 -0.000000
vn 0.100000 0.000000 -0.000000
vn 0.100000 0.000000 -0.000000
vn 0.100000 0.000000 -0.000000
vn 0.100000 0.000000 -0.000000
vn 0.100000 0.000000 -0.000000
vn 0.100000 0.000000 -0.000000
vn 0.100000 0.000000 -0.000000
vn 0.100000 0.000000 -0.000000
vn 0.100000 0.000000 -0.000000
vn 0.100000 0.000000 -0.000000
vn 0.100000 0.000000 -0.000000
vn 0.100000 0.000000 -0.000000
vn -0.000000 -0.000000 -0.100000
vn -0.000000 -0.000000 -0.100000
vn -0.000000 -0.000000 -0.100000
vn -0.000000 -0.000000 -0.100000
vn -0.000000 -0.000000 -0.100000
vn -0.000000 -0.000000 -0.100000
vn -0.000000 -0.000000 -0.100000
vn -0.000000 -0.000000 -0.100000
vn -0.000000 -0.000000 -0.100000
vn -0.000000 -0.000000 -0.100000
vn -0.000000 -0.000000 -0.100000
vn -0.000000 -0.000000 -0.100000
vn -0.000000 -0.000000 -0.100000
vn -0.000000 -0.000000 -0.100000
vn -0.000000 -0.000000 -0.100000
vn -0.000000 -0.000000 -0.100000
vn -0.000000 -0.000000 -0.100000
vn -0.000000 -0.000000 -0.100000
vn -0.000000 -0.000000 -0.100000
vn -0.000000 -0.000000 -0.100000
vn -0.000000 -0.000000 -0.100000
vn -0.000000 -0.000000 -0.100000
vn -0.000000 -0.000000 -0.100000
vn -0.000000 -0.000000 -0.100000
vn -0.000000 -0.000000 -0.100000
vn -0.000000 -0.000000 -0.100000
vn -0.000000 -0.000000 -0.100000
vn -0.000000 -0.000000 -0.100000
vn -0.000000 -0.000000 -0.100000
vn -0.000000 -0.000000 -0.100000
vn -0.000000 -0.000000 -0.100000
vn -0.000000 -0.000000 -0.100000
vn -0.000000 -0.000000 -0.100000
vn -0.000000 -0.000000 -0.100000
vn -0.000000 -0.000000 -0.100000
vn -0.000000 -0.000000 -0.100000
vn -0.000000 -0.000000 -0.100000
vn -0.000000 -0.000000 -0.100000
vn -0.000000 -0.000000 -0.100000
vn 0.042424 0.090555 -0.000000
vn 0.042424 0.090555 -0.000000
vn 0.058664 0.080985 -0.000000
vn 0.058664 0.080985 -0.000000
vn 0.072819 0.068537 -0.000000
vn 0.072819 0.068537 -0.000000
vn 0.084387 0.053654 -0.000000
vn 0.084387 0.053654 -0.000000
vn 0.092957 0.036865 -0.000000
vn 0.092957 0.036865 -0.000000
vn 0.098223 0.018766 -0.000000
vn 0.098223 0.018766 -0.000000
vn 0.100000 0.000000 -0.000000
vn 0.100000 0.000000 -0.000000
vn 0.098223 -0.018766 -0.000000
vn 0.098223 -0.018766 -0.000000
vn 0.092957 -0.036865 -0.000000
vn 0.092957 -0.036865 -0.000000
vn 0.084387 -0.053654 -0.000000
vn 0.084387 -0.053654 -0.000000
vn 0.072819 -0.068537 -0.000000
vn 0.072819 -0.068537 -0.000000
vn 0.058664 -0.080985 -0.000000
vn 0.058664 -0.080985 -0.000000
vn 0.042424 -0.090555 -0.000000
vn 0.042424 -0.090555 -0.000000
vn 0.000000 0.000000 0.100000
vn 0.000000 0.000000 0.100000
vn 0.000000 0.000000 0.100000
vn 0.000000 0.000000 0.100000
vn 0.000000 0.000000 0.100000
vn 0.000000 0.000000 0.100000
vn 0.000000 0.000000 0.100000
vn 0.000000 0.000000 0.100000
vn 0.000000 0.000000 0.100000
vn 0.000000 0.000000 0.100000
vn 0.000000 0.000000 0.100000
vn 0.000000 0.000000 0.100000
vn 0.000000 0.000000 0.100000
vn 0.000000 0.000000 0.100000
vn 0.000000 0.000000 0.100000
vn 0.000000 0.000000 0.100000
vn 0.000000 0.000000 0.100000
vn 0.000000 0.000000 0.100000
vn 0.000000 0.000000 0.100000
vn 0.000000 0.000000 0.100000
vn 0.000000 0.000000 0.100000
vn 0.000000 0.000000 0.100000
vn 0.000000 0.000000 0.100000
vn 0.000000 0.000000 0.100000
vn 0.000000 0.000000 0.100000
vn 0.000000 0.000000 0.100000
vn 0.000000 0.000000 0.100000
vn 0.000000 0.000000 0.100000
vn 0.000000 0.000000 0.100000
vn 0.000000 0.000000 0.100000
vn 0.000000 0.000000 0.100000
vn 0.000000 0.000000 0.100000
vn 0.000000 0.000000 0.100000
vn 0.000000 0.000000 0.100000
vn 0.000000 0.000000 0.100000
vn 0.000000 0.000000 0.100000
vn 0.000000 0.000000 0.100000
vn 0.000000 0.000000 0.100000
vn 0.000000 0.000000 0.100000
vn 0.000000 0.000000 0.100000
vn 0.000000 0.000000 0.100000
vn 0.000000 0.000000 0.100000
vn 0.000000 0.000000 0.100000
vn 0.000000 0.000000 0.100000
vn 0.000000 0.000000 0.100000
vn 0.000000 0.000000 0.100000
vn 0.000000 0.000000 0.100000
vn 0.000000 0.000000 0.100000
vn 0.000000 0.000000 0.100000
vn 0.000000 0.000000 0.100000
vn 0.000000 0.000000 0.100000
vn 0.000000 0.000000 0.100000
vn 0.000000 0.000000 0.100000
vn 0.000000 0.000000 0.100000
vn -0.042424 -0.090555 0.000000
vn -0.042424 -0.090555 0.000000
vn -0.058664 -0.080985 0.000000
vn -0.058664 -0.080985 0.000000
vn -0.072819 -0.068537 0.000000
vn -0.072819 -0.068537 0.000000
vn -0.084387 -0.053654 0.000000
vn -0.084387 -0.053654 0.000000
vn -0.092957 -0.036865 0.000000
vn -0.092957 -0.036865 0.000000
vn -0.098223 -0.018766 0.000000
vn -0.098223 -0.018766 0.000000
vn -0.100000 -0.000000 0.000000
vn -0.100000 -0.000000 0.000000
vn -0.098223 0.018766 0.000000
vn -0.098223 0.018766 0.000000
vn -0.092957 0.036865 0.000000
vn -0.092957 0.036865 0.000000
vn -0.084387 0.053654 0.000000
vn -0.084387 0.053654 0.000000
vn -0.072819 0.068537 0.000000
vn -0.072819 0.068537 0.000000
vn -0.058664 0.080985 0.000000
vn -0.058664 0.080985 0.000000
vn -0.042424 0.090555 0.000000
vn -0.042424 0.090555 0.000000
vn -0.000000 -0.000000 -0.100000
vn -0.000000 -0.000000 -0.100000
vn -0.000000 -0.000000 -0.100000
vn -0.000000 -0.000000 -0.100000
vn -0.000000 -0.000000 -0.100000
vn -0.000000 -0.000000 -0.100000
vn -0.000000 -0.000000 -0.100000
vn -0.000000 -0.000000 -0.100000
vn -0.000000 -0.000000 -0.100000
vn -0.000000 -0.000000 -0.100000
vn -0.000000 -0.000000 -0.100000
vn -0.000000 -0.000000 -0.100000
vn -0.000000 -0.000000 -0.100000
vn -0.000000 -0.000000 -0.100000
vn -0.000000 -0.000000 -0.100000
vn -0.000000 -0.000000 -0.100000
vn -0.000000 -0.000000 -0.100000
vn -0.000000 -0.000000 -0.100000
vn -0.000000 -0.000000 -0.100000
vn -0.000000 -0.000000 -0.100000
vn -0.000000 -0.000000 -0.100000
vn -0.000000 -0.000000 -0.100000
vn -0.000000 -0.000000 -0.100000
vn -0.000000 -0.000000 -0.100000
vn -0.000000 -0.000000 -0.100000
vn -0.000000 -0.000000 -0.100000
vn -0.000000 -0.000000 -0.100000
vn -0.000000 0.070711 -0.070711
vn -0.000000 0.070711 -0.070711
vn -0.000000 0.070711 -0.070711
vn -0.000000 0.070711 -0.070711
vn -0.000000 0.070711 -0.070711
vn -0.000000 0.070711 -0.070711
vn -0.000000 0.070711 -0.070711
vn -0.000000 0.070711 -0.070711
vn -0.000000 0.070711 -0.070711
vn -0.000000 0.070711 -0.070711
vn -0.000000 0.070711 -0.070711
vn -0.000000 0.070711 -0.070711
vn -0.000000 0.070711 -0.070711
vn -0.000000 0.070711 -0.070711
vn -0.000000 0.070711 -0.070711
vn -0.000000 0.070711 -0.070711
vn -0.000000 0.070711 -0.070711
vn -0.000000 0.070711 -0.070711
vn -0.000000 0.070711 -0.070711
vn -0.000000 0.070711 -0.070711
vn -0.000000 -0.070711 -0.070711
vn -0.000000 -0.070711 -0.070711
vn -0.000000 -0.070711 -0.070711
vn -0.000000 -0.070711 -0.070711
vn -0.000000 -0.070711 -0.070711
vn -0.000000 -0.070711 -0.070711
vn -0.000000 -0.070711 -0.070711
vn -0.000000 -0.070711 -0.070711
vn -0.000000 -0.070711 -0.070711
vn -0.000000 -0.070711 -0.070711
vn -0.000000 -0.070711 -0.070711
vn -0.000000 -0.070711 -0.070711
vn -0.000000 -0.070711 -0.070711
vn -0.000000 -0.070711 -0.070711
vn -0.000000 -0.070711 -0.070711
vn -0.000000 -0.070711 -0.070711
vn -0.000000 -0.070711 -0.070711
vn -0.000000 -0.070711 -0.070711
vn -0.000000 -0.070711 -0.070711
vn -0.000000 -0.070711 -0.070711
vn -0.000000 0.088235 0.047059
vn -0.000000 0.088235 0.047059
vn 0.000000 0.074508 0.066698
vn 0.000000 0.070833 0.070588
vn 0.000000 0.056503 0.082507
vn 0.000000 0.055950 0.082883
vn 0.000000 0.038423 0.092324
vn 0.000000 0.035254 0.093580
vn 0.000000 0.019331 0.098114
vn 0.000000 0.011980 0.099280
vn 0.000000 0.000000 0.100000
vn 0.000000 -0.011980 0.099280
vn 0.000000 -0.019331 0.098114
vn 0.000000 -0.035254 0.093580
vn 0.000000 -0.038423 0.092324
vn 0.000000 -0.056503 0.082507
vn 0.000000 -0.055950 0.082883
vn 0.000000 -0.070833 0.070588
vn 0.000000 -0.074508 0.066698
vn 0.000000 -0.088235 0.047059
vn 0.000000 -0.088235 0.047059
usemtl Opaque(192,192,255)
f 32/1/1 1/2/2 39/3/3
f 39/3/3 1/2/2 2/4/4
f 39/3/3 2/4/4 38/5/5
f 38/5/5 2/4/4 3/6/6
f 38/5/5 3/6/6 37/7/7
f 37/7/7 3/6/6 4/8/8
f 37/7/7 4/8/8 36/9/9
f 36/9/9 4/8/8 5/10/10
f 36/9/9 5/10/10 6/11/11
f 36/9/9 6/11/11 35/12/12
f 35/12/12 6/11/11 7/13/13
f 35/12/12 7/13/13 34/14/14
f 34/14/14 7/13/13 8/15/15
f 34/14/14 8/15/15 33/16/16
f 33/16/16 8/15/15 9/17/17
f 33/16/16 9/17/17 10/18/18
f 33/16/16 10/18/18 56/19/19
f 56/19/19 10/18/18 11/20/20
f 56/19/19 11/20/20 55/21/21
f 55/21/21 11/20/20 12/22/22
f 55/21/21 12/22/22 54/23/23
f 54/23/23 12/22/22 13/24/24
f 54/23/23 13/24/24 14/25/25
f 54/23/23 14/25/25 53/26/26
f 53/26/26 14/25/25 15/27/27
f 53/26/26 15/27/27 52/28/28
f 52/28/28 15/27/27 16/29/29
f 52/28/28 16/29/29 51/30/30
f 51/30/30 16/29/29 17/31/31
f 51/30/30 17/31/31 18/32/32
f 51/30/30 18/32/32 50/33/33
f 50/33/33 18/32/32 19/34/34
f 50/33/33 19/34/34 49/35/35
f 49/35/35 19/34/34 20/36/36
f 49/35/35 20/36/36 48/37/37
f 48/37/37 20/36/36 21/38/38
f 48/37/37 21/38/38 22/39/39
f 48/37/37 22/39/39 47/40/40
f 47/40/40 22/39/39 23/41/41
f 47/40/40 23/41/41 46/42/42
f 46/42/42 23/41/41 24/43/43
f 46/42/42 24/43/43 45/44/44
f 45/44/44 24/43/43 25/45/45
f 45/46/44 25/47/45 26/48/46
f 45/46/44 26/48/46 44/49/47
f 44/49/47 26/48/46 27/50/48
f 44/49/47 27/50/48 43/51/49
f 43/51/49 27/50/48 28/52/50
f 43/51/49 28/52/50 42/53/51
f 42/53/51 28/52/50 29/54/52
f 42/53/51 29/54/52 30/55/53
f 42/53/51 30/55/53 41/56/54
f 41/56/54 30/55/53 31/57/55
f 41/56/54 31/57/55 40/58/56
f 40/58/56 31/57/55 32/1/1
f 40/58/56 32/1/1 39/3/3
f 58/59/57 96/60/58 57/61/59
f 57/61/59 96/60/58 97/62/60
f 57/61/59 97/62/60 98/63/61
f 96/60/58 58/59/57 95/64/62
f 95/64/62 58/59/57 59/65/63
f 95/64/62 59/65/63 94/66/64
f 94/66/64 59/65/63 60/67/65
f 94/66/64 60/67/65 93/68/66
f 93/68/66 60/67/65 92/69/67
f 92/69/67 60/67/65 61/70/68
f 92/69/67 61/70/68 91/71/69
f 91/71/69 61/70/68 62/72/70
f 91/71/69 62/72/70 90/73/71
f 90/73/71 62/72/70 63/74/72
f 90/73/71 63/74/72 89/75/73
f 89/75/73 63/74/72 88/76/74
f 88/76/74 63/74/72 64/77/75
f 88/76/74 64/77/75 87/78/76
f 87/78/76 64/77/75 65/79/77
f 87/78/76 65/79/77 86/80/78
f 86/80/78 65/79/77 66/81/79
f 86/80/78 66/81/79 85/82/80
f 85/82/80 66/81/79 84/83/81
f 84/83/81 66/81/79 67/84/82
f 84/83/81 67/84/82 83/85/83
f 83/85/83 67/84/82 68/86/84
f 83/85/83 68/86/84 82/87/85
f 82/87/85 68/86/84 69/88/86
f 82/87/85 69/88/86 81/89/87
f 81/90/87 69/91/86 112/92/88
f 112/92/88 69/91/86 70/93/89
f 112/92/88 70/93/89 111/94/90
f 111/94/90 70/93/89 71/95/91
f 111/94/90 71/95/91 110/96/92
f 110/96/92 71/95/91 72/97/93
f 110/96/92 72/97/93 109/98/94
f 109/98/94 72/97/93 108/99/95
f 108/99/95 72/97/93 73/100/96
f 108/99/95 73/100/96 107/101/97
f 107/101/97 73/100/96 74/102/98
f 107/101/97 74/102/98 106/103/99
f 106/103/99 74/102/98 75/104/100
f 106/103/99 75/104/100 105/105/101
f 105/105/101 75/104/100 104/106/102
f 104/106/102 75/104/100 76/107/103
f 104/106/102 76/107/103 103/108/104
f 103/108/104 76/107/103 77/109/105
f 103/108/104 77/109/105 102/110/106
f 102/110/106 77/109/105 78/111/107
f 102/110/106 78/111/107 101/112/108
f 101/112/108 78/111/107 100/113/109
f 100/113/109 78/111/107 79/114/110
f 100/113/109 79/114/110 99/115/111
f 99/115/111 79/114/110 80/116/112
f 99/115/111 80/116/112 98/63/61
f 98/63/61 80/116/112 57/61/59
f 114/117/113 144/118/114 113/119/115
f 113/119/115 144/118/114 145/120/116
f 113/119/115 145/120/116 146/121/117
f 144/118/114 114/117/113 143/122/118
f 143/122/118 114/117/113 115/123/119
f 143/122/118 115/123/119 142/124/120
f 142/124/120 115/123/119 116/125/121
f 142/124/120 116/125/121 141/126/122
f 141/126/122 116/125/121 140/127/123
f 140/127/123 116/125/121 117/128/124
f 140/127/123 117/128/124 139/129/125
f 139/129/125 117/128/124 118/130/126
f 139/129/125 118/130/126 138/131/127
f 138/131/127 118/130/126 119/132/128
f 138/131/127 119/132/128 137/133/129
f 137/133/129 119/132/128 168/134/130
f 168/134/130 119/132/128 120/135/131
f 168/134/130 120/135/131 167/136/132
f 167/136/132 120/135/131 121/137/133
f 167/136/132 121/137/133 166/138/134
f 166/138/134 121/137/133 122/139/135
f 166/138/134 122/139/135 165/140/136
f 165/140/136 122/139/135 164/141/137
f 164/141/137 122/139/135 123/142/138
f 164/141/137 123/142/138 163/143/139
f 163/143/139 123/142/138 124/144/140
f 163/143/139 124/144/140 162/145/141
f 162/145/141 124/144/140 125/146/142
f 162/145/141 125/146/142 161/147/143
f 161/148/143 125/149/142 160/150/144
f 160/150/144 125/149/142 126/151/145
f 160/150/144 126/151/145 159/152/146
f 159/152/146 126/151/145 127/153/147
f 159/152/146 127/153/147 158/154/148
f 158/154/148 127/153/147 128/155/149
f 158/154/148 128/155/149 157/156/150
f 157/156/150 128/155/149 156/157/151
f 156/157/151 128/155/149 129/158/152
f 156/157/151 129/158/152 155/159/153
f 155/159/153 129/158/152 130/160/154
f 155/159/153 130/160/154 154/161/155
f 154/161/155 130/160/154 131/162/156
f 154/161/155 131/162/156 153/163/157
f 153/163/157 131/162/156 152/164/158
f 152/164/158 131/162/156 132/165/159
f 152/164/158 132/165/159 151/166/160
f 151/166/160 132/165/159 133/167/161
f 151/166/160 133/167/161 150/168/162
f 150/168/162 133/167/161 134/169/163
f 150/168/162 134/169/163 149/170/164
f 149/170/164 134/169/163 148/171/165
f 148/171/165 134/169/163 135/172/166
f 148/171/165 135/172/166 147/173/167
f 147/173/167 135/172/166 136/174/168
f 147/173/167 136/174/168 146/121/117
f 146/121/117 136/174/168 113/119/115
f 170/175/169 216/176/170 169/177/171
f 169/177/171 216/176/170 193/178/172
f 169/177/171 193/178/172 192/179/173
f 192/179/173 193/178/172 194/180/174
f 192/179/173 194/180/174 191/181/175
f 191/181/175 194/180/174 195/182/176
f 191/181/175 195/182/176 190/183/177
f 190/183/177 195/182/176 196/184/178
f 190/183/177 196/184/178 189/185/179
f 189/185/179 196/184/178 197/186/180
f 189/185/179 197/186/180 188/187/181
f 188/187/181 197/186/180 198/188/182
f 188/187/181 198/188/182 187/189/183
f 187/189/183 198/188/182 199/190/184
f 187/189/183 199/190/184 186/191/185
f 186/191/185 199/190/184 200/192/186
f 186/191/185 200/192/186 185/193/187
f 185/193/187 200/192/186 201/194/188
f 185/193/187 201/194/188 184/195/189
f 184/195/189 201/194/188 202/196/190
f 184/195/189 202/196/190 183/197/191
f 183/197/191 202/196/190 203/198/192
f 183/197/191 203/198/192 182/199/193
f 182/199/193 203/198/192 204/200/194
f 182/199/193 204/200/194 181/201/195
f 181/201/195 204/200/194 205/202/196
f 181/203/195 205/204/196 180/205/197
f 180/205/197 205/204/196 206/206/198
f 180/205/197 206/206/198 179/207/199
f 179/207/199 206/206/198 207/208/200
f 179/207/199 207/208/200 178/209/201
f 178/209/201 207/208/200 208/210/202
f 178/209/201 208/210/202 177/211/203
f 177/211/203 208/210/202 209/212/204
f 177/211/203 209/212/204 176/213/205
f 176/213/205 209/212/204 210/214/206
f 176/213/205 210/214/206 175/215/207
f 175/215/207 210/214/206 211/216/208
f 175/215/207 211/216/208 174/217/209
f 174/217/209 211/216/208 212/218/210
f 174/217/209 212/218/210 173/219/211
f 173/219/211 212/218/210 213/220/212
f 173/219/211 213/220/212 172/221/213
f 172/221/213 213/220/212 214/222/214
f 172/221/213 214/222/214 171/223/215
f 171/223/215 214/222/214 215/224/216
f 171/223/215 215/224/216 170/175/169
f 170/175/169 215/224/216 216/176/170
f 242/225/217 217/226/218 243/227/219
f 243/227/219 217/226/218 218/228/220
f 243/227/219 218/228/220 244/229/221
f 244/229/221 218/228/220 219/230/222
f 244/229/221 219/230/222 245/231/223
f 245/231/223 219/230/222 220/232/224
f 245/231/223 220/232/224 246/233/225
f 246/233/225 220/232/224 221/234/226
f 246/233/225 221/234/226 247/235/227
f 247/235/227 221/234/226 222/236/228
f 247/235/227 222/236/228 248/237/229
f 248/237/229 222/236/228 223/238/230
f 248/237/229 223/238/230 249/239/231
f 249/239/231 223/238/230 224/240/232
f 249/239/231 224/240/232 250/241/233
f 250/241/233 224/240/232 225/242/234
f 250/241/233 225/242/234 251/243/235
f 251/243/235 225/242/234 226/244/236
f 251/243/235 226/244/236 252/245/237
f 252/245/237 226/244/236 227/246/238
f 252/245/237 227/246/238 253/247/239
f 253/247/239 227/246/238 228/248/240
f 253/247/239 228/248/240 229/249/241
f 229/249/241 230/250/242 253/247/239
f 253/247/239 230/250/242 231/251/243
f 253/247/239 231/251/243 252/245/237
f 252/245/237 231/251/243 232/252/244
f 252/245/237 232/252/244 251/243/235
f 251/243/235 232/252/244 233/253/245
f 251/243/235 233/253/245 250/241/233
f 250/241/233 233/253/245 234/254/246
f 250/241/233 234/254/246 249/239/231
f 249/239/231 234/254/246 235/255/247
f 249/239/231 235/255/247 248/237/229
f 248/237/229 235/255/247 236/256/248
f 248/237/229 236/256/248 247/235/227
f 247/235/227 236/256/248 237/257/249
f 247/235/227 237/257/249 246/233/225
f 246/233/225 237/257/249 238/258/250
f 246/233/225 238/258/250 245/231/223
f 245/231/223 238/258/250 239/259/251
f 245/231/223 239/259/251 244/229/221
f 244/229/221 239/259/251 240/260/252
f 244/229/221 240/260/252 243/227/219
f 243/227/219 240/260/252 241/261/253
f 243/227/219 241/261/253 242/225/217
f 279/262/254 254/263/255 280/264/256
f 280/264/256 254/263/255 255/265/257
f 280/264/256 255/265/257 281/266/258
f 281/266/258 255/265/257 256/267/259
f 281/266/258 256/267/259 282/268/260
f 282/268/260 256/267/259 257/269/261
f 282/268/260 257/269/261 283/270/262
f 283/270/262 257/269/261 258/271/263
f 283/270/262 258/271/263 284/272/264
f 284/272/264 258/271/263 259/273/265
f 284/272/264 259/273/265 285/274/266
f 285/274/266 259/273/265 260/275/267
f 285/274/266 260/275/267 286/276/268
f 286/276/268 260/275/267 261/277/269
f 286/276/268 261/277/269 287/278/270
f 287/278/270 261/277/269 262/279/271
f 287/278/270 262/279/271 288/280/272
f 288/280/272 262/279/271 263/281/273
f 288/280/272 263/281/273 289/282/274
f 289/282/274 263/281/273 264/283/275
f 289/282/274 264/283/275 290/284/276
f 290/284/276 264/283/275 265/285/277
f 290/284/276 265/285/277 266/286/278
f 266/286/278 267/287/279 290/284/276
f 290/284/276 267/287/279 268/288/280
f 290/284/276 268/288/280 289/282/274
f 289/282/274 268/288/280 269/289/281
f 289/282/274 269/289/281 288/280/272
f 288/280/272 269/289/281 270/290/282
f 288/280/272 270/290/282 287/278/270
f 287/278/270 270/290/282 271/291/283
f 287/278/270 271/291/283 286/276/268
f 286/276/268 271/291/283 272/292/284
f 286/276/268 272/292/284 285/274/266
f 285/274/266 272/292/284 273/293/285
f 285/274/266 273/293/285 284/272/264
f 284/272/264 273/293/285 274/294/286
f 284/272/264 274/294/286 283/270/262
f 283/270/262 274/294/286 275/295/287
f 283/270/262 275/295/287 282/268/260
f 282/268/260 275/295/287 276/296/288
f 282/268/260 276/296/288 281/266/258
f 281/266/258 276/296/288 277/297/289
f 281/266/258 277/297/289 280/264/256
f 280/264/256 277/297/289 278/298/290
f 280/264/256 278/298/290 279/262/254
f 292/299/291 344/300/292 291/301/293
f 291/301/293 344/300/292 345/302/294
f 291/301/293 345/302/294 333/303/295
f 333/303/295 345/302/294 332/304/296
f 332/304/296 345/302/294 346/305/297
f 332/304/296 346/305/297 331/306/298
f 331/306/298 346/305/297 347/307/299
f 331/306/298 347/307/299 348/308/300
f 344/300/292 292/299/291 343/309/301
f 343/309/301 292/299/291 293/310/302
f 343/309/301 293/310/302 342/311/303
f 342/311/303 293/310/302 294/312/304
f 342/311/303 294/312/304 341/313/305
f 341/313/305 294/312/304 295/314/306
f 341/313/305 295/314/306 296/315/307
f 341/313/305 296/315/307 340/316/308
f 340/316/308 296/315/307 297/317/309
f 340/316/308 297/317/309 339/318/310
f 339/318/310 297/317/309 298/319/311
f 339/318/310 298/319/311 338/320/312
f 338/320/312 298/319/311 299/321/313
f 338/320/312 299/321/313 337/322/314
f 337/322/314 299/321/313 300/323/315
f 337/322/314 300/323/315 336/324/316
f 336/324/316 300/323/315 301/325/317
f 336/324/316 301/325/317 302/326/318
f 336/324/316 302/326/318 335/327/319
f 335/327/319 302/326/318 303/328/320
f 335/327/319 303/328/320 334/329/321
f 334/329/321 303/328/320 373/330/322
f 373/330/322 303/328/320 372/331/323
f 372/331/323 303/328/320 304/332/324
f 372/331/323 304/332/324 371/333/325
f 371/333/325 304/332/324 305/334/326
f 371/333/325 305/334/326 370/335/327
f 370/335/327 305/334/326 306/336/328
f 370/335/327 306/336/328 369/337/329
f 369/337/329 306/336/328 307/338/330
f 369/337/329 307/338/330 368/339/331
f 368/339/331 307/338/330 308/340/332
f 368/339/331 308/340/332 366/341/333
f 366/341/333 308/340/332 309/342/334
f 366/341/333 309/342/334 365/343/335
f 365/343/335 309/342/334 310/344/336
f 365/343/335 310/344/336 364/345/337
f 364/345/337 310/344/336 311/346/338
f 364/345/337 311/346/338 363/347/339
f 363/347/339 311/346/338 312/348/340
f 363/347/339 312/348/340 145/349/341
f 145/349/341 312/348/340 146/350/342
f 146/350/342 312/348/340 147/351/343
f 147/351/343 312/348/340 148/352/344
f 148/352/344 312/348/340 313/353/345
f 148/352/344 313/353/345 149/354/346
f 149/354/346 313/353/345 150/355/347
f 150/355/347 313/353/345 314/356/348
f 150/355/347 314/356/348 151/357/349
f 151/357/349 314/356/348 315/358/350
f 151/357/349 315/358/350 152/359/351
f 152/359/351 315/358/350 316/360/352
f 152/359/351 316/360/352 153/361/353
f 153/361/353 316/360/352 317/362/354
f 153/363/353 317/364/354 318/365/355
f 153/363/353 318/365/355 154/366/356
f 154/366/356 318/365/355 319/367/357
f 154/366/356 319/367/357 155/368/358
f 155/368/358 319/367/357 320/369/359
f 155/368/358 320/369/359 156/370/360
f 156/370/360 320/369/359 321/371/361
f 156/370/360 321/371/361 157/372/362
f 157/372/362 321/371/361 158/373/363
f 158/373/363 321/371/361 322/374/364
f 158/373/363 322/374/364 159/375/365
f 159/375/365 322/374/364 160/376/366
f 160/376/366 322/374/364 161/377/367
f 161/377/367 322/374/364 359/378/368
f 161/377/367 359/378/368 162/379/369
f 162/379/369 359/378/368 163/380/370
f 163/380/370 359/378/368 164/381/371
f 164/381/371 359/378/368 165/382/372
f 165/382/372 359/378/368 166/383/373
f 166/383/373 359/378/368 360/384/374
f 166/383/373 360/384/374 167/385/375
f 167/385/375 360/384/374 168/386/376
f 168/387/376 360/388/374 137/389/377
f 137/389/377 360/388/374 361/390/378
f 137/389/377 361/390/378 138/391/379
f 138/391/379 361/390/378 139/392/380
f 139/392/380 361/390/378 140/393/381
f 140/393/381 361/390/378 362/394/382
f 140/393/381 362/394/382 141/395/383
f 141/395/383 362/394/382 142/396/384
f 142/396/384 362/394/382 143/397/385
f 143/397/385 362/394/382 144/398/386
f 144/398/386 362/394/382 363/347/339
f 144/398/386 363/347/339 145/349/341
f 359/378/368 322/374/364 358/399/387
f 358/399/387 322/374/364 323/400/388
f 358/399/387 323/400/388 357/401/389
f 357/401/389 323/400/388 324/402/390
f 357/401/389 324/402/390 356/403/391
f 356/403/391 324/402/390 325/404/392
f 356/403/391 325/404/392 355/405/393
f 355/405/393 325/404/392 326/406/394
f 355/405/393 326/406/394 353/407/395
f 353/407/395 326/406/394 327/408/396
f 353/407/395 327/408/396 352/409/397
f 352/409/397 327/408/396 328/410/398
f 352/409/397 328/410/398 351/411/399
f 351/411/399 328/410/398 329/412/400
f 351/411/399 329/412/400 350/413/401
f 350/413/401 329/412/400 330/414/402
f 350/413/401 330/414/402 349/415/403
f 349/415/403 330/414/402 331/306/298
f 349/415/403 331/306/298 348/308/300
f 353/407/395 354/416/404 355/405/393
f 366/341/333 367/417/405 368/339/331
f 375/418/406 11/419/407 374/420/408
f 374/420/408 11/419/407 10/421/409
f 374/420/408 10/421/409 9/422/410
f 376/423/411 15/424/412 375/418/406
f 375/418/406 15/424/412 14/425/413
f 375/418/406 14/425/413 13/426/414
f 377/427/415 19/428/416 376/423/411
f 376/423/411 19/428/416 18/429/417
f 376/423/411 18/429/417 17/430/418
f 378/431/419 22/432/420 377/427/415
f 377/427/415 22/432/420 21/433/421
f 377/427/415 21/433/421 20/434/422
f 379/435/423 391/436/424 378/431/419
f 378/431/419 391/436/424 25/437/425
f 378/431/419 25/437/425 24/438/426
f 379/435/423 380/439/427 391/436/424
f 391/436/424 380/439/427 390/440/428
f 390/440/428 380/439/427 381/441/429
f 390/440/428 381/441/429 382/442/430
f 390/440/428 382/442/430 389/443/431
f 389/443/431 382/442/430 383/444/432
f 389/443/431 383/444/432 388/445/433
f 388/445/433 383/444/432 384/446/434
f 388/445/433 384/446/434 385/447/435
f 386/448/436 387/449/437 385/447/435
f 385/447/435 387/449/437 388/445/433
f 25/437/425 391/436/424 26/450/438
f 26/450/438 391/436/424 392/451/439
f 26/450/438 392/451/439 27/452/440
f 27/452/440 392/451/439 28/453/441
f 28/453/441 392/451/439 29/454/442
f 29/454/442 392/451/439 30/455/443
f 30/455/443 392/451/439 393/456/444
f 30/455/443 393/456/444 31/457/445
f 31/457/445 393/456/444 32/458/446
f 32/458/446 393/456/444 1/459/447
f 1/459/447 393/456/444 394/460/448
f 1/459/447 394/460/448 2/461/449
f 2/461/449 394/460/448 3/462/450
f 3/462/450 394/460/448 4/463/451
f 4/463/451 394/460/448 395/464/452
f 4/463/451 395/464/452 5/465/453
f 5/465/453 395/464/452 6/466/454
f 6/466/454 395/464/452 7/467/455
f 7/467/455 395/464/452 8/468/456
f 8/468/456 395/464/452 9/422/410
f 9/422/410 395/464/452 374/420/408
f 395/464/452 396/469/457 374/420/408
f 374/420/408 396/469/457 408/470/458
f 408/470/458 396/469/457 407/471/459
f 407/471/459 396/469/457 397/472/460
f 407/471/459 397/472/460 406/473/461
f 406/473/461 397/472/460 405/474/462
f 405/474/462 397/472/460 398/475/463
f 405/474/462 398/475/463 404/476/464
f 404/476/464 398/475/463 399/477/465
f 404/476/464 399/477/465 403/478/466
f 403/478/466 399/477/465 402/479/467
f 402/479/467 399/477/465 400/480/468
f 402/479/467 400/480/468 401/481/469
f 24/438/426 23/482/470 378/431/419
f 378/431/419 23/482/470 22/432/420
f 20/434/422 19/428/416 377/427/415
f 17/430/418 16/483/471 376/423/411
f 376/423/411 16/483/471 15/424/412
f 13/426/414 12/484/472 375/418/406
f 375/418/406 12/484/472 11/419/407
f 410/485/473 411/486/474 409/487/475
f 409/487/475 411/486/474 269/488/476
f 409/487/475 269/488/476 268/489/477
f 269/488/476 411/486/474 270/490/478
f 270/490/478 411/486/474 412/491/479
f 270/490/478 412/491/479 271/492/480
f 271/492/480 412/491/479 272/493/481
f 272/493/481 412/491/479 273/494/482
f 273/494/482 412/491/479 413/495/483
f 273/494/482 413/495/483 274/496/484
f 274/496/484 413/495/483 275/497/485
f 275/497/485 413/495/483 414/498/486
f 275/497/485 414/498/486 276/499/487
f 276/499/487 414/498/486 277/500/488
f 277/500/488 414/498/486 415/501/489
f 277/500/488 415/501/489 278/502/490
f 278/502/490 415/501/489 279/503/491
f 279/503/491 415/501/489 416/504/492
f 279/503/491 416/504/492 417/505/493
f 417/505/493 418/506/494 279/503/491
f 279/503/491 418/506/494 419/507/495
f 279/503/491 419/507/495 420/508/496
f 420/508/496 421/509/497 279/503/491
f 268/489/477 267/510/498 409/487/475
f 321/511/499 422/512/500 322/513/501
f 322/513/501 422/512/500 423/514/502
f 322/513/501 423/514/502 323/515/503
f 323/515/503 423/514/502 424/516/504
f 323/515/503 424/516/504 324/517/505
f 324/517/505 424/516/504 425/518/506
f 324/517/505 425/518/506 325/519/507
f 325/519/507 425/518/506 426/520/508
f 325/519/507 426/520/508 326/521/509
f 326/521/509 426/520/508 427/522/510
f 326/521/509 427/522/510 327/523/511
f 327/523/511 427/522/510 428/524/512
f 327/523/511 428/524/512 328/525/513
f 328/525/513 428/524/512 429/526/514
f 328/525/513 429/526/514 329/527/515
f 329/527/515 429/526/514 430/528/516
f 329/527/515 430/528/516 330/529/517
f 330/529/517 430/528/516 431/530/518
f 330/529/517 431/530/518 331/531/519
f 331/531/519 431/530/518 432/532/520
f 331/531/519 432/532/520 332/533/521
f 332/533/521 432/532/520 433/534/522
f 332/533/521 433/534/522 333/535/523
f 435/536/524 436/537/525 434/538/526
f 434/538/526 436/537/525 468/539/527
f 468/539/527 436/537/525 437/540/528
f 468/539/527 437/540/528 438/541/529
f 468/539/527 438/541/529 467/542/530
f 467/542/530 438/541/529 439/543/531
f 467/542/530 439/543/531 466/544/532
f 466/544/532 439/543/531 440/545/533
f 466/544/532 440/545/533 441/546/534
f 466/544/532 441/546/534 465/547/535
f 465/547/535 441/546/534 442/548/536
f 465/547/535 442/548/536 443/549/537
f 444/550/538 83/551/539 443/549/537
f 443/549/537 83/551/539 82/552/540
f 443/549/537 82/552/540 81/553/541
f 445/554/542 87/555/543 444/550/538
f 444/550/538 87/555/543 86/556/544
f 444/550/538 86/556/544 85/557/545
f 446/558/546 91/559/547 445/560/542
f 445/560/542 91/559/547 90/561/548
f 445/560/542 90/561/548 89/562/549
f 447/563/550 94/564/551 446/558/546
f 446/558/546 94/564/551 93/565/552
f 446/558/546 93/565/552 92/566/553
f 448/567/554 460/568/555 447/563/550
f 447/563/550 460/568/555 461/569/556
f 447/563/550 461/569/556 97/570/557
f 97/570/557 461/569/556 98/571/558
f 98/571/558 461/569/556 99/572/559
f 99/572/559 461/569/556 100/573/560
f 100/573/560 461/569/556 101/574/561
f 101/574/561 461/569/556 102/575/562
f 102/575/562 461/569/556 462/576/563
f 102/575/562 462/576/563 103/577/564
f 103/577/564 462/576/563 104/578/565
f 104/578/565 462/576/563 105/579/566
f 105/580/566 462/581/563 463/582/567
f 105/580/566 463/582/567 106/583/568
f 106/583/568 463/582/567 107/584/569
f 107/584/569 463/582/567 108/585/570
f 108/585/570 463/582/567 464/586/571
f 108/585/570 464/586/571 109/587/572
f 109/587/572 464/586/571 110/588/573
f 110/588/573 464/586/571 111/589/574
f 111/589/574 464/586/571 112/590/575
f 112/590/575 464/586/571 81/553/541
f 81/553/541 464/586/571 443/549/537
f 448/567/554 449/591/576 460/568/555
f 460/568/555 449/591/576 459/592/577
f 459/592/577 449/591/576 450/593/578
f 459/592/577 450/593/578 451/594/579
f 459/592/577 451/594/579 458/595/580
f 458/595/580 451/594/579 452/596/581
f 458/595/580 452/596/581 457/597/582
f 457/597/582 452/596/581 453/598/583
f 457/597/582 453/598/583 454/599/584
f 455/600/585 456/601/586 454/599/584
f 454/599/584 456/601/586 457/597/582
f 464/586/571 465/547/535 443/549/537
f 97/570/557 96/602/587 447/563/550
f 447/563/550 96/602/587 95/603/588
f 447/563/550 95/603/588 94/564/551
f 92/566/553 91/559/547 446/558/546
f 89/604/549 88/605/589 445/554/542
f 445/554/542 88/605/589 87/555/543
f 85/557/545 84/606/590 444/550/538
f 444/550/538 84/606/590 83/551/539
f 387/607/591 386/608/592 474/609/593
f 474/609/593 386/608/592 44/610/594
f 474/609/593 44/610/594 43/611/595
f 469/612/596 47/613/597 386/608/592
f 386/608/592 47/613/597 46/614/598
f 386/608/592 46/614/598 45/615/599
f 470/616/600 51/617/601 469/612/596
f 469/612/596 51/617/601 50/618/602
f 469/612/596 50/618/602 49/619/603
f 401/620/604 55/621/605 470/616/600
f 470/616/600 55/621/605 54/622/606
f 470/616/600 54/622/606 53/623/607
f 400/624/608 471/625/609 401/620/604
f 401/620/604 471/625/609 34/626/610
f 401/620/604 34/626/610 33/627/611
f 472/628/612 37/629/613 471/625/609
f 471/625/609 37/629/613 36/630/614
f 471/625/609 36/630/614 35/631/615
f 334/632/616 373/633/617 472/628/612
f 472/628/612 373/633/617 38/634/618
f 472/628/612 38/634/618 37/629/613
f 38/634/618 373/633/617 39/635/619
f 39/635/619 373/633/617 348/636/620
f 39/635/619 348/636/620 40/637/621
f 40/637/621 348/636/620 473/638/622
f 40/637/621 473/638/622 41/639/623
f 41/639/623 473/638/622 474/609/593
f 41/639/623 474/609/593 42/640/624
f 42/640/624 474/609/593 43/611/595
f 348/636/620 347/641/625 473/638/622
f 33/627/611 56/642/626 401/620/604
f 401/620/604 56/642/626 55/621/605
f 53/623/607 52/643/627 470/616/600
f 470/616/600 52/643/627 51/617/601
f 49/619/603 48/644/628 469/612/596
f 469/612/596 48/644/628 47/613/597
f 45/615/599 44/610/594 386/608/592
f 35/631/615 34/626/610 471/625/609
f 476/645/629 63/646/630 475/647/631
f 475/647/631 63/646/630 62/648/632
f 475/647/631 62/648/632 61/649/633
f 435/650/634 67/651/635 476/645/629
f 476/645/629 67/651/635 66/652/636
f 476/645/629 66/652/636 65/653/637
f 434/654/638 477/655/639 435/650/634
f 435/650/634 477/655/639 70/656/640
f 435/650/634 70/656/640 69/657/641
f 478/658/642 73/659/643 477/655/639
f 477/655/639 73/659/643 72/660/644
f 477/655/639 72/660/644 71/661/645
f 354/662/646 353/663/647 478/658/642
f 478/658/642 353/663/647 74/664/648
f 478/658/642 74/664/648 73/659/643
f 74/664/648 353/663/647 75/665/649
f 75/665/649 353/663/647 368/666/650
f 75/665/649 368/666/650 76/667/651
f 76/667/651 368/666/650 479/668/652
f 76/667/651 479/668/652 77/669/653
f 77/669/653 479/668/652 480/670/654
f 77/669/653 480/670/654 78/671/655
f 78/671/655 480/670/654 79/672/656
f 79/672/656 480/670/654 80/673/657
f 80/673/657 480/670/654 455/674/658
f 80/673/657 455/674/658 57/675/659
f 57/675/659 455/674/658 58/676/660
f 58/676/660 455/674/658 59/677/661
f 59/677/661 455/674/658 475/647/631
f 59/677/661 475/647/631 60/678/662
f 60/678/662 475/647/631 61/649/633
f 368/666/650 367/679/663 479/668/652
f 480/670/654 456/680/664 455/674/658
f 71/661/645 70/656/640 477/655/639
f 69/657/641 68/681/665 435/650/634
f 435/650/634 68/681/665 67/651/635
f 65/653/637 64/682/666 476/645/629
f 476/645/629 64/682/666 63/646/630
f 469/683/667 376/684/668 470/685/669
f 470/685/669 376/684/668 375/686/670
f 470/685/669 375/686/670 374/687/671
f 378/688/672 377/689/673 469/683/667
f 469/683/667 377/689/673 376/684/668
f 447/690/674 446/691/675 475/692/676
f 475/692/676 446/691/675 445/693/677
f 475/692/676 445/693/677 476/694/678
f 476/694/678 445/693/677 444/695/679
f 476/694/678 444/695/679 443/696/680
f 422/697/681 481/698/682 423/699/683
f 423/699/683 481/698/682 240/700/684
f 423/699/683 240/700/684 239/701/685
f 242/702/686 241/703/687 481/698/682
f 481/698/682 241/703/687 240/700/684
f 423/699/683 239/701/685 424/704/688
f 424/704/688 239/701/685 238/705/689
f 424/704/688 238/705/689 237/706/690
f 237/706/690 236/707/691 424/704/688
f 424/704/688 236/707/691 425/708/692
f 425/708/692 236/707/691 235/709/693
f 425/708/692 235/709/693 234/710/694
f 425/708/692 234/710/694 426/711/695
f 426/711/695 234/710/694 233/712/696
f 426/711/695 233/712/696 232/713/697
f 426/711/695 232/713/697 427/714/698
f 427/714/698 232/713/697 231/715/699
f 427/714/698 231/715/699 230/716/700
f 433/717/701 432/718/702 230/716/700
f 230/716/700 432/718/702 431/719/703
f 230/716/700 431/719/703 430/720/704
f 430/720/704 429/721/705 230/716/700
f 230/716/700 429/721/705 428/722/706
f 230/716/700 428/722/706 427/714/698
f 292/723/707 291/724/708 217/725/709
f 217/725/709 291/724/708 229/726/710
f 217/725/709 229/726/710 228/727/711
f 217/725/709 228/727/711 218/728/712
f 218/728/712 228/727/711 227/729/713
f 218/728/712 227/729/713 219/730/714
f 219/730/714 227/729/713 226/731/715
f 219/730/714 226/731/715 220/732/716
f 220/732/716 226/731/715 225/733/717
f 220/732/716 225/733/717 221/734/718
f 221/734/718 225/733/717 224/735/719
f 221/734/718 224/735/719 222/736/720
f 222/736/720 224/735/719 223/737/721
f 266/738/722 296/739/723 217/725/709
f 217/725/709 296/739/723 295/740/724
f 217/725/709 295/740/724 294/741/725
f 265/742/726 254/743/727 266/738/722
f 266/738/722 254/743/727 300/744/728
f 266/738/722 300/744/728 299/745/729
f 254/743/727 265/742/726 255/746/730
f 255/746/730 265/742/726 264/747/731
f 255/746/730 264/747/731 256/748/732
f 256/748/732 264/747/731 263/749/733
f 256/748/732 263/749/733 257/750/734
f 257/750/734 263/749/733 262/751/735
f 257/750/734 262/751/735 258/752/736
f 258/752/736 262/751/735 261/753/737
f 258/752/736 261/753/737 259/754/738
f 259/754/738 261/753/737 260/755/739
f 299/745/729 298/756/740 266/738/722
f 266/738/722 298/756/740 297/757/741
f 266/738/722 297/757/741 296/739/723
f 294/741/725 293/758/742 217/725/709
f 217/725/709 293/758/742 292/723/707
f 279/759/254 421/760/743 254/761/255
f 254/761/255 421/760/743 300/762/744
f 300/762/744 421/760/743 301/763/745
f 333/764/746 433/765/747 291/766/748
f 291/766/748 433/765/747 229/767/241
f 229/767/241 433/765/747 230/768/242
f 481/769/749 482/770/750 242/771/751
f 242/771/751 482/770/750 183/772/752
f 242/771/751 183/772/752 182/773/753
f 183/772/752 482/770/750 184/774/754
f 184/774/754 482/770/750 483/775/755
f 184/774/754 483/775/755 185/776/756
f 185/776/756 483/775/755 484/777/757
f 185/776/756 484/777/757 186/778/758
f 186/778/758 484/777/757 485/779/759
f 186/778/758 485/779/759 187/780/760
f 187/780/760 485/779/759 486/781/761
f 187/780/760 486/781/761 188/782/762
f 188/782/762 486/781/761 487/783/763
f 188/782/762 487/783/763 189/784/764
f 189/784/764 487/783/763 488/785/765
f 189/784/764 488/785/765 190/786/766
f 190/786/766 488/785/765 489/787/767
f 190/786/766 489/787/767 191/788/768
f 191/788/768 489/787/767 267/789/769
f 191/788/768 267/789/769 192/790/770
f 192/790/770 267/789/769 169/791/771
f 169/791/771 267/789/769 266/792/772
f 169/791/771 266/792/772 170/793/773
f 170/793/773 266/792/772 171/794/774
f 171/794/774 266/792/772 172/795/775
f 172/795/775 266/792/772 173/796/776
f 173/796/776 266/792/772 174/797/777
f 174/797/777 266/792/772 175/798/778
f 175/798/778 266/792/772 217/799/779
f 175/798/778 217/799/779 176/800/780
f 176/800/780 217/799/779 177/801/781
f 177/801/781 217/799/779 178/802/782
f 178/802/782 217/799/779 179/803/783
f 179/803/783 217/799/779 180/804/784
f 180/804/784 217/799/779 181/805/785
f 181/805/785 217/799/779 242/771/751
f 181/805/785 242/771/751 182/773/753
f 489/787/767 409/806/786 267/789/769
f 313/807/787 312/808/788 410/809/789
f 410/809/789 312/808/788 411/810/790
f 411/810/790 312/808/788 311/811/791
f 411/810/790 311/811/791 412/812/792
f 412/812/792 311/811/791 310/813/793
f 412/812/792 310/813/793 413/814/794
f 413/814/794 310/813/793 309/815/795
f 413/814/794 309/815/795 414/816/796
f 414/816/796 309/815/795 308/817/797
f 414/816/796 308/817/797 415/818/798
f 415/818/798 308/817/797 307/819/799
f 415/818/798 307/819/799 416/820/800
f 416/820/800 307/819/799 306/821/801
f 416/820/800 306/821/801 417/822/802
f 417/822/802 306/821/801 305/823/803
f 417/822/802 305/823/803 418/824/804
f 418/824/804 305/823/803 304/825/805
f 418/824/804 304/825/805 419/826/806
f 419/826/806 304/825/805 303/827/807
f 419/826/806 303/827/807 420/828/808
f 420/828/808 303/827/807 302/829/809
f 420/828/808 302/829/809 421/830/810
f 421/830/810 302/829/809 301/831/811
f 136/832/812 194/833/813 113/834/814
f 113/834/814 194/833/813 193/835/815
f 113/834/814 193/835/815 114/836/816
f 114/836/816 193/835/815 216/837/817
f 114/836/816 216/837/817 215/838/818
f 194/833/813 136/832/812 195/839/819
f 195/839/819 136/832/812 135/840/820
f 195/839/819 135/840/820 196/841/821
f 196/841/821 135/840/820 134/842/822
f 196/841/821 134/842/822 197/843/823
f 197/843/823 134/842/822 133/844/824
f 197/843/823 133/844/824 198/845/825
f 198/845/825 133/844/824 132/846/826
f 198/845/825 132/846/826 199/847/827
f 199/847/827 132/846/826 131/848/828
f 199/847/827 131/848/828 130/849/829
f 199/847/827 130/849/829 200/850/830
f 200/850/830 130/849/829 129/851/831
f 200/850/830 129/851/831 201/852/832
f 201/852/832 129/851/831 128/853/833
f 201/852/832 128/853/833 202/854/834
f 202/854/834 128/853/833 127/855/835
f 202/854/834 127/855/835 203/856/836
f 203/856/836 127/855/835 126/857/837
f 203/856/836 126/857/837 204/858/838
f 204/858/838 126/857/837 125/859/839
f 204/858/838 125/859/839 205/860/840
f 205/860/840 125/859/839 206/861/841
f 206/861/841 125/859/839 124/862/842
f 206/861/841 124/862/842 207/863/843
f 207/863/843 124/862/842 123/864/844
f 207/863/843 123/864/844 208/865/845
f 208/865/845 123/864/844 122/866/846
f 208/865/845 122/866/846 209/867/847
f 209/867/847 122/866/846 121/868/848
f 209/867/847 121/868/848 210/869/849
f 210/869/849 121/868/848 120/870/850
f 210/869/849 120/870/850 211/871/851
f 211/871/851 120/870/850 119/872/852
f 211/871/851 119/872/852 118/873/853
f 211/871/851 118/873/853 212/874/854
f 212/874/854 118/873/853 117/875/855
f 212/874/854 117/875/855 213/876/856
f 213/876/856 117/875/855 116/877/857
f 213/876/856 116/877/857 214/878/858
f 214/878/858 116/877/857 115/879/859
f 214/878/858 115/879/859 215/838/818
f 215/838/818 115/879/859 114/836/816
f 368/880/860 353/881/861 369/882/862
f 369/882/862 353/881/861 352/883/863
f 369/882/862 352/883/863 370/884/864
f 370/884/864 352/883/863 351/885/865
f 370/884/864 351/885/865 350/886/866
f 370/884/864 350/886/866 371/887/867
f 371/887/867 350/886/866 349/888/868
f 371/887/867 349/888/868 372/889/869
f 372/889/869 349/888/868 348/890/870
f 372/889/869 348/890/870 373/891/871
f 354/892/872 478/893/873 355/894/874
f 355/894/874 478/893/873 490/895/875
f 355/894/874 490/895/875 356/896/876
f 356/896/876 490/895/875 491/897/877
f 356/896/876 491/897/877 492/898/878
f 356/896/876 492/898/878 357/899/879
f 357/899/879 492/898/878 493/900/880
f 357/899/879 493/900/880 358/901/881
f 358/901/881 493/900/880 494/902/882
f 358/901/881 494/902/882 359/903/883
f 359/903/883 494/902/882 360/904/884
f 360/904/884 494/902/882 495/905/885
f 360/904/884 495/905/885 361/906/886
f 361/906/886 495/905/885 496/907/887
f 361/906/886 496/907/887 362/908/888
f 362/908/888 496/907/887 363/909/889
f 363/909/889 496/907/887 497/910/890
f 363/909/889 497/910/890 364/911/891
f 364/911/891 497/910/890 498/912/892
f 364/911/891 498/912/892 365/913/893
f 365/913/893 498/912/892 499/914/894
f 365/913/893 499/914/894 500/915/895
f 365/913/893 500/915/895 366/916/896
f 366/916/896 500/915/895 479/917/897
f 366/916/896 479/917/897 367/918/898
f 480/919/899 479/920/900 511/921/901
f 511/921/901 479/920/900 500/922/902
f 511/921/901 500/922/902 510/923/903
f 510/923/903 500/922/902 499/924/904
f 510/923/903 499/924/904 509/925/905
f 509/925/905 499/924/904 498/926/906
f 509/925/905 498/926/906 508/927/907
f 508/927/907 498/926/906 497/928/908
f 508/927/907 497/928/908 507/929/909
f 507/929/909 497/928/908 496/930/910
f 507/929/909 496/930/910 506/931/911
f 506/931/911 496/930/910 495/932/912
f 506/931/911 495/932/912 505/933/913
f 505/933/913 495/932/912 494/934/914
f 505/933/913 494/934/914 504/935/915
f 504/935/915 494/934/914 493/936/916
f 504/935/915 493/936/916 503/937/917
f 503/937/917 493/936/916 492/938/918
f 503/937/917 492/938/918 502/939/919
f 502/939/919 492/938/918 491/940/920
f 502/939/919 491/940/920 501/941/921
f 501/941/921 491/940/920 490/942/922
f 501/941/921 490/942/922 477/943/923
f 477/943/923 490/942/922 478/944/924
f 456/945/925 480/946/926 457/947/927
f 457/947/927 480/946/926 511/948/928
f 457/947/927 511/948/928 458/949/929
f 458/949/929 511/948/928 510/950/930
f 458/949/929 510/950/930 509/951/931
f 458/949/929 509/951/931 459/952/932
f 459/952/932 509/951/931 508/953/933
f 459/952/932 508/953/933 460/954/934
f 460/954/934 508/953/933 507/955/935
f 460/954/934 507/955/935 461/956/936
f 461/956/936 507/955/935 462/957/937
f 462/957/937 507/955/935 506/958/938
f 462/957/937 506/958/938 463/959/939
f 463/959/939 506/958/938 505/960/940
f 463/959/939 505/960/940 464/961/941
f 464/961/941 505/960/940 465/962/942
f 465/962/942 505/960/940 504/963/943
f 465/962/942 504/963/943 466/964/944
f 466/964/944 504/963/943 503/965/945
f 466/964/944 503/965/945 467/966/946
f 467/966/946 503/965/945 502/967/947
f 467/966/946 502/967/947 501/968/948
f 467/966/946 501/968/948 468/969/949
f 468/969/949 501/968/948 477/970/950
f 468/969/949 477/970/950 434/971/951
f 387/972/952 474/973/953 388/974/954
f 388/974/954 474/973/953 512/975/955
f 388/974/954 512/975/955 389/976/956
f 389/976/956 512/975/955 513/977/957
f 389/976/956 513/977/957 514/978/958
f 389/976/956 514/978/958 390/979/959
f 390/979/959 514/978/958 515/980/960
f 390/979/959 515/980/960 391/981/961
f 391/981/961 515/980/960 516/982/962
f 391/981/961 516/982/962 392/983/963
f 392/983/963 516/982/962 393/984/964
f 393/984/964 516/982/962 517/985/965
f 393/984/964 517/985/965 394/986/966
f 394/986/966 517/985/965 518/987/967
f 394/986/966 518/987/967 395/988/968
f 395/988/968 518/987/967 396/989/969
f 396/989/969 518/987/967 519/990/970
f 396/989/969 519/990/970 397/991/971
f 397/991/971 519/990/970 520/992/972
f 397/991/971 520/992/972 398/993/973
f 398/993/973 520/992/972 521/994/974
f 398/993/973 521/994/974 522/995/975
f 398/993/973 522/995/975 399/996/976
f 399/996/976 522/995/975 471/997/977
f 399/996/976 471/997/977 400/998/978
f 474/999/979 473/1000/980 512/1001/981
f 512/1001/981 473/1000/980 523/1002/982
f 512/1001/981 523/1002/982 513/1003/983
f 513/1003/983 523/1002/982 524/1004/984
f 513/1003/983 524/1004/984 514/1005/985
f 514/1005/985 524/1004/984 525/1006/986
f 514/1005/985 525/1006/986 515/1007/987
f 515/1007/987 525/1006/986 526/1008/988
f 515/1007/987 526/1008/988 516/1009/989
f 516/1009/989 526/1008/988 527/1010/990
f 516/1009/989 527/1010/990 517/1011/991
f 517/1011/991 527/1010/990 528/1012/992
f 517/1011/991 528/1012/992 518/1013/993
f 518/1013/993 528/1012/992 529/1014/994
f 518/1013/993 529/1014/994 519/1015/995
f 519/1015/995 529/1014/994 530/1016/996
f 519/1015/995 530/1016/996 520/1017/997
f 520/1017/997 530/1016/996 531/1018/998
f 520/1017/997 531/1018/998 521/1019/999
f 521/1019/999 531/1018/998 532/1020/1000
f 521/1019/999 532/1020/1000 522/1021/1001
f 522/1021/1001 532/1020/1000 533/1022/1002
f 522/1021/1001 533/1022/1002 471/1023/1003
f 471/1023/1003 533/1022/1002 472/1024/1004
f 334/1025/1005 472/1026/1006 335/1027/1007
f 335/1027/1007 472/1026/1006 533/1028/1008
f 335/1027/1007 533/1028/1008 336/1029/1009
f 336/1029/1009 533/1028/1008 532/1030/1010
f 336/1029/1009 532/1030/1010 531/1031/1011
f 336/1029/1009 531/1031/1011 337/1032/1012
f 337/1032/1012 531/1031/1011 530/1033/1013
f 337/1032/1012 530/1033/1013 338/1034/1014
f 338/1034/1014 530/1033/1013 529/1035/1015
f 338/1034/1014 529/1035/1015 339/1036/1016
f 339/1036/1016 529/1035/1015 340/1037/1017
f 340/1037/1017 529/1035/1015 528/1038/1018
f 340/1037/1017 528/1038/1018 341/1039/1019
f 341/1039/1019 528/1038/1018 527/1040/1020
f 341/1039/1019 527/1040/1020 342/1041/1021
f 342/1041/1021 527/1040/1020 343/1042/1022
f 343/1042/1022 527/1040/1020 526/1043/1023
f 343/1042/1022 526/1043/1023 344/1044/1024
f 344/1044/1024 526/1043/1023 525/1045/1025
f 344/1044/1024 525/1045/1025 345/1046/1026
f 345/1046/1026 525/1045/1025 524/1047/1027
f 345/1046/1026 524/1047/1027 523/1048/1028
f 345/1046/1026 523/1048/1028 346/1049/1029
f 346/1049/1029 523/1048/1028 473/1050/1030
f 346/1049/1029 473/1050/1030 347/1051/1031
f 447/1052/1032 475/1053/1033 448/1054/1034
f 448/1054/1034 475/1053/1033 449/1055/1035
f 449/1055/1035 475/1053/1033 450/1056/1036
f 450/1056/1036 475/1053/1033 451/1057/1037
f 451/1057/1037 475/1053/1033 452/1058/1038
f 452/1058/1038 475/1053/1033 453/1059/1039
f 453/1059/1039 475/1053/1033 454/1060/1040
f 454/1060/1040 475/1053/1033 455/1061/1041
f 401/1062/1042 470/1063/1043 402/1064/1044
f 402/1064/1044 470/1063/1043 403/1065/1045
f 403/1065/1045 470/1063/1043 404/1066/1046
f 404/1066/1046 470/1063/1043 405/1067/1047
f 405/1067/1047 470/1063/1043 406/1068/1048
f 406/1068/1048 470/1063/1043 407/1069/1049
f 407/1069/1049 470/1063/1043 408/1070/1050
f 408/1070/1050 470/1063/1043 374/1071/1051
f 435/1072/1052 476/1073/1053 436/1074/1054
f 436/1074/1054 476/1073/1053 437/1075/1055
f 437/1075/1055 476/1073/1053 438/1076/1056
f 438/1076/1056 476/1073/1053 439/1077/1057
f 439/1077/1057 476/1073/1053 440/1078/1058
f 440/1078/1058 476/1073/1053 441/1079/1059
f 441/1079/1059 476/1073/1053 442/1080/1060
f 442/1080/1060 476/1073/1053 443/1081/1061
f 378/1082/1062 469/1083/1063 379/1084/1064
f 379/1084/1064 469/1083/1063 380/1085/1065
f 380/1085/1065 469/1083/1063 381/1086/1066
f 381/1086/1066 469/1083/1063 382/1087/1067
f 382/1087/1067 469/1083/1063 383/1088/1068
f 383/1088/1068 469/1083/1063 384/1089/1069
f 384/1089/1069 469/1083/1063 385/1090/1070
f 385/1090/1070 469/1083/1063 386/1091/1071
f 481/1092/1072 422/1093/1073 482/1094/1074
f 482/1094/1074 422/1093/1073 321/1095/1075
f 482/1094/1074 321/1095/1075 483/1096/1076
f 483/1096/1076 321/1095/1075 320/1097/1077
f 483/1096/1076 320/1097/1077 319/1098/1078
f 483/1096/1076 319/1098/1078 484/1099/1079
f 484/1099/1079 319/1098/1078 318/1100/1080
f 484/1099/1079 318/1100/1080 485/1101/1081
f 485/1101/1081 318/1100/1080 317/1102/1082
f 485/1101/1081 317/1102/1082 486/1103/1083
f 486/1103/1083 317/1102/1082 316/1104/1084
f 486/1103/1083 316/1104/1084 487/1105/1085
f 487/1105/1085 316/1104/1084 315/1106/1086
f 487/1105/1085 315/1106/1086 488/1107/1087
f 488/1107/1087 315/1106/1086 314/1108/1088
f 488/1107/1087 314/1108/1088 313/1109/1089
f 488/1107/1087 313/1109/1089 489/1110/1090
f 489/1110/1090 313/1109/1089 410/1111/1091
f 489/1110/1090 410/1111/1091 409/1112/1092
g Corpo2

v 338.500986 -2.353392 18.386493
v 338.500986 -2.268207 17.739445
v 338.500986 -2.018456 17.136493
v 338.500986 -1.621159 16.618726
v 338.500986 -1.103392 16.221429
v 338.500986 -0.500440 15.971678
v 338.500986 0.146608 15.886493
v 338.500986 0.793655 15.971678
v 338.500986 1.396608 16.221429
v 338.500986 1.914375 16.618726
v 338.500986 2.311671 17.136493
v 338.500986 2.561422 17.739445
v 338.500986 2.646608 18.386493
v 338.500986 2.561422 19.033540
v 338.500986 2.311671 19.636493
v 338.500986 1.914375 20.154260
v 338.500986 1.396608 20.551556
v 338.500986 0.793655 20.801307
v 338.500986 0.146608 20.886493
v 338.500986 -0.500440 20.801307
v 338.500986 -1.103392 20.551556
v 338.500986 -1.621159 20.154260
v 338.500986 -2.018456 19.636493
v 338.500986 -2.268207 19.033540
v 318.500986 -2.353392 18.386493
v 318.500986 -2.268207 19.033540
v 318.500986 -2.018456 19.636493
v 318.500986 -1.621159 20.154260
v 318.500986 -1.103392 20.551556
v 318.500986 -0.500440 20.801307
v 318.500986 0.146608 20.886493
v 318.500986 0.793655 20.801307
v 318.500986 1.396608 20.551556
v 318.500986 1.914375 20.154260
v 318.500986 2.311671 19.636493
v 318.500986 2.561422 19.033540
v 318.500986 2.646608 18.386493
v 318.500986 2.561422 17.739445
v 318.500986 2.311671 17.136493
v 318.500986 1.914375 16.618726
v 318.500986 1.396608 16.221429
v 318.500986 0.793655 15.971678
v 318.500986 0.146608 15.886493
v 318.500986 -0.500440 15.971678
v 318.500986 -1.103392 16.221429
v 318.500986 -1.621159 16.618726
v 318.500986 -2.018456 17.136493
v 318.500986 -2.268207 17.739445
v 328.500986 2.646608 18.386493
v 328.500986 -2.268207 17.739445
v 328.500986 -2.353392 18.386493
v 328.500986 -2.018456 17.136493
v 328.500986 -1.621159 16.618726
v 328.500986 -1.103392 16.221429
v 328.500986 -0.500440 15.971678
v 328.500986 0.146608 15.886493
v 328.500986 0.793655 15.971678
v 328.500986 1.396608 16.221429
v 328.500986 1.914375 16.618726
v 328.500986 2.311671 17.136493
v 328.500986 2.561422 17.739445
v 328.500986 2.561422 19.033540
v 328.500986 2.311671 19.636493
v 328.500986 1.914375 20.154260
v 328.500986 1.396608 20.551556
v 328.500986 0.793655 20.801307
v 328.500986 0.146608 20.886493
v 328.500986 -0.500440 20.801307
v 328.500986 -1.103392 20.551556
v 328.500986 -1.621159 20.154260
v 328.500986 -2.018456 19.636493
v 328.500986 -2.268207 19.033540
v 318.500986 -3.103392 32.386493
v 318.500986 -10.353392 32.386493
v 338.500986 -10.353392 32.386493
v 338.500986 -3.103392 32.386493
v 338.500986 -12.353392 8.386493
v 338.500986 -12.353392 30.386493
v 318.500986 -12.353392 30.386493
v 318.500986 -12.353392 8.386493
v 338.500986 12.646608 8.386493
v 338.500986 12.646608 30.386493
v 338.500986 10.646608 32.386493
v 338.500986 3.396608 32.386493
v 338.500986 3.285867 31.545331
v 338.500986 2.961190 30.761493
v 338.500986 2.444705 30.088396
v 338.500986 1.771608 29.571910
v 338.500986 0.987770 29.247234
v 338.500986 0.146608 29.136493
v 338.500986 -0.694554 29.247234
v 338.500986 -1.478392 29.571910
v 338.500986 -2.151489 30.088396
v 338.500986 -2.667975 30.761493
v 338.500986 -2.992651 31.545331
v 318.500986 12.646608 8.386493
v 318.500986 12.646608 30.386493
v 318.500986 3.396608 32.386493
v 318.500986 10.646608 32.386493
v 318.500986 -2.992651 31.545331
v 318.500986 -2.667975 30.761493
v 318.500986 -2.151489 30.088396
v 318.500986 -1.478392 29.571910
v 318.500986 -0.694554 29.247234
v 318.500986 0.146608 29.136493
v 318.500986 0.987770 29.247234
v 318.500986 1.771608 29.571910
v 318.500986 2.444705 30.088396
v 318.500986 2.961190 30.761493
v 318.500986 3.285867 31.545331
vt -2.000000 -0.065450 0.000000
vt -1.000000 -0.065450 0.000000
vt -2.000000 0.000000 0.000000
vt -1.000000 0.000000 0.000000
vt -2.000000 0.065450 0.000000
vt -1.000000 0.065450 0.000000
vt -2.000000 0.130900 0.000000
vt -1.000000 0.130900 0.000000
vt -2.000000 0.196350 0.000000
vt -1.000000 0.196350 0.000000
vt -2.000000 0.261799 0.000000
vt -1.000000 0.261799 0.000000
vt -2.000000 0.327249 0.000000
vt -1.000000 0.327249 0.000000
vt -2.000000 0.392699 0.000000
vt -1.000000 0.392699 0.000000
vt -2.000000 0.458149 0.000000
vt -1.000000 0.458149 0.000000
vt -2.000000 0.523599 0.000000
vt -1.000000 0.523599 0.000000
vt -2.000000 0.589049 0.000000
vt -1.000000 0.589049 0.000000
vt -2.000000 0.654498 0.000000
vt -1.000000 0.654498 0.000000
vt -2.000000 0.719948 0.000000
vt -1.000000 0.719948 0.000000
vt -2.000000 0.785398 0.000000
vt -1.000000 0.785398 0.000000
vt -2.000000 -0.785398 0.000000
vt -1.000000 -0.785398 0.000000
vt -2.000000 -0.719948 0.000000
vt -1.000000 -0.719948 0.000000
vt -2.000000 -0.654498 0.000000
vt -1.000000 -0.654498 0.000000
vt -2.000000 -0.589049 0.000000
vt -1.000000 -0.589049 0.000000
vt -2.000000 -0.523599 0.000000
vt -1.000000 -0.523599 0.000000
vt -2.000000 -0.458149 0.000000
vt -1.000000 -0.458149 0.000000
vt -2.000000 -0.392699 0.000000
vt -1.000000 -0.392699 0.000000
vt -2.000000 -0.327249 0.000000
vt -1.000000 -0.327249 0.000000
vt -2.000000 -0.261799 0.000000
vt -1.000000 -0.261799 0.000000
vt -2.000000 -0.196350 0.000000
vt -1.000000 -0.196350 0.000000
vt -2.000000 -0.130900 0.000000
vt -1.000000 -0.130900 0.000000
vt 0.000000 0.065450 0.000000
vt 0.000000 0.000000 0.000000
vt 0.000000 -0.065450 0.000000
vt 0.000000 -0.130900 0.000000
vt 0.000000 -0.196350 0.000000
vt 0.000000 -0.261799 0.000000
vt 0.000000 -0.327249 0.000000
vt 0.000000 -0.392699 0.000000
vt 0.000000 -0.458149 0.000000
vt 0.000000 -0.523599 0.000000
vt 0.000000 -0.589049 0.000000
vt 0.000000 -0.654498 0.000000
vt 0.000000 -0.719948 0.000000
vt 0.000000 -0.785398 0.000000
vt 0.000000 0.785398 0.000000
vt 0.000000 0.719948 0.000000
vt 0.000000 0.654498 0.000000
vt 0.000000 0.589049 0.000000
vt 0.000000 0.523599 0.000000
vt 0.000000 0.458149 0.000000
vt 0.000000 0.392699 0.000000
vt 0.000000 0.327249 0.000000
vt 0.000000 0.261799 0.000000
vt 0.000000 0.196350 0.000000
vt 0.000000 0.130900 0.000000
vt 2.000000 -0.200000 0.000000
vt -0.000000 -0.200000 0.000000
vt 2.000000 -0.925000 0.000000
vt -0.000000 -0.925000 0.000000
vt 2.000000 -0.200000 0.000000
vt -0.000000 -0.200000 0.000000
vt 2.000000 -2.400000 0.000000
vt -0.000000 -2.400000 0.000000
vt -0.000000 -0.200000 0.000000
vt -1.000000 -1.400000 0.000000
vt -0.000000 -2.400000 0.000000
vt -1.008519 -1.464705 0.000000
vt -1.033494 -1.525000 0.000000
vt -0.200000 0.000000 0.000000
vt -0.968542 -0.162500 0.000000
vt -1.020190 -0.229810 0.000000
vt -1.073223 -1.223223 0.000000
vt -1.087500 -0.281458 0.000000
vt -1.125000 -1.183494 0.000000
vt -1.165884 -0.313926 0.000000
vt -1.185295 -1.158519 0.000000
vt -1.250000 -0.325000 0.000000
vt -1.250000 -1.150000 0.000000
vt -1.314705 -1.158519 0.000000
vt -1.334116 -0.313926 0.000000
vt -1.375000 -1.183494 0.000000
vt -1.412500 -0.281458 0.000000
vt -1.426777 -1.223223 0.000000
vt -1.479810 -0.229810 0.000000
vt -2.500000 -0.200000 0.000000
vt -1.531458 -0.162500 0.000000
vt -2.300000 0.000000 0.000000
vt -1.563926 -0.084116 0.000000
vt -1.575000 0.000000 0.000000
vt -0.925000 0.000000 0.000000
vt -0.936074 -0.084116 0.000000
vt -2.500000 -2.400000 0.000000
vt -1.500000 -1.400000 0.000000
vt -1.491481 -1.335295 0.000000
vt -1.466506 -1.275000 0.000000
vt -1.250000 -1.650000 0.000000
vt -1.314705 -1.641481 0.000000
vt -1.375000 -1.616506 0.000000
vt -1.033494 -1.275000 0.000000
vt -1.008519 -1.335295 0.000000
vt -1.073223 -1.576777 0.000000
vt -1.125000 -1.616506 0.000000
vt -1.185295 -1.641481 0.000000
vt -1.426777 -1.576777 0.000000
vt -1.466506 -1.525000 0.000000
vt -1.491481 -1.464705 0.000000
vt -0.000000 -0.200000 0.000000
vt -2.000000 -0.200000 0.000000
vt -0.000000 -2.400000 0.000000
vt -2.000000 -2.400000 0.000000
vt 0.925000 0.000000 0.000000
vt 0.200000 0.000000 0.000000
vt 0.936074 -0.084116 0.000000
vt 0.968542 -0.162500 0.000000
vt -0.000000 -0.200000 0.000000
vt 1.020190 -0.229810 0.000000
vt 1.073223 -1.223223 0.000000
vt 1.087500 -0.281458 0.000000
vt 1.125000 -1.183494 0.000000
vt 1.165884 -0.313926 0.000000
vt 1.185295 -1.158519 0.000000
vt 1.250000 -0.325000 0.000000
vt 1.250000 -1.150000 0.000000
vt 1.314705 -1.158519 0.000000
vt -0.000000 -2.400000 0.000000
vt 1.000000 -1.400000 0.000000
vt 1.008519 -1.335295 0.000000
vt 1.033494 -1.275000 0.000000
vt 2.500000 -2.400000 0.000000
vt 1.250000 -1.650000 0.000000
vt 1.185295 -1.641481 0.000000
vt 1.125000 -1.616506 0.000000
vt 2.500000 -0.200000 0.000000
vt 1.500000 -1.400000 0.000000
vt 1.491481 -1.464705 0.000000
vt 1.466506 -1.525000 0.000000
vt 2.300000 0.000000 0.000000
vt 1.531458 -0.162500 0.000000
vt 1.479810 -0.229810 0.000000
vt 1.426777 -1.223223 0.000000
vt 1.412500 -0.281458 0.000000
vt 1.375000 -1.183494 0.000000
vt 1.334116 -0.313926 0.000000
vt 1.575000 0.000000 0.000000
vt 1.563926 -0.084116 0.000000
vt 1.426777 -1.576777 0.000000
vt 1.375000 -1.616506 0.000000
vt 1.314705 -1.641481 0.000000
vt 1.073223 -1.576777 0.000000
vt 1.033494 -1.525000 0.000000
vt 1.008519 -1.464705 0.000000
vt 1.466506 -1.275000 0.000000
vt 1.491481 -1.335295 0.000000
vt -0.000000 -2.300000 0.000000
vt 2.000000 -2.300000 0.000000
vt -0.000000 -1.575000 0.000000
vt 2.000000 -1.575000 0.000000
vt 0.000000 0.000000 0.000000
vt -2.000000 0.000000 0.000000
vt 0.000000 -2.500000 0.000000
vt -2.000000 -2.500000 0.000000
vt 2.000000 0.000000 0.000000
vt 0.000000 0.000000 0.000000
vt 2.000000 -0.085085 0.000000
vt 0.000000 -0.085085 0.000000
vt 2.000000 -0.170170 0.000000
vt 0.000000 -0.170170 0.000000
vt 2.000000 -0.255254 0.000000
vt 0.000000 -0.255254 0.000000
vt 2.000000 -0.340339 0.000000
vt 0.000000 -0.340339 0.000000
vt 2.000000 -0.425424 0.000000
vt 0.000000 -0.425424 0.000000
vt 2.000000 -0.510509 0.000000
vt 0.000000 -0.510509 0.000000
vt 2.000000 -0.595594 0.000000
vt 0.000000 -0.595594 0.000000
vt 2.000000 -0.680678 0.000000
vt 0.000000 -0.680678 0.000000
vt 2.000000 -0.765763 0.000000
vt 0.000000 -0.765763 0.000000
vt 2.000000 -0.850848 0.000000
vt 0.000000 -0.850848 0.000000
vt 2.000000 -0.935933 0.000000
vt 0.000000 -0.935933 0.000000
vt 2.000000 -1.021018 0.000000
vt 0.000000 -1.021018 0.000000
vt -0.000000 0.000000 0.000000
vt 0.282843 0.000000 0.000000
vt -0.000000 2.000000 0.000000
vt 0.282843 2.000000 0.000000
vt 0.000000 2.000000 0.000000
vt -0.282843 2.000000 0.000000
vt 0.000000 0.000000 0.000000
vt -0.282843 0.000000 0.000000
vn -0.000000 0.096593 0.025882
vn -0.000000 0.096593 0.025882
vn -0.000000 0.100000 -0.000000
vn -0.000000 0.100000 -0.000000
vn -0.000000 0.096593 -0.025882
vn -0.000000 0.096593 -0.025882
vn -0.000000 0.086603 -0.050000
vn -0.000000 0.086603 -0.050000
vn -0.000000 0.070711 -0.070711
vn -0.000000 0.070711 -0.070711
vn -0.000000 0.050000 -0.086603
vn -0.000000 0.050000 -0.086603
vn -0.000000 0.025882 -0.096593
vn -0.000000 0.025882 -0.096593
vn -0.000000 -0.000000 -0.100000
vn -0.000000 -0.000000 -0.100000
vn -0.000000 -0.025882 -0.096593
vn -0.000000 -0.025882 -0.096593
vn -0.000000 -0.050000 -0.086603
vn -0.000000 -0.050000 -0.086603
vn -0.000000 -0.070711 -0.070711
vn -0.000000 -0.070711 -0.070711
vn 0.000000 -0.086603 -0.050000
vn 0.000000 -0.086603 -0.050000
vn 0.000000 -0.096593 -0.025882
vn 0.000000 -0.096593 -0.025882
vn 0.000000 -0.100000 -0.000000
vn 0.000000 -0.100000 -0.000000
vn 0.000000 -0.096593 0.025882
vn 0.000000 -0.096593 0.025882
vn 0.000000 -0.086603 0.050000
vn 0.000000 -0.086603 0.050000
vn 0.000000 -0.070711 0.070711
vn 0.000000 -0.070711 0.070711
vn 0.000000 -0.050000 0.086603
vn 0.000000 -0.050000 0.086603
vn 0.000000 -0.025882 0.096593
vn 0.000000 -0.025882 0.096593
vn 0.000000 0.000000 0.100000
vn 0.000000 0.000000 0.100000
vn 0.000000 0.025882 0.096593
vn 0.000000 0.025882 0.096593
vn 0.000000 0.050000 0.086603
vn 0.000000 0.050000 0.086603
vn 0.000000 0.070711 0.070711
vn 0.000000 0.070711 0.070711
vn -0.000000 0.086603 0.050000
vn -0.000000 0.086603 0.050000
vn -0.000000 0.096593 -0.025882
vn -0.000000 0.100000 -0.000000
vn -0.000000 0.096593 0.025882
vn -0.000000 0.086603 0.050000
vn 0.000000 0.070711 0.070711
vn 0.000000 0.050000 0.086603
vn 0.000000 0.025882 0.096593
vn 0.000000 0.000000 0.100000
vn 0.000000 -0.025882 0.096593
vn 0.000000 -0.050000 0.086603
vn 0.000000 -0.070711 0.070711
vn 0.000000 -0.086603 0.050000
vn 0.000000 -0.096593 0.025882
vn 0.000000 -0.100000 0.000000
vn 0.000000 -0.096593 -0.025882
vn 0.000000 -0.086603 -0.050000
vn -0.000000 -0.070711 -0.070711
vn -0.000000 -0.050000 -0.086603
vn -0.000000 -0.025882 -0.096593
vn -0.000000 -0.000000 -0.100000
vn -0.000000 0.025882 -0.096593
vn -0.000000 0.050000 -0.086603
vn -0.000000 0.070711 -0.070711
vn -0.000000 0.086603 -0.050000
vn 0.000000 0.000000 0.100000
vn 0.000000 0.000000 0.100000
vn 0.000000 0.000000 0.100000
vn 0.000000 0.000000 0.100000
vn 0.000000 -0.100000 0.000000
vn 0.000000 -0.100000 0.000000
vn 0.000000 -0.100000 0.000000
vn 0.000000 -0.100000 0.000000
vn 0.100000 0.000000 -0.000000
vn 0.100000 0.000000 -0.000000
vn 0.100000 0.000000 -0.000000
vn 0.100000 0.000000 -0.000000
vn 0.100000 0.000000 -0.000000
vn 0.100000 0.000000 -0.000000
vn 0.100000 0.000000 -0.000000
vn 0.100000 0.000000 -0.000000
vn 0.100000 0.000000 -0.000000
vn 0.100000 0.000000 -0.000000
vn 0.100000 0.000000 -0.000000
vn 0.100000 0.000000 -0.000000
vn 0.100000 0.000000 -0.000000
vn 0.100000 0.000000 -0.000000
vn 0.100000 0.000000 -0.000000
vn 0.100000 0.000000 -0.000000
vn 0.100000 0.000000 -0.000000
vn 0.100000 0.000000 -0.000000
vn 0.100000 0.000000 -0.000000
vn 0.100000 0.000000 -0.000000
vn 0.100000 0.000000 -0.000000
vn 0.100000 0.000000 -0.000000
vn 0.100000 0.000000 -0.000000
vn 0.100000 0.000000 -0.000000
vn 0.100000 0.000000 -0.000000
vn 0.100000 0.000000 -0.000000
vn 0.100000 0.000000 -0.000000
vn 0.100000 0.000000 -0.000000
vn 0.100000 0.000000 -0.000000
vn 0.100000 0.000000 -0.000000
vn 0.100000 0.000000 -0.000000
vn 0.100000 0.000000 -0.000000
vn 0.100000 0.000000 -0.000000
vn 0.100000 0.000000 -0.000000
vn 0.100000 0.000000 -0.000000
vn 0.100000 0.000000 -0.000000
vn 0.100000 0.000000 -0.000000
vn 0.100000 0.000000 -0.000000
vn 0.100000 0.000000 -0.000000
vn 0.100000 0.000000 -0.000000
vn 0.100000 0.000000 -0.000000
vn 0.100000 0.000000 -0.000000
vn 0.100000 0.000000 -0.000000
vn -0.000000 0.100000 -0.000000
vn -0.000000 0.100000 -0.000000
vn -0.000000 0.100000 -0.000000
vn -0.000000 0.100000 -0.000000
vn -0.100000 -0.000000 0.000000
vn -0.100000 -0.000000 0.000000
vn -0.100000 -0.000000 0.000000
vn -0.100000 -0.000000 0.000000
vn -0.100000 -0.000000 0.000000
vn -0.100000 -0.000000 0.000000
vn -0.100000 -0.000000 0.000000
vn -0.100000 -0.000000 0.000000
vn -0.100000 -0.000000 0.000000
vn -0.100000 -0.000000 0.000000
vn -0.100000 -0.000000 0.000000
vn -0.100000 -0.000000 0.000000
vn -0.100000 -0.000000 0.000000
vn -0.100000 -0.000000 0.000000
vn -0.100000 -0.000000 0.000000
vn -0.100000 -0.000000 0.000000
vn -0.100000 -0.000000 0.000000
vn -0.100000 -0.000000 0.000000
vn -0.100000 -0.000000 0.000000
vn -0.100000 -0.000000 0.000000
vn -0.100000 -0.000000 0.000000
vn -0.100000 -0.000000 0.000000
vn -0.100000 -0.000000 0.000000
vn -0.100000 -0.000000 0.000000
vn -0.100000 -0.000000 0.000000
vn -0.100000 -0.000000 0.000000
vn -0.100000 -0.000000 0.000000
vn -0.100000 -0.000000 0.000000
vn -0.100000 -0.000000 0.000000
vn -0.100000 -0.000000 0.000000
vn -0.100000 -0.000000 0.000000
vn -0.100000 -0.000000 0.000000
vn -0.100000 -0.000000 0.000000
vn -0.100000 -0.000000 0.000000
vn -0.100000 -0.000000 0.000000
vn -0.100000 -0.000000 0.000000
vn -0.100000 -0.000000 0.000000
vn -0.100000 -0.000000 0.000000
vn -0.100000 -0.000000 0.000000
vn -0.100000 -0.000000 0.000000
vn -0.100000 -0.000000 0.000000
vn -0.100000 -0.000000 0.000000
vn -0.100000 -0.000000 0.000000
vn 0.000000 0.000000 0.100000
vn 0.000000 0.000000 0.100000
vn 0.000000 0.000000 0.100000
vn 0.000000 0.000000 0.100000
vn -0.000000 -0.000000 -0.100000
vn -0.000000 -0.000000 -0.100000
vn -0.000000 -0.000000 -0.100000
vn -0.000000 -0.000000 -0.100000
vn -0.000000 0.100000 -0.000000
vn -0.000000 0.100000 -0.000000
vn -0.000000 0.096593 0.025882
vn -0.000000 0.096593 0.025882
vn -0.000000 0.086603 0.050000
vn -0.000000 0.086603 0.050000
vn 0.000000 0.070711 0.070711
vn 0.000000 0.070711 0.070711
vn 0.000000 0.050000 0.086603
vn 0.000000 0.050000 0.086603
vn 0.000000 0.025882 0.096593
vn 0.000000 0.025882 0.096593
vn 0.000000 0.000000 0.100000
vn 0.000000 0.000000 0.100000
vn 0.000000 -0.025882 0.096593
vn 0.000000 -0.025882 0.096593
vn 0.000000 -0.050000 0.086603
vn 0.000000 -0.050000 0.086603
vn 0.000000 -0.070711 0.070711
vn 0.000000 -0.070711 0.070711
vn 0.000000 -0.086603 0.050000
vn 0.000000 -0.086603 0.050000
vn 0.000000 -0.096593 0.025882
vn 0.000000 -0.096593 0.025882
vn 0.000000 -0.100000 0.000000
vn 0.000000 -0.100000 0.000000
vn 0.000000 0.070711 0.070711
vn 0.000000 0.070711 0.070711
vn 0.000000 0.070711 0.070711
vn 0.000000 0.070711 0.070711
vn 0.000000 -0.070711 0.070711
vn 0.000000 -0.070711 0.070711
vn 0.000000 -0.070711 0.070711
vn 0.000000 -0.070711 0.070711
usemtl Opaque(192,255,255)
f 535/1113/1093 583/1114/1094 534/1115/1095
f 534/1115/1095 583/1114/1094 584/1116/1096
f 534/1115/1095 584/1116/1096 557/1117/1097
f 557/1117/1097 584/1116/1096 605/1118/1098
f 557/1117/1097 605/1118/1098 556/1119/1099
f 556/1119/1099 605/1118/1098 604/1120/1100
f 556/1119/1099 604/1120/1100 555/1121/1101
f 555/1121/1101 604/1120/1100 603/1122/1102
f 555/1121/1101 603/1122/1102 554/1123/1103
f 554/1123/1103 603/1122/1102 602/1124/1104
f 554/1123/1103 602/1124/1104 553/1125/1105
f 553/1125/1105 602/1124/1104 601/1126/1106
f 553/1125/1105 601/1126/1106 552/1127/1107
f 552/1127/1107 601/1126/1106 600/1128/1108
f 552/1127/1107 600/1128/1108 551/1129/1109
f 551/1129/1109 600/1128/1108 599/1130/1110
f 551/1129/1109 599/1130/1110 550/1131/1111
f 550/1131/1111 599/1130/1110 598/1132/1112
f 550/1131/1111 598/1132/1112 549/1133/1113
f 549/1133/1113 598/1132/1112 597/1134/1114
f 549/1133/1113 597/1134/1114 548/1135/1115
f 548/1135/1115 597/1134/1114 596/1136/1116
f 548/1135/1115 596/1136/1116 547/1137/1117
f 547/1137/1117 596/1136/1116 595/1138/1118
f 547/1137/1117 595/1138/1118 546/1139/1119
f 546/1139/1119 595/1138/1118 582/1140/1120
f 546/1141/1119 582/1142/1120 545/1143/1121
f 545/1143/1121 582/1142/1120 594/1144/1122
f 545/1143/1121 594/1144/1122 544/1145/1123
f 544/1145/1123 594/1144/1122 593/1146/1124
f 544/1145/1123 593/1146/1124 543/1147/1125
f 543/1147/1125 593/1146/1124 592/1148/1126
f 543/1147/1125 592/1148/1126 542/1149/1127
f 542/1149/1127 592/1148/1126 591/1150/1128
f 542/1149/1127 591/1150/1128 541/1151/1129
f 541/1151/1129 591/1150/1128 590/1152/1130
f 541/1151/1129 590/1152/1130 540/1153/1131
f 540/1153/1131 590/1152/1130 589/1154/1132
f 540/1153/1131 589/1154/1132 539/1155/1133
f 539/1155/1133 589/1154/1132 588/1156/1134
f 539/1155/1133 588/1156/1134 538/1157/1135
f 538/1157/1135 588/1156/1134 587/1158/1136
f 538/1157/1135 587/1158/1136 537/1159/1137
f 537/1159/1137 587/1158/1136 586/1160/1138
f 537/1159/1137 586/1160/1138 536/1161/1139
f 536/1161/1139 586/1160/1138 585/1162/1140
f 536/1161/1139 585/1162/1140 535/1113/1093
f 535/1113/1093 585/1162/1140 583/1114/1094
f 559/1163/1141 605/1118/1098 558/1164/1142
f 558/1164/1142 605/1118/1098 584/1116/1096
f 558/1164/1142 584/1116/1096 581/1165/1143
f 581/1165/1143 584/1116/1096 583/1114/1094
f 581/1165/1143 583/1114/1094 580/1166/1144
f 580/1166/1144 583/1114/1094 585/1162/1140
f 580/1166/1144 585/1162/1140 579/1167/1145
f 579/1167/1145 585/1162/1140 586/1160/1138
f 579/1167/1145 586/1160/1138 578/1168/1146
f 578/1168/1146 586/1160/1138 587/1158/1136
f 578/1168/1146 587/1158/1136 577/1169/1147
f 577/1169/1147 587/1158/1136 588/1156/1134
f 577/1169/1147 588/1156/1134 576/1170/1148
f 576/1170/1148 588/1156/1134 589/1154/1132
f 576/1170/1148 589/1154/1132 575/1171/1149
f 575/1171/1149 589/1154/1132 590/1152/1130
f 575/1171/1149 590/1152/1130 574/1172/1150
f 574/1172/1150 590/1152/1130 591/1150/1128
f 574/1172/1150 591/1150/1128 573/1173/1151
f 573/1173/1151 591/1150/1128 592/1148/1126
f 573/1173/1151 592/1148/1126 572/1174/1152
f 572/1174/1152 592/1148/1126 593/1146/1124
f 572/1174/1152 593/1146/1124 571/1175/1153
f 571/1175/1153 593/1146/1124 594/1144/1122
f 571/1175/1153 594/1144/1122 570/1176/1154
f 570/1176/1154 594/1144/1122 582/1142/1120
f 570/1177/1154 582/1140/1120 569/1178/1155
f 569/1178/1155 582/1140/1120 595/1138/1118
f 569/1178/1155 595/1138/1118 568/1179/1156
f 568/1179/1156 595/1138/1118 596/1136/1116
f 568/1179/1156 596/1136/1116 567/1180/1157
f 567/1180/1157 596/1136/1116 597/1134/1114
f 567/1180/1157 597/1134/1114 566/1181/1158
f 566/1181/1158 597/1134/1114 598/1132/1112
f 566/1181/1158 598/1132/1112 565/1182/1159
f 565/1182/1159 598/1132/1112 599/1130/1110
f 565/1182/1159 599/1130/1110 564/1183/1160
f 564/1183/1160 599/1130/1110 600/1128/1108
f 564/1183/1160 600/1128/1108 563/1184/1161
f 563/1184/1161 600/1128/1108 601/1126/1106
f 563/1184/1161 601/1126/1106 562/1185/1162
f 562/1185/1162 601/1126/1106 602/1124/1104
f 562/1185/1162 602/1124/1104 561/1186/1163
f 561/1186/1163 602/1124/1104 603/1122/1102
f 561/1186/1163 603/1122/1102 560/1187/1164
f 560/1187/1164 603/1122/1102 604/1120/1100
f 560/1187/1164 604/1120/1100 559/1163/1141
f 559/1163/1141 604/1120/1100 605/1118/1098
usemtl Opaque(198,193,188)
f 607/1188/1165 608/1189/1166 606/1190/1167
f 606/1190/1167 608/1189/1166 609/1191/1168
f 611/1192/1169 612/1193/1170 610/1194/1171
f 610/1194/1171 612/1193/1170 613/1195/1172
f 615/1196/1173 546/1197/1174 614/1198/1175
f 614/1198/1175 546/1197/1174 545/1199/1176
f 614/1198/1175 545/1199/1176 544/1200/1177
f 616/1201/1178 619/1202/1179 615/1196/1173
f 615/1196/1173 619/1202/1179 620/1203/1180
f 615/1196/1173 620/1203/1180 549/1204/1181
f 549/1204/1181 620/1203/1180 621/1205/1182
f 549/1204/1181 621/1205/1182 550/1206/1183
f 550/1206/1183 621/1205/1182 622/1207/1184
f 550/1206/1183 622/1207/1184 551/1208/1185
f 551/1208/1185 622/1207/1184 623/1209/1186
f 551/1208/1185 623/1209/1186 552/1210/1187
f 552/1210/1187 623/1209/1186 553/1211/1188
f 553/1211/1188 623/1209/1186 624/1212/1189
f 553/1211/1188 624/1212/1189 554/1213/1190
f 554/1213/1190 624/1212/1189 625/1214/1191
f 554/1213/1190 625/1214/1191 555/1215/1192
f 555/1215/1192 625/1214/1191 626/1216/1193
f 555/1215/1192 626/1216/1193 611/1217/1194
f 611/1217/1194 626/1216/1193 627/1218/1195
f 611/1217/1194 627/1218/1195 608/1219/1196
f 608/1219/1196 627/1218/1195 628/1220/1197
f 608/1219/1196 628/1220/1197 609/1221/1198
f 617/1222/1199 618/1223/1200 616/1201/1178
f 616/1201/1178 618/1223/1200 619/1202/1179
f 610/1224/1201 534/1225/1202 611/1217/1194
f 611/1217/1194 534/1225/1202 557/1226/1203
f 611/1217/1194 557/1226/1203 556/1227/1204
f 614/1198/1175 540/1228/1205 610/1224/1201
f 610/1224/1201 540/1228/1205 539/1229/1206
f 610/1224/1201 539/1229/1206 538/1230/1207
f 556/1227/1204 555/1215/1192 611/1217/1194
f 549/1204/1181 548/1231/1208 615/1196/1173
f 615/1196/1173 548/1231/1208 547/1232/1209
f 615/1196/1173 547/1232/1209 546/1197/1174
f 544/1200/1177 543/1233/1210 614/1198/1175
f 614/1198/1175 543/1233/1210 542/1234/1211
f 614/1198/1175 542/1234/1211 541/1235/1212
f 541/1235/1212 540/1228/1205 614/1198/1175
f 538/1230/1207 537/1236/1213 610/1224/1201
f 610/1224/1201 537/1236/1213 536/1237/1214
f 610/1224/1201 536/1237/1214 535/1238/1215
f 535/1238/1215 534/1225/1202 610/1224/1201
f 630/1239/1216 615/1240/1217 629/1241/1218
f 629/1241/1218 615/1240/1217 614/1242/1219
f 631/1243/1220 632/1244/1221 643/1245/1222
f 643/1245/1222 632/1244/1221 642/1246/1223
f 642/1246/1223 632/1244/1221 630/1247/1224
f 642/1246/1223 630/1247/1224 641/1248/1225
f 641/1248/1225 630/1247/1224 567/1249/1226
f 641/1248/1225 567/1249/1226 640/1250/1227
f 640/1250/1227 567/1249/1226 566/1251/1228
f 640/1250/1227 566/1251/1228 639/1252/1229
f 639/1252/1229 566/1251/1228 565/1253/1230
f 639/1252/1229 565/1253/1230 638/1254/1231
f 638/1254/1231 565/1253/1230 564/1255/1232
f 638/1254/1231 564/1255/1232 563/1256/1233
f 629/1257/1234 570/1258/1235 630/1247/1224
f 630/1247/1224 570/1258/1235 569/1259/1236
f 630/1247/1224 569/1259/1236 568/1260/1237
f 613/1261/1238 576/1262/1239 629/1257/1234
f 629/1257/1234 576/1262/1239 575/1263/1240
f 629/1257/1234 575/1263/1240 574/1264/1241
f 612/1265/1242 558/1266/1243 613/1261/1238
f 613/1261/1238 558/1266/1243 581/1267/1244
f 613/1261/1238 581/1267/1244 580/1268/1245
f 607/1269/1246 634/1270/1247 612/1265/1242
f 612/1265/1242 634/1270/1247 635/1271/1248
f 612/1265/1242 635/1271/1248 561/1272/1249
f 561/1272/1249 635/1271/1248 636/1273/1250
f 561/1272/1249 636/1273/1250 562/1274/1251
f 562/1274/1251 636/1273/1250 637/1275/1252
f 562/1274/1251 637/1275/1252 563/1256/1233
f 563/1256/1233 637/1275/1252 638/1254/1231
f 606/1276/1253 633/1277/1254 607/1269/1246
f 607/1269/1246 633/1277/1254 634/1270/1247
f 580/1268/1245 579/1278/1255 613/1261/1238
f 613/1261/1238 579/1278/1255 578/1279/1256
f 613/1261/1238 578/1279/1256 577/1280/1257
f 577/1280/1257 576/1262/1239 613/1261/1238
f 574/1264/1241 573/1281/1258 629/1257/1234
f 629/1257/1234 573/1281/1258 572/1282/1259
f 629/1257/1234 572/1282/1259 571/1283/1260
f 571/1283/1260 570/1258/1235 629/1257/1234
f 568/1260/1237 567/1249/1226 630/1247/1224
f 561/1272/1249 560/1284/1261 612/1265/1242
f 612/1265/1242 560/1284/1261 559/1285/1262
f 612/1265/1242 559/1285/1262 558/1266/1243
f 616/1286/1263 632/1287/1264 617/1288/1265
f 617/1288/1265 632/1287/1264 631/1289/1266
f 610/1290/1267 613/1291/1268 614/1292/1269
f 614/1292/1269 613/1291/1268 629/1293/1270
f 606/1294/1271 609/1295/1272 633/1296/1273
f 633/1296/1273 609/1295/1272 628/1297/1274
f 633/1296/1273 628/1297/1274 634/1298/1275
f 634/1298/1275 628/1297/1274 627/1299/1276
f 634/1298/1275 627/1299/1276 635/1300/1277
f 635/1300/1277 627/1299/1276 626/1301/1278
f 635/1300/1277 626/1301/1278 636/1302/1279
f 636/1302/1279 626/1301/1278 625/1303/1280
f 636/1302/1279 625/1303/1280 637/1304/1281
f 637/1304/1281 625/1303/1280 624/1305/1282
f 637/1304/1281 624/1305/1282 638/1306/1283
f 638/1306/1283 624/1305/1282 623/1307/1284
f 638/1306/1283 623/1307/1284 639/1308/1285
f 639/1308/1285 623/1307/1284 622/1309/1286
f 639/1308/1285 622/1309/1286 640/1310/1287
f 640/1310/1287 622/1309/1286 621/1311/1288
f 640/1310/1287 621/1311/1288 641/1312/1289
f 641/1312/1289 621/1311/1288 620/1313/1290
f 641/1312/1289 620/1313/1290 642/1314/1291
f 642/1314/1291 620/1313/1290 619/1315/1292
f 642/1314/1291 619/1315/1292 643/1316/1293
f 643/1316/1293 619/1315/1292 618/1317/1294
f 643/1316/1293 618/1317/1294 631/1318/1295
f 631/1318/1295 618/1317/1294 617/1319/1296
f 616/1320/1297 615/1321/1298 632/1322/1299
f 632/1322/1299 615/1321/1298 630/1323/1300
f 607/1324/1301 612/1325/1302 608/1326/1303
f 608/1326/1303 612/1325/1302 611/1327/1304
g Corpo3

v 342.700986 5.995548 -61.459270
v 342.700986 4.800894 -62.842046
v 342.700986 3.289057 -63.868506
v 342.700986 1.563068 -64.468698
v 342.700986 -0.259450 -64.601720
v 342.700986 -2.054297 -64.258507
v 342.700986 -3.699155 -63.462448
v 342.700986 -5.081931 -62.267794
v 342.700986 -6.108391 -60.755957
v 342.700986 -6.708583 -59.029968
v 342.700986 -6.841605 -57.207449
v 342.700986 -6.498392 -55.412603
v 342.700986 -5.702333 -53.767744
v 342.700986 -4.507679 -52.384968
v 342.700986 -2.995842 -51.358509
v 342.700986 -1.269853 -50.758317
v 342.700986 0.552666 -50.625295
v 342.700986 2.347512 -50.968508
v 342.700986 3.992371 -51.764567
v 342.700986 5.375147 -52.959221
v 342.700986 6.401606 -54.471058
v 342.700986 7.001798 -56.197047
v 342.700986 7.134820 -58.019565
v 342.700986 6.791607 -59.814412
v 329.300986 -5.702333 -53.767744
v 329.300986 -6.498392 -55.412603
v 329.300986 -6.841605 -57.207449
v 329.300986 -6.708583 -59.029968
v 329.300986 -6.108391 -60.755957
v 329.300986 -5.081931 -62.267794
v 329.300986 -3.699155 -63.462448
v 329.300986 -2.054297 -64.258507
v 329.300986 -0.259450 -64.601720
v 329.300986 1.563068 -64.468698
v 329.300986 3.289057 -63.868506
v 329.300986 4.800894 -62.842046
v 329.300986 5.995548 -61.459270
v 329.300986 6.791607 -59.814412
v 329.300986 7.134820 -58.019565
v 329.300986 7.001798 -56.197047
v 329.300986 6.401606 -54.471058
v 329.300986 5.375147 -52.959221
v 329.300986 3.992371 -51.764567
v 329.300986 2.347512 -50.968508
v 329.300986 0.552666 -50.625295
v 329.300986 -1.269853 -50.758317
v 329.300986 -2.995842 -51.358509
v 329.300986 -4.507679 -52.384968
v 336.000986 -5.962091 -54.195349
v 335.904845 -5.957456 -54.187066
v 335.809614 -5.943365 -54.162097
v 335.722069 -5.919948 -54.121108
v 335.647432 -5.889108 -54.068069
v 335.586171 -5.850918 -54.003854
v 335.539058 -5.805285 -53.929085
v 335.510453 -5.754587 -53.848447
v 335.500986 -5.702333 -53.767744
v 335.510453 -5.648949 -53.687785
v 335.539058 -5.595008 -53.609279
v 335.586171 -5.544448 -53.537750
v 335.647432 -5.500627 -53.477237
v 335.722069 -5.464155 -53.427901
v 335.809614 -5.435804 -53.390158
v 335.904845 -5.418464 -53.367324
v 336.000986 -5.412696 -53.359786
v 336.097126 -5.418464 -53.367324
v 336.192357 -5.435804 -53.390158
v 336.279902 -5.464155 -53.427901
v 336.354539 -5.500627 -53.477237
v 336.415800 -5.544448 -53.537750
v 336.462913 -5.595008 -53.609279
v 336.491518 -5.648949 -53.687785
v 336.500986 -5.702333 -53.767744
v 336.491518 -5.754587 -53.848447
v 336.462913 -5.805285 -53.929085
v 336.415800 -5.850918 -54.003854
v 336.354539 -5.889108 -54.068069
v 336.279902 -5.919948 -54.121108
v 336.192357 -5.943365 -54.162097
v 336.097126 -5.957456 -54.187066
v 329.000986 -5.576999 -53.850154
v 329.000986 -6.355999 -55.459765
v 329.000986 -6.691858 -57.216151
v 329.000986 -6.561686 -58.999615
v 329.000986 -5.974355 -60.688619
v 329.000986 -4.969891 -62.168059
v 329.000986 -3.616746 -63.337114
v 329.000986 -2.007135 -64.116114
v 329.000986 -0.250749 -64.451973
v 329.000986 1.532716 -64.321801
v 329.000986 3.221719 -63.734470
v 329.000986 4.701159 -62.730006
v 329.000986 5.870214 -61.376861
v 329.000986 6.649214 -59.767250
v 329.000986 6.985073 -58.010864
v 329.000986 6.854901 -56.227399
v 329.000986 6.267571 -54.538396
v 329.000986 5.263107 -53.058956
v 329.000986 3.909961 -51.889901
v 329.000986 2.300350 -51.110901
v 329.000986 0.543964 -50.775042
v 329.000986 -1.239500 -50.905214
v 329.000986 -2.928504 -51.492544
v 329.000986 -4.407944 -52.497009
v 343.000986 5.870214 -61.376861
v 343.000986 4.701159 -62.730006
v 343.000986 3.221719 -63.734470
v 343.000986 1.532716 -64.321801
v 343.000986 -0.250749 -64.451973
v 343.000986 -2.007135 -64.116114
v 343.000986 -3.616746 -63.337114
v 343.000986 -4.969891 -62.168059
v 343.000986 -5.974355 -60.688619
v 343.000986 -6.561686 -58.999615
v 343.000986 -6.691858 -57.216151
v 343.000986 -6.355999 -55.459765
v 343.000986 -5.576999 -53.850154
v 343.000986 -4.407944 -52.497009
v 343.000986 -2.928504 -51.492544
v 343.000986 -1.239500 -50.905214
v 343.000986 0.543964 -50.775042
v 343.000986 2.300350 -51.110901
v 343.000986 3.909961 -51.889901
v 343.000986 5.263107 -53.058956
v 343.000986 6.267571 -54.538396
v 343.000986 6.854901 -56.227399
v 343.000986 6.985073 -58.010864
v 343.000986 6.649214 -59.767250
v 336.000986 -3.735568 -54.462522
v 336.097150 -3.741568 -54.469913
v 336.192385 -3.759567 -54.492322
v 336.279919 -3.788911 -54.529412
v 336.354539 -3.826509 -54.577993
v 336.415788 -3.871448 -54.637749
v 336.462901 -3.922991 -54.708620
v 336.491514 -3.977583 -54.786703
v 336.500986 -4.031207 -54.866534
v 336.491514 -4.083247 -54.947406
v 336.462901 -4.133299 -55.028474
v 336.415788 -4.177939 -55.103884
v 336.354539 -4.214990 -55.168826
v 336.279919 -4.244692 -55.222600
v 336.192385 -4.267115 -55.264241
v 336.097150 -4.280555 -55.289647
v 336.000986 -4.284963 -55.298085
v 335.904822 -4.280555 -55.289647
v 335.809586 -4.267115 -55.264241
v 335.722052 -4.244692 -55.222600
v 335.647433 -4.214990 -55.168826
v 335.586183 -4.177939 -55.103884
v 335.539070 -4.133299 -55.028474
v 335.510458 -4.083247 -54.947406
v 335.500986 -4.031207 -54.866534
v 335.510458 -3.977583 -54.786703
v 335.539070 -3.922991 -54.708620
v 335.586183 -3.871448 -54.637749
v 335.647433 -3.826509 -54.577993
v 335.722052 -3.788911 -54.529412
v 335.809586 -3.759567 -54.492322
v 335.904822 -3.741568 -54.469913
v 329.300986 2.893581 -53.435693
v 329.300986 1.718682 -52.867079
v 329.300986 0.436649 -52.621927
v 329.300986 -0.865150 -52.716943
v 329.300986 -2.097999 -53.145651
v 329.300986 -3.177882 -53.878837
v 329.300986 -4.031207 -54.866534
v 329.300986 -4.599821 -56.041433
v 329.300986 -4.844973 -57.323466
v 329.300986 -4.749957 -58.625265
v 329.300986 -4.321249 -59.858114
v 329.300986 -3.588063 -60.937998
v 329.300986 -2.600366 -61.791322
v 329.300986 -1.425467 -62.359936
v 329.300986 -0.143434 -62.605088
v 329.300986 1.158365 -62.510072
v 329.300986 2.391215 -62.081364
v 329.300986 3.471098 -61.348178
v 329.300986 4.324422 -60.360481
v 329.300986 4.893036 -59.185582
v 329.300986 5.138188 -57.903549
v 329.300986 5.043172 -56.601750
v 329.300986 4.614464 -55.368900
v 329.300986 3.881278 -54.289017
v 329.000986 3.058400 -53.185024
v 329.000986 4.105359 -54.089548
v 329.000986 4.882535 -55.234224
v 329.000986 5.336966 -56.541044
v 329.000986 5.437683 -57.920951
v 329.000986 5.177822 -59.279906
v 329.000986 4.575091 -60.525299
v 329.000986 3.670567 -61.572258
v 329.000986 2.525891 -62.349435
v 329.000986 1.219071 -62.803866
v 329.000986 -0.160836 -62.904583
v 329.000986 -1.519791 -62.644721
v 329.000986 -2.765184 -62.041991
v 329.000986 -3.812143 -61.137467
v 329.000986 -4.589320 -59.992791
v 329.000986 -5.043751 -58.685970
v 329.000986 -5.144468 -57.306063
v 329.000986 -4.884606 -55.947108
v 329.000986 -4.281876 -54.701715
v 329.000986 -3.377352 -53.654756
v 329.000986 -2.232676 -52.877580
v 329.000986 -0.925855 -52.423149
v 329.000986 0.454052 -52.322432
v 329.000986 1.813007 -52.582293
v 329.223340 -2.605982 -61.799864
v 329.150986 -2.622447 -61.824905
v 329.088854 -2.648640 -61.864741
v 329.041178 -2.682775 -61.916657
v 329.011208 -2.722526 -61.977113
v 329.223340 1.721896 -52.857375
v 329.150986 1.731319 -52.828925
v 329.088854 1.746309 -52.783667
v 329.041178 1.765845 -52.724686
v 329.011208 1.788594 -52.656001
v 329.011208 3.015741 -53.249902
v 329.041178 2.975990 -53.310358
v 329.088854 2.941855 -53.362273
v 329.150986 2.915663 -53.402109
v 329.223340 2.899197 -53.427151
v 329.223340 0.437242 -52.611722
v 329.150986 0.438981 -52.581802
v 329.088854 0.441746 -52.534207
v 329.041178 0.445350 -52.472179
v 329.011208 0.449548 -52.399947
v 329.223340 -0.867218 -52.706932
v 329.150986 -0.873283 -52.677582
v 329.088854 -0.882930 -52.630892
v 329.041178 -0.895503 -52.570046
v 329.011208 -0.910144 -52.499188
v 329.223340 -2.102588 -53.136517
v 329.150986 -2.116043 -53.109736
v 329.088854 -2.137445 -53.067135
v 329.041178 -2.165338 -53.011615
v 329.011208 -2.197819 -52.946962
v 329.223340 -3.184679 -53.871201
v 329.150986 -3.204606 -53.848816
v 329.088854 -3.236306 -53.813205
v 329.041178 -3.277617 -53.766797
v 329.011208 -3.325725 -53.712753
v 329.223340 -4.039748 -54.860918
v 329.150986 -4.064790 -54.844452
v 329.088854 -4.104626 -54.818260
v 329.041178 -4.156542 -54.784125
v 329.011208 -4.216998 -54.744374
v 329.223340 -4.609524 -56.038219
v 329.150986 -4.637975 -56.028796
v 329.088854 -4.683232 -56.013806
v 329.041178 -4.742213 -55.994271
v 329.011208 -4.810898 -55.971521
v 329.223340 -4.855178 -57.322873
v 329.150986 -4.885098 -57.321134
v 329.088854 -4.932693 -57.318369
v 329.041178 -4.994720 -57.314765
v 329.011208 -5.066953 -57.310568
v 329.223340 -4.759968 -58.627333
v 329.150986 -4.789318 -58.633398
v 329.088854 -4.836007 -58.643045
v 329.041178 -4.896854 -58.655618
v 329.011208 -4.967712 -58.670259
v 329.223340 -4.330383 -59.862703
v 329.150986 -4.357163 -59.876158
v 329.088854 -4.399765 -59.897560
v 329.041178 -4.455284 -59.925453
v 329.011208 -4.519938 -59.957934
v 329.223340 -3.595698 -60.944794
v 329.150986 -3.618084 -60.964721
v 329.088854 -3.653695 -60.996421
v 329.041178 -3.700103 -61.037732
v 329.011208 -3.754147 -61.085840
v 329.223340 -1.428681 -62.369639
v 329.150986 -1.438104 -62.398090
v 329.088854 -1.453094 -62.443347
v 329.041178 -1.472629 -62.502328
v 329.011208 -1.495378 -62.571013
v 329.223340 -0.144027 -62.615293
v 329.150986 -0.145765 -62.645213
v 329.088854 -0.148531 -62.692808
v 329.041178 -0.152135 -62.754835
v 329.011208 -0.156332 -62.827068
v 329.223340 1.160434 -62.520083
v 329.150986 1.166498 -62.549433
v 329.088854 1.176145 -62.596122
v 329.041178 1.188718 -62.656969
v 329.011208 1.203359 -62.727827
v 329.223340 2.395804 -62.090498
v 329.150986 2.409258 -62.117278
v 329.088854 2.430660 -62.159880
v 329.041178 2.458553 -62.215399
v 329.011208 2.491034 -62.280053
v 329.223340 3.477895 -61.355813
v 329.150986 3.497822 -61.378199
v 329.088854 3.529521 -61.413810
v 329.041178 3.570833 -61.460218
v 329.011208 3.618941 -61.514262
v 329.223340 4.332964 -60.366097
v 329.150986 4.358006 -60.382562
v 329.088854 4.397842 -60.408755
v 329.041178 4.449757 -60.442890
v 329.011208 4.510213 -60.482641
v 329.223340 4.902740 -59.188796
v 329.150986 4.931190 -59.198219
v 329.088854 4.976448 -59.213209
v 329.041178 5.035429 -59.232744
v 329.011208 5.104114 -59.255493
v 329.223340 5.148393 -57.904142
v 329.150986 5.178313 -57.905880
v 329.088854 5.225908 -57.908646
v 329.041178 5.287936 -57.912250
v 329.011208 5.360168 -57.916447
v 329.223340 5.053183 -56.599681
v 329.150986 5.082533 -56.593617
v 329.088854 5.129223 -56.583970
v 329.041178 5.190069 -56.571397
v 329.011208 5.260927 -56.556756
v 329.223340 4.623598 -55.364311
v 329.150986 4.650379 -55.350857
v 329.088854 4.692980 -55.329455
v 329.041178 4.748500 -55.301562
v 329.011208 4.813153 -55.269081
v 329.223340 3.888914 -54.282220
v 329.150986 3.911299 -54.262293
v 329.088854 3.946910 -54.230594
v 329.041178 3.993318 -54.189283
v 329.011208 4.047362 -54.141174
v 342.700986 -4.031207 -54.866534
v 342.700986 -4.599821 -56.041433
v 342.700986 -4.844973 -57.323466
v 342.700986 -4.749957 -58.625265
v 342.700986 -4.321249 -59.858114
v 342.700986 -3.588063 -60.937998
v 342.700986 -2.600366 -61.791322
v 342.700986 -1.425467 -62.359936
v 342.700986 -0.143434 -62.605088
v 342.700986 1.158365 -62.510072
v 342.700986 2.391215 -62.081364
v 342.700986 3.471098 -61.348178
v 342.700986 4.324422 -60.360481
v 342.700986 4.893036 -59.185582
v 342.700986 5.138188 -57.903549
v 342.700986 5.043172 -56.601750
v 342.700986 4.614464 -55.368900
v 342.700986 3.881278 -54.289017
v 342.700986 2.893581 -53.435693
v 342.700986 1.718682 -52.867079
v 342.700986 0.436649 -52.621927
v 342.700986 -0.865150 -52.716943
v 342.700986 -2.097999 -53.145651
v 342.700986 -3.177882 -53.878837
v 343.000986 -4.281876 -54.701715
v 343.000986 -4.884606 -55.947108
v 343.000986 -5.144468 -57.306063
v 343.000986 -5.043751 -58.685970
v 343.000986 -4.589320 -59.992791
v 343.000986 -3.812143 -61.137467
v 343.000986 -2.765184 -62.041991
v 343.000986 -1.519791 -62.644721
v 343.000986 -0.160836 -62.904583
v 343.000986 1.219071 -62.803866
v 343.000986 2.525891 -62.349435
v 343.000986 3.670567 -61.572258
v 343.000986 4.575091 -60.525299
v 343.000986 5.177822 -59.279906
v 343.000986 5.437683 -57.920951
v 343.000986 5.336966 -56.541044
v 343.000986 4.882535 -55.234224
v 343.000986 4.105359 -54.089548
v 343.000986 3.058400 -53.185024
v 343.000986 1.813007 -52.582293
v 343.000986 0.454052 -52.322432
v 343.000986 -0.925855 -52.423149
v 343.000986 -2.232676 -52.877580
v 343.000986 -3.377352 -53.654756
v 342.990763 4.510213 -60.482641
v 342.960793 4.449757 -60.442890
v 342.913118 4.397842 -60.408755
v 342.850986 4.358006 -60.382562
v 342.778631 4.332964 -60.366097
v 342.990763 -4.810898 -55.971521
v 342.960793 -4.742213 -55.994271
v 342.913118 -4.683232 -56.013806
v 342.850986 -4.637975 -56.028796
v 342.778631 -4.609524 -56.038219
v 342.778631 -4.039748 -54.860918
v 342.850986 -4.064790 -54.844452
v 342.913118 -4.104626 -54.818260
v 342.960793 -4.156542 -54.784125
v 342.990763 -4.216998 -54.744374
v 342.990763 -5.066953 -57.310568
v 342.960793 -4.994720 -57.314765
v 342.913118 -4.932693 -57.318369
v 342.850986 -4.885098 -57.321134
v 342.778631 -4.855178 -57.322873
v 342.990763 -4.967712 -58.670259
v 342.960793 -4.896854 -58.655618
v 342.913118 -4.836007 -58.643045
v 342.850986 -4.789318 -58.633398
v 342.778631 -4.759968 -58.627333
v 342.990763 -4.519938 -59.957934
v 342.960793 -4.455284 -59.925453
v 342.913118 -4.399765 -59.897560
v 342.850986 -4.357163 -59.876158
v 342.778631 -4.330383 -59.862703
v 342.990763 -3.754147 -61.085840
v 342.960793 -3.700103 -61.037732
v 342.913118 -3.653695 -60.996421
v 342.850986 -3.618084 -60.964721
v 342.778631 -3.595698 -60.944794
v 342.990763 -2.722526 -61.977113
v 342.960793 -2.682775 -61.916657
v 342.913118 -2.648640 -61.864741
v 342.850986 -2.622447 -61.824905
v 342.778631 -2.605982 -61.799864
v 342.990763 -1.495378 -62.571013
v 342.960793 -1.472629 -62.502328
v 342.913118 -1.453094 -62.443347
v 342.850986 -1.438104 -62.398090
v 342.778631 -1.428681 -62.369639
v 342.990763 -0.156332 -62.827068
v 342.960793 -0.152135 -62.754835
v 342.913118 -0.148531 -62.692808
v 342.850986 -0.145765 -62.645213
v 342.778631 -0.144027 -62.615293
v 342.990763 1.203359 -62.727827
v 342.960793 1.188718 -62.656969
v 342.913118 1.176145 -62.596122
v 342.850986 1.166498 -62.549433
v 342.778631 1.160434 -62.520083
v 342.990763 2.491034 -62.280053
v 342.960793 2.458553 -62.215399
v 342.913118 2.430660 -62.159880
v 342.850986 2.409258 -62.117278
v 342.778631 2.395804 -62.090498
v 342.990763 3.618941 -61.514262
v 342.960793 3.570833 -61.460218
v 342.913118 3.529521 -61.413810
v 342.850986 3.497822 -61.378199
v 342.778631 3.477895 -61.355813
v 342.990763 5.104114 -59.255493
v 342.960793 5.035429 -59.232744
v 342.913118 4.976448 -59.213209
v 342.850986 4.931190 -59.198219
v 342.778631 4.902740 -59.188796
v 342.990763 5.360168 -57.916447
v 342.960793 5.287936 -57.912250
v 342.913118 5.225908 -57.908646
v 342.850986 5.178313 -57.905880
v 342.778631 5.148393 -57.904142
v 342.990763 5.260927 -56.556756
v 342.960793 5.190069 -56.571397
v 342.913118 5.129223 -56.583970
v 342.850986 5.082533 -56.593617
v 342.778631 5.053183 -56.599681
v 342.990763 4.813153 -55.269081
v 342.960793 4.748500 -55.301562
v 342.913118 4.692980 -55.329455
v 342.850986 4.650379 -55.350857
v 342.778631 4.623598 -55.364311
v 342.990763 4.047362 -54.141174
v 342.960793 3.993318 -54.189283
v 342.913118 3.946910 -54.230594
v 342.850986 3.911299 -54.262293
v 342.778631 3.888914 -54.282220
v 342.990763 3.015741 -53.249902
v 342.960793 2.975990 -53.310358
v 342.913118 2.941855 -53.362273
v 342.850986 2.915663 -53.402109
v 342.778631 2.899197 -53.427151
v 342.990763 1.788594 -52.656001
v 342.960793 1.765845 -52.724686
v 342.913118 1.746309 -52.783667
v 342.850986 1.731319 -52.828925
v 342.778631 1.721896 -52.857375
v 342.990763 0.449548 -52.399947
v 342.960793 0.445350 -52.472179
v 342.913118 0.441746 -52.534207
v 342.850986 0.438981 -52.581802
v 342.778631 0.437242 -52.611722
v 342.990763 -0.910144 -52.499188
v 342.960793 -0.895503 -52.570046
v 342.913118 -0.882930 -52.630892
v 342.850986 -0.873283 -52.677582
v 342.778631 -0.867218 -52.706932
v 342.990763 -2.197819 -52.946962
v 342.960793 -2.165338 -53.011615
v 342.913118 -2.137445 -53.067135
v 342.850986 -2.116043 -53.109736
v 342.778631 -2.102588 -53.136517
v 342.990763 -3.325725 -53.712753
v 342.960793 -3.277617 -53.766797
v 342.913118 -3.236306 -53.813205
v 342.850986 -3.204606 -53.848816
v 342.778631 -3.184679 -53.871201
vt 0.870000 -0.916298 0.000000
vt -0.470000 -0.916298 0.000000
vt 0.870000 -1.099557 0.000000
vt -0.470000 -1.099557 0.000000
vt 0.870000 -1.282817 0.000000
vt -0.470000 -1.282817 0.000000
vt 0.870000 -1.466077 0.000000
vt -0.470000 -1.466077 0.000000
vt 0.870000 -1.649336 0.000000
vt -0.470000 -1.649336 0.000000
vt 0.870000 -1.832596 0.000000
vt -0.470000 -1.832596 0.000000
vt 0.870000 -2.015855 0.000000
vt -0.470000 -2.015855 0.000000
vt 0.870000 -2.199115 0.000000
vt -0.470000 -2.199115 0.000000
vt 0.870000 2.199115 0.000000
vt -0.470000 2.199115 0.000000
vt 0.870000 2.015855 0.000000
vt -0.470000 2.015855 0.000000
vt 0.870000 1.832596 0.000000
vt -0.470000 1.832596 0.000000
vt 0.870000 1.649336 0.000000
vt -0.470000 1.649336 0.000000
vt 0.870000 1.466077 0.000000
vt -0.470000 1.466077 0.000000
vt 0.870000 1.282817 0.000000
vt -0.470000 1.282817 0.000000
vt 0.200000 1.149600 0.000000
vt -0.470000 1.099557 0.000000
vt 0.190386 1.148651 0.000000
vt 0.180863 1.145784 0.000000
vt 0.172108 1.141063 0.000000
vt 0.164645 1.134928 0.000000
vt 0.158519 1.127456 0.000000
vt 0.153807 1.118697 0.000000
vt 0.150947 1.109172 0.000000
vt 0.150000 1.099557 0.000000
vt 0.150947 1.089943 0.000000
vt 0.153807 1.080418 0.000000
vt 0.158519 1.071658 0.000000
vt 0.164645 1.064187 0.000000
vt 0.172108 1.058052 0.000000
vt 0.180863 1.053331 0.000000
vt 0.190386 1.050464 0.000000
vt -0.470000 0.916298 0.000000
vt 0.200000 1.049515 0.000000
vt 0.870000 0.916298 0.000000
vt 0.209614 1.050464 0.000000
vt 0.870000 1.099557 0.000000
vt 0.219137 1.053331 0.000000
vt 0.227892 1.058052 0.000000
vt 0.235355 1.064187 0.000000
vt 0.241481 1.071658 0.000000
vt 0.246193 1.080418 0.000000
vt 0.249053 1.089943 0.000000
vt 0.250000 1.099557 0.000000
vt 0.249053 1.109172 0.000000
vt 0.246193 1.118697 0.000000
vt 0.241481 1.127456 0.000000
vt 0.235355 1.134928 0.000000
vt 0.227892 1.141063 0.000000
vt 0.219137 1.145784 0.000000
vt 0.209614 1.148651 0.000000
vt -0.470000 -0.733038 0.000000
vt 0.870000 -0.733038 0.000000
vt -0.470000 -0.549779 0.000000
vt 0.870000 -0.549779 0.000000
vt -0.470000 -0.366519 0.000000
vt 0.870000 -0.366519 0.000000
vt -0.470000 -0.183260 0.000000
vt 0.870000 -0.183260 0.000000
vt -0.470000 -0.000000 0.000000
vt 0.870000 -0.000000 0.000000
vt -0.470000 0.183260 0.000000
vt 0.870000 0.183260 0.000000
vt -0.470000 0.366519 0.000000
vt 0.870000 0.366519 0.000000
vt -0.470000 0.549779 0.000000
vt 0.870000 0.549779 0.000000
vt -0.470000 0.733038 0.000000
vt 0.870000 0.733038 0.000000
vt 0.033541 0.181296 0.000000
vt 0.000000 0.181296 0.000000
vt 0.033541 -0.000000 0.000000
vt 0.000000 0.000000 0.000000
vt 0.033541 -0.181296 0.000000
vt 0.000000 -0.181296 0.000000
vt 0.033541 -0.362592 0.000000
vt 0.000000 -0.362592 0.000000
vt 0.033541 -0.543888 0.000000
vt 0.000000 -0.543888 0.000000
vt 0.033541 -0.725184 0.000000
vt -0.000000 -0.725184 0.000000
vt 0.033541 -0.906480 0.000000
vt 0.000000 -0.906480 0.000000
vt 0.033541 -1.087776 0.000000
vt 0.000000 -1.087776 0.000000
vt 0.033541 -1.269073 0.000000
vt 0.000000 -1.269073 0.000000
vt 0.033541 -1.450369 0.000000
vt 0.000000 -1.450369 0.000000
vt 0.033541 -1.631665 0.000000
vt 0.000000 -1.631665 0.000000
vt 0.033541 -1.812961 0.000000
vt 0.000000 -1.812961 0.000000
vt 0.033541 -1.994257 0.000000
vt 0.000000 -1.994257 0.000000
vt 0.033541 -2.175553 0.000000
vt 0.000000 -2.175553 0.000000
vt 0.033541 2.175553 0.000000
vt 0.000000 2.175553 0.000000
vt 0.033541 1.994257 0.000000
vt 0.000000 1.994257 0.000000
vt 0.033541 1.812961 0.000000
vt 0.000000 1.812961 0.000000
vt 0.033541 1.631665 0.000000
vt 0.000000 1.631665 0.000000
vt 0.033541 1.450369 0.000000
vt -0.000000 1.450369 0.000000
vt 0.033541 1.269073 0.000000
vt 0.000000 1.269073 0.000000
vt 0.033541 1.087776 0.000000
vt 0.000000 1.087776 0.000000
vt 0.033541 0.906480 0.000000
vt 0.000000 0.906480 0.000000
vt 0.033541 0.725184 0.000000
vt 0.000000 0.725184 0.000000
vt 0.033541 0.543888 0.000000
vt 0.000000 0.543888 0.000000
vt 0.033541 0.362592 0.000000
vt 0.000000 0.362592 0.000000
vt 0.033541 0.181296 0.000000
vt -0.000000 0.181296 0.000000
vt 0.033541 -0.000000 0.000000
vt -0.000000 -0.000000 0.000000
vt 0.033541 -0.181296 0.000000
vt -0.000000 -0.181296 0.000000
vt 0.033541 -0.362592 0.000000
vt -0.000000 -0.362592 0.000000
vt 0.033541 -0.543888 0.000000
vt -0.000000 -0.543888 0.000000
vt 0.033541 -0.725184 0.000000
vt -0.000000 -0.725184 0.000000
vt 0.033541 -0.906480 0.000000
vt -0.000000 -0.906480 0.000000
vt 0.033541 -1.087776 0.000000
vt -0.000000 -1.087776 0.000000
vt 0.033541 -1.269073 0.000000
vt -0.000000 -1.269073 0.000000
vt 0.033541 -1.450369 0.000000
vt -0.000000 -1.450369 0.000000
vt 0.033541 -1.631665 0.000000
vt -0.000000 -1.631665 0.000000
vt 0.033541 -1.812961 0.000000
vt -0.000000 -1.812961 0.000000
vt 0.033541 -1.994257 0.000000
vt -0.000000 -1.994257 0.000000
vt 0.033541 -2.175553 0.000000
vt -0.000000 -2.175553 0.000000
vt 0.033541 2.175553 0.000000
vt -0.000000 2.175553 0.000000
vt 0.033541 1.994257 0.000000
vt -0.000000 1.994257 0.000000
vt 0.033541 1.812961 0.000000
vt -0.000000 1.812961 0.000000
vt 0.033541 1.631665 0.000000
vt -0.000000 1.631665 0.000000
vt 0.033541 1.450369 0.000000
vt -0.000000 1.450369 0.000000
vt 0.033541 1.269073 0.000000
vt -0.000000 1.269073 0.000000
vt 0.033541 1.087776 0.000000
vt -0.000000 1.087776 0.000000
vt 0.033541 0.906480 0.000000
vt -0.000000 0.906480 0.000000
vt 0.033541 0.725184 0.000000
vt -0.000000 0.725184 0.000000
vt 0.033541 0.543888 0.000000
vt -0.000000 0.543888 0.000000
vt 0.033541 0.362592 0.000000
vt -0.000000 0.362592 0.000000
vt 0.497589 -0.147400 0.000000
vt 0.497494 -0.157080 0.000000
vt 0.698212 -0.157080 0.000000
vt 0.698212 0.157080 0.000000
vt 0.497494 0.157080 0.000000
vt 0.497589 0.147400 0.000000
vt 0.698280 0.147403 0.000000
vt 0.497862 0.137438 0.000000
vt 0.698474 0.137441 0.000000
vt 0.498276 0.127480 0.000000
vt 0.698770 0.127482 0.000000
vt 0.498748 0.117810 0.000000
vt 0.699107 0.117810 0.000000
vt 0.499220 0.108140 0.000000
vt 0.699443 0.108138 0.000000
vt 0.499634 0.098181 0.000000
vt 0.699738 0.098178 0.000000
vt 0.499905 0.088219 0.000000
vt 0.699932 0.088217 0.000000
vt 0.500000 0.078540 0.000000
vt 0.700000 0.078540 0.000000
vt 0.699932 0.068863 0.000000
vt 0.499905 0.068860 0.000000
vt 0.699738 0.058902 0.000000
vt 0.499634 0.058899 0.000000
vt 0.699443 0.048942 0.000000
vt 0.499220 0.048940 0.000000
vt 0.699107 0.039270 0.000000
vt 0.498748 0.039270 0.000000
vt 0.698770 0.029598 0.000000
vt 0.498276 0.029600 0.000000
vt 0.698474 0.019638 0.000000
vt 0.497862 0.019641 0.000000
vt 0.497589 0.009679 0.000000
vt 0.497494 0.000000 0.000000
vt 0.698212 0.000000 0.000000
vt 0.698280 0.009677 0.000000
vt 0.497589 -0.009679 0.000000
vt 0.698280 -0.009677 0.000000
vt 0.497862 -0.019641 0.000000
vt 0.698474 -0.019638 0.000000
vt 0.498276 -0.029600 0.000000
vt 0.698770 -0.029598 0.000000
vt 0.498748 -0.039270 0.000000
vt 0.699107 -0.039270 0.000000
vt 0.499220 -0.048940 0.000000
vt 0.699443 -0.048942 0.000000
vt 0.499634 -0.058899 0.000000
vt 0.699738 -0.058902 0.000000
vt 0.499905 -0.068860 0.000000
vt 0.699932 -0.068863 0.000000
vt 0.500000 -0.078540 0.000000
vt 0.700000 -0.078540 0.000000
vt 0.699932 -0.088217 0.000000
vt 0.499905 -0.088219 0.000000
vt 0.699738 -0.098178 0.000000
vt 0.499634 -0.098181 0.000000
vt 0.699443 -0.108138 0.000000
vt 0.499220 -0.108140 0.000000
vt 0.699107 -0.117810 0.000000
vt 0.498748 -0.117810 0.000000
vt 0.698770 -0.127482 0.000000
vt 0.498276 -0.127480 0.000000
vt 0.698474 -0.137441 0.000000
vt 0.497862 -0.137438 0.000000
vt 0.698280 -0.147403 0.000000
vt 0.094248 0.133200 0.000000
vt 0.086394 0.133200 0.000000
vt 0.094248 0.000000 0.000000
vt 0.086394 0.000000 0.000000
vt 0.094248 -0.133200 0.000000
vt 0.086394 -0.133200 0.000000
vt 0.094248 -0.266400 0.000000
vt 0.086394 -0.266400 0.000000
vt 0.094248 -0.399600 0.000000
vt 0.086394 -0.399600 0.000000
vt 0.094248 -0.532800 0.000000
vt 0.086394 -0.532800 0.000000
vt 0.094248 -0.666000 0.000000
vt 0.086394 -0.666000 0.000000
vt 0.094248 -0.799200 0.000000
vt 0.086394 -0.799200 0.000000
vt 0.094248 -0.932401 0.000000
vt 0.086394 -0.932401 0.000000
vt 0.094248 -1.065601 0.000000
vt 0.086394 -1.065601 0.000000
vt 0.094248 -1.198801 0.000000
vt 0.086394 -1.198801 0.000000
vt 0.094248 -1.332001 0.000000
vt 0.086394 -1.332001 0.000000
vt 0.094248 -1.465201 0.000000
vt 0.086394 -1.465201 0.000000
vt 0.094248 -1.598401 0.000000
vt 0.086394 -1.598401 0.000000
vt 0.094248 1.598401 0.000000
vt 0.086394 1.598401 0.000000
vt 0.094248 1.465201 0.000000
vt 0.086394 1.465201 0.000000
vt 0.094248 1.332001 0.000000
vt 0.086394 1.332001 0.000000
vt 0.094248 1.198801 0.000000
vt 0.086394 1.198801 0.000000
vt 0.094248 1.065601 0.000000
vt 0.086394 1.065601 0.000000
vt 0.094248 0.932401 0.000000
vt 0.086394 0.932401 0.000000
vt 0.094248 0.799200 0.000000
vt 0.086394 0.799200 0.000000
vt 0.094248 0.666000 0.000000
vt 0.086394 0.666000 0.000000
vt 0.094248 0.532800 0.000000
vt 0.086394 0.532800 0.000000
vt 0.094248 0.399600 0.000000
vt 0.086394 0.399600 0.000000
vt 0.094248 0.266400 0.000000
vt 0.086394 0.266400 0.000000
vt 0.047124 -0.133200 0.000000
vt 0.054978 -0.133200 0.000000
vt 0.047124 0.000000 0.000000
vt 0.054978 0.000000 0.000000
vt 0.047124 0.133200 0.000000
vt 0.054978 0.133200 0.000000
vt 0.047124 0.266400 0.000000
vt 0.054978 0.266400 0.000000
vt 0.047124 0.399600 0.000000
vt 0.054978 0.399600 0.000000
vt 0.047124 0.532800 0.000000
vt 0.054978 0.532800 0.000000
vt 0.047124 0.666000 0.000000
vt 0.054978 0.666000 0.000000
vt 0.047124 0.799200 0.000000
vt 0.054978 0.799200 0.000000
vt 0.047124 0.932401 0.000000
vt 0.054978 0.932401 0.000000
vt 0.047124 1.065601 0.000000
vt 0.054978 1.065601 0.000000
vt 0.047124 1.198801 0.000000
vt 0.054978 1.198801 0.000000
vt 0.047124 1.332001 0.000000
vt 0.054978 1.332001 0.000000
vt 0.047124 1.465201 0.000000
vt 0.054978 1.465201 0.000000
vt 0.047124 1.598401 0.000000
vt 0.054978 1.598401 0.000000
vt 0.047124 -1.598401 0.000000
vt 0.054978 -1.598401 0.000000
vt 0.047124 -1.465201 0.000000
vt 0.054978 -1.465201 0.000000
vt 0.047124 -1.332001 0.000000
vt 0.054978 -1.332001 0.000000
vt 0.047124 -1.198801 0.000000
vt 0.054978 -1.198801 0.000000
vt 0.047124 -1.065601 0.000000
vt 0.054978 -1.065601 0.000000
vt 0.047124 -0.932401 0.000000
vt 0.054978 -0.932401 0.000000
vt 0.047124 -0.799200 0.000000
vt 0.054978 -0.799200 0.000000
vt 0.047124 -0.666000 0.000000
vt 0.054978 -0.666000 0.000000
vt 0.047124 -0.532800 0.000000
vt 0.054978 -0.532800 0.000000
vt 0.047124 -0.399600 0.000000
vt 0.054978 -0.399600 0.000000
vt 0.047124 -0.266400 0.000000
vt 0.054978 -0.266400 0.000000
vt 0.078540 1.598401 0.000000
vt 0.078540 1.465201 0.000000
vt 0.078540 1.332001 0.000000
vt 0.078540 1.198801 0.000000
vt 0.078540 1.065601 0.000000
vt 0.078540 0.932401 0.000000
vt 0.078540 0.799200 0.000000
vt 0.078540 0.666000 0.000000
vt 0.078540 0.532800 0.000000
vt 0.078540 0.399600 0.000000
vt 0.078540 0.266400 0.000000
vt 0.078540 0.133200 0.000000
vt 0.078540 0.000000 0.000000
vt 0.078540 -0.133200 0.000000
vt 0.078540 -0.266400 0.000000
vt 0.078540 -0.399600 0.000000
vt 0.078540 -0.532800 0.000000
vt 0.078540 -0.666000 0.000000
vt 0.078540 -0.799200 0.000000
vt 0.078540 -0.932401 0.000000
vt 0.078540 -1.065601 0.000000
vt 0.078540 -1.198801 0.000000
vt 0.078540 -1.332001 0.000000
vt 0.078540 -1.465201 0.000000
vt 0.078540 -1.598401 0.000000
vt 0.070686 1.598401 0.000000
vt 0.070686 1.465201 0.000000
vt 0.070686 1.332001 0.000000
vt 0.070686 1.198801 0.000000
vt 0.070686 1.065601 0.000000
vt 0.070686 0.932401 0.000000
vt 0.070686 0.799200 0.000000
vt 0.070686 0.666000 0.000000
vt 0.070686 0.532800 0.000000
vt 0.070686 0.399600 0.000000
vt 0.070686 0.266400 0.000000
vt 0.070686 0.133200 0.000000
vt 0.070686 0.000000 0.000000
vt 0.070686 -0.133200 0.000000
vt 0.070686 -0.266400 0.000000
vt 0.070686 -0.399600 0.000000
vt 0.070686 -0.532800 0.000000
vt 0.070686 -0.666000 0.000000
vt 0.070686 -0.799200 0.000000
vt 0.070686 -0.932401 0.000000
vt 0.070686 -1.065601 0.000000
vt 0.070686 -1.198801 0.000000
vt 0.070686 -1.332001 0.000000
vt 0.070686 -1.465201 0.000000
vt 0.070686 -1.598401 0.000000
vt 0.062832 1.598401 0.000000
vt 0.062832 1.465201 0.000000
vt 0.062832 1.332001 0.000000
vt 0.062832 1.198801 0.000000
vt 0.062832 1.065601 0.000000
vt 0.062832 0.932401 0.000000
vt 0.062832 0.799200 0.000000
vt 0.062832 0.666000 0.000000
vt 0.062832 0.532800 0.000000
vt 0.062832 0.399600 0.000000
vt 0.062832 0.266400 0.000000
vt 0.062832 0.133200 0.000000
vt 0.062832 0.000000 0.000000
vt 0.062832 -0.133200 0.000000
vt 0.062832 -0.266400 0.000000
vt 0.062832 -0.399600 0.000000
vt 0.062832 -0.532800 0.000000
vt 0.062832 -0.666000 0.000000
vt 0.062832 -0.799200 0.000000
vt 0.062832 -0.932401 0.000000
vt 0.062832 -1.065601 0.000000
vt 0.062832 -1.198801 0.000000
vt 0.062832 -1.332001 0.000000
vt 0.062832 -1.465201 0.000000
vt 0.062832 -1.598401 0.000000
vt -0.870000 0.654498 0.000000
vt -0.219140 0.739141 0.000000
vt -0.870000 0.785398 0.000000
vt -0.227893 0.743870 0.000000
vt -0.235355 0.750013 0.000000
vt -0.870000 0.523599 0.000000
vt 0.470000 0.523599 0.000000
vt 0.470000 0.654498 0.000000
vt -0.200000 0.735314 0.000000
vt -0.190384 0.736266 0.000000
vt -0.180860 0.739141 0.000000
vt 0.470000 0.785398 0.000000
vt -0.172107 0.743870 0.000000
vt -0.164645 0.750013 0.000000
vt -0.158520 0.757490 0.000000
vt -0.153808 0.766253 0.000000
vt -0.150947 0.775781 0.000000
vt -0.150000 0.785398 0.000000
vt -0.150947 0.795015 0.000000
vt -0.153808 0.804543 0.000000
vt -0.158520 0.813306 0.000000
vt -0.164645 0.820783 0.000000
vt -0.172107 0.826926 0.000000
vt -0.180860 0.831656 0.000000
vt -0.190384 0.834530 0.000000
vt -0.200000 0.835482 0.000000
vt 0.470000 0.916298 0.000000
vt -0.870000 0.916298 0.000000
vt -0.870000 1.047198 0.000000
vt 0.470000 1.047198 0.000000
vt -0.870000 1.178097 0.000000
vt 0.470000 1.178097 0.000000
vt -0.870000 1.308997 0.000000
vt 0.470000 1.308997 0.000000
vt -0.870000 1.439897 0.000000
vt 0.470000 1.439897 0.000000
vt -0.870000 1.570796 0.000000
vt 0.470000 1.570796 0.000000
vt -0.870000 -1.570796 0.000000
vt 0.470000 -1.570796 0.000000
vt -0.870000 -1.439897 0.000000
vt 0.470000 -1.439897 0.000000
vt -0.870000 -1.308997 0.000000
vt 0.470000 -1.308997 0.000000
vt -0.870000 -1.178097 0.000000
vt 0.470000 -1.178097 0.000000
vt -0.870000 -1.047198 0.000000
vt 0.470000 -1.047198 0.000000
vt -0.870000 -0.916298 0.000000
vt 0.470000 -0.916298 0.000000
vt -0.870000 -0.785398 0.000000
vt 0.470000 -0.785398 0.000000
vt -0.870000 -0.654498 0.000000
vt 0.470000 -0.654498 0.000000
vt -0.870000 -0.523599 0.000000
vt 0.470000 -0.523599 0.000000
vt -0.870000 -0.392699 0.000000
vt 0.470000 -0.392699 0.000000
vt -0.870000 -0.261799 0.000000
vt 0.470000 -0.261799 0.000000
vt -0.870000 -0.130900 0.000000
vt 0.470000 -0.130900 0.000000
vt -0.870000 0.000000 0.000000
vt 0.470000 -0.000000 0.000000
vt -0.870000 0.130900 0.000000
vt 0.470000 0.130900 0.000000
vt -0.870000 0.261799 0.000000
vt 0.470000 0.261799 0.000000
vt -0.870000 0.392699 0.000000
vt 0.470000 0.392699 0.000000
vt -0.209616 0.834530 0.000000
vt -0.219140 0.831656 0.000000
vt -0.227893 0.826926 0.000000
vt -0.235355 0.820783 0.000000
vt -0.241480 0.813306 0.000000
vt -0.246192 0.804543 0.000000
vt -0.249053 0.795015 0.000000
vt -0.250000 0.785398 0.000000
vt -0.249053 0.775781 0.000000
vt -0.246192 0.766253 0.000000
vt -0.241480 0.757490 0.000000
vt -0.209616 0.736266 0.000000
vt -0.047124 0.133200 0.000000
vt -0.054978 0.133200 0.000000
vt -0.047124 -0.000000 0.000000
vt -0.054978 -0.000000 0.000000
vt -0.047124 -0.133200 0.000000
vt -0.054978 -0.133200 0.000000
vt -0.047124 -0.266400 0.000000
vt -0.054978 -0.266400 0.000000
vt -0.047124 -0.399600 0.000000
vt -0.054978 -0.399600 0.000000
vt -0.047124 -0.532800 0.000000
vt -0.054978 -0.532800 0.000000
vt -0.047124 -0.666000 0.000000
vt -0.054978 -0.666000 0.000000
vt -0.047124 -0.799200 0.000000
vt -0.054978 -0.799200 0.000000
vt -0.047124 -0.932401 0.000000
vt -0.054978 -0.932401 0.000000
vt -0.047124 -1.065601 0.000000
vt -0.054978 -1.065601 0.000000
vt -0.047124 -1.198801 0.000000
vt -0.054978 -1.198801 0.000000
vt -0.047124 -1.332001 0.000000
vt -0.054978 -1.332001 0.000000
vt -0.047124 -1.465201 0.000000
vt -0.054978 -1.465201 0.000000
vt -0.047124 -1.598401 0.000000
vt -0.054978 -1.598401 0.000000
vt -0.047124 1.598401 0.000000
vt -0.054978 1.598401 0.000000
vt -0.047124 1.465201 0.000000
vt -0.054978 1.465201 0.000000
vt -0.047124 1.332001 0.000000
vt -0.054978 1.332001 0.000000
vt -0.047124 1.198801 0.000000
vt -0.054978 1.198801 0.000000
vt -0.047124 1.065601 0.000000
vt -0.054978 1.065601 0.000000
vt -0.047124 0.932401 0.000000
vt -0.054978 0.932401 0.000000
vt -0.047124 0.799200 0.000000
vt -0.054978 0.799200 0.000000
vt -0.047124 0.666000 0.000000
vt -0.054978 0.666000 0.000000
vt -0.047124 0.532800 0.000000
vt -0.054978 0.532800 0.000000
vt -0.047124 0.399600 0.000000
vt -0.054978 0.399600 0.000000
vt -0.047124 0.266400 0.000000
vt -0.054978 0.266400 0.000000
vt -0.094248 -0.133200 0.000000
vt -0.086394 -0.133200 0.000000
vt -0.094248 -0.000000 0.000000
vt -0.086394 -0.000000 0.000000
vt -0.094248 0.133200 0.000000
vt -0.086394 0.133200 0.000000
vt -0.094248 0.266400 0.000000
vt -0.086394 0.266400 0.000000
vt -0.094248 0.399600 0.000000
vt -0.086394 0.399600 0.000000
vt -0.094248 0.532800 0.000000
vt -0.086394 0.532800 0.000000
vt -0.094248 0.666000 0.000000
vt -0.086394 0.666000 0.000000
vt -0.094248 0.799200 0.000000
vt -0.086394 0.799200 0.000000
vt -0.094248 0.932401 0.000000
vt -0.086394 0.932401 0.000000
vt -0.094248 1.065601 0.000000
vt -0.086394 1.065601 0.000000
vt -0.094248 1.198801 0.000000
vt -0.086394 1.198801 0.000000
vt -0.094248 1.332001 0.000000
vt -0.086394 1.332001 0.000000
vt -0.094248 1.465201 0.000000
vt -0.086394 1.465201 0.000000
vt -0.094248 1.598401 0.000000
vt -0.086394 1.598401 0.000000
vt -0.094248 -1.598401 0.000000
vt -0.086394 -1.598401 0.000000
vt -0.094248 -1.465201 0.000000
vt -0.086394 -1.465201 0.000000
vt -0.094248 -1.332001 0.000000
vt -0.086394 -1.332001 0.000000
vt -0.094248 -1.198801 0.000000
vt -0.086394 -1.198801 0.000000
vt -0.094248 -1.065601 0.000000
vt -0.086394 -1.065601 0.000000
vt -0.094248 -0.932401 0.000000
vt -0.086394 -0.932401 0.000000
vt -0.094248 -0.799200 0.000000
vt -0.086394 -0.799200 0.000000
vt -0.094248 -0.666000 0.000000
vt -0.086394 -0.666000 0.000000
vt -0.094248 -0.532800 0.000000
vt -0.086394 -0.532800 0.000000
vt -0.094248 -0.399600 0.000000
vt -0.086394 -0.399600 0.000000
vt -0.094248 -0.266400 0.000000
vt -0.086394 -0.266400 0.000000
vt -0.062832 1.598401 0.000000
vt -0.062832 1.465201 0.000000
vt -0.062832 1.332001 0.000000
vt -0.062832 1.198801 0.000000
vt -0.062832 1.065601 0.000000
vt -0.062832 0.932401 0.000000
vt -0.062832 0.799200 0.000000
vt -0.062832 0.666000 0.000000
vt -0.062832 0.532800 0.000000
vt -0.062832 0.399600 0.000000
vt -0.062832 0.266400 0.000000
vt -0.062832 0.133200 0.000000
vt -0.062832 -0.000000 0.000000
vt -0.062832 -0.133200 0.000000
vt -0.062832 -0.266400 0.000000
vt -0.062832 -0.399600 0.000000
vt -0.062832 -0.532800 0.000000
vt -0.062832 -0.666000 0.000000
vt -0.062832 -0.799200 0.000000
vt -0.062832 -0.932401 0.000000
vt -0.062832 -1.065601 0.000000
vt -0.062832 -1.198801 0.000000
vt -0.062832 -1.332001 0.000000
vt -0.062832 -1.465201 0.000000
vt -0.062832 -1.598401 0.000000
vt -0.070686 1.598401 0.000000
vt -0.070686 1.465201 0.000000
vt -0.070686 1.332001 0.000000
vt -0.070686 1.198801 0.000000
vt -0.070686 1.065601 0.000000
vt -0.070686 0.932401 0.000000
vt -0.070686 0.799200 0.000000
vt -0.070686 0.666000 0.000000
vt -0.070686 0.532800 0.000000
vt -0.070686 0.399600 0.000000
vt -0.070686 0.266400 0.000000
vt -0.070686 0.133200 0.000000
vt -0.070686 -0.000000 0.000000
vt -0.070686 -0.133200 0.000000
vt -0.070686 -0.266400 0.000000
vt -0.070686 -0.399600 0.000000
vt -0.070686 -0.532800 0.000000
vt -0.070686 -0.666000 0.000000
vt -0.070686 -0.799200 0.000000
vt -0.070686 -0.932401 0.000000
vt -0.070686 -1.065601 0.000000
vt -0.070686 -1.198801 0.000000
vt -0.070686 -1.332001 0.000000
vt -0.070686 -1.465201 0.000000
vt -0.070686 -1.598401 0.000000
vt -0.078540 1.598401 0.000000
vt -0.078540 1.465201 0.000000
vt -0.078540 1.332001 0.000000
vt -0.078540 1.198801 0.000000
vt -0.078540 1.065601 0.000000
vt -0.078540 0.932401 0.000000
vt -0.078540 0.799200 0.000000
vt -0.078540 0.666000 0.000000
vt -0.078540 0.532800 0.000000
vt -0.078540 0.399600 0.000000
vt -0.078540 0.266400 0.000000
vt -0.078540 0.133200 0.000000
vt -0.078540 -0.000000 0.000000
vt -0.078540 -0.133200 0.000000
vt -0.078540 -0.266400 0.000000
vt -0.078540 -0.399600 0.000000
vt -0.078540 -0.532800 0.000000
vt -0.078540 -0.666000 0.000000
vt -0.078540 -0.799200 0.000000
vt -0.078540 -0.932401 0.000000
vt -0.078540 -1.065601 0.000000
vt -0.078540 -1.198801 0.000000
vt -0.078540 -1.332001 0.000000
vt -0.078540 -1.465201 0.000000
vt -0.078540 -1.598401 0.000000
vt 0.177291 -0.023341 0.000000
vt 0.000000 0.000000 0.000000
vt 0.000000 -0.155000 0.000000
vt -0.177291 -0.023341 0.000000
vt -0.137174 -0.173059 0.000000
vt -0.342500 -0.091773 0.000000
vt -0.265000 -0.226007 0.000000
vt -0.484368 -0.200632 0.000000
vt -0.374767 -0.310233 0.000000
vt -0.593227 -0.342500 0.000000
vt -0.458993 -0.420000 0.000000
vt -0.661659 -0.507709 0.000000
vt -0.511941 -0.547826 0.000000
vt -0.685000 -0.685000 0.000000
vt -0.530000 -0.685000 0.000000
vt -0.511941 -0.822174 0.000000
vt -0.661659 -0.862291 0.000000
vt -0.458993 -0.950000 0.000000
vt -0.593227 -1.027500 0.000000
vt -0.374767 -1.059767 0.000000
vt -0.484368 -1.169368 0.000000
vt -0.265000 -1.143993 0.000000
vt -0.342500 -1.278227 0.000000
vt -0.137174 -1.196941 0.000000
vt -0.177291 -1.346659 0.000000
vt -0.000000 -1.215000 0.000000
vt 0.000000 -1.370000 0.000000
vt 0.177291 -1.346659 0.000000
vt 0.137174 -1.196941 0.000000
vt 0.342500 -1.278227 0.000000
vt 0.265000 -1.143993 0.000000
vt 0.484368 -1.169368 0.000000
vt 0.374767 -1.059767 0.000000
vt 0.593227 -1.027500 0.000000
vt 0.458993 -0.950000 0.000000
vt 0.661659 -0.862291 0.000000
vt 0.511941 -0.822174 0.000000
vt 0.530000 -0.685000 0.000000
vt 0.685000 -0.685000 0.000000
vt 0.511941 -0.547826 0.000000
vt 0.661659 -0.507709 0.000000
vt 0.458993 -0.420000 0.000000
vt 0.593227 -0.342500 0.000000
vt 0.374767 -0.310233 0.000000
vt 0.484368 -0.200632 0.000000
vt 0.265000 -0.226007 0.000000
vt 0.342500 -0.091773 0.000000
vt 0.137174 -0.173059 0.000000
vt -0.177291 -1.191659 0.000000
vt -0.000000 -1.215000 0.000000
vt -0.000000 -1.060000 0.000000
vt 0.177291 -1.191659 0.000000
vt 0.137174 -1.041941 0.000000
vt 0.342500 -1.123227 0.000000
vt 0.265000 -0.988993 0.000000
vt 0.484368 -1.014368 0.000000
vt 0.374767 -0.904767 0.000000
vt 0.593227 -0.872500 0.000000
vt 0.458993 -0.795000 0.000000
vt 0.661659 -0.707291 0.000000
vt 0.511941 -0.667174 0.000000
vt 0.530000 -0.530000 0.000000
vt 0.685000 -0.530000 0.000000
vt 0.511941 -0.392826 0.000000
vt 0.661659 -0.352709 0.000000
vt 0.458993 -0.265000 0.000000
vt 0.593227 -0.187500 0.000000
vt 0.374767 -0.155233 0.000000
vt 0.484368 -0.045632 0.000000
vt 0.265000 -0.071007 0.000000
vt 0.342500 0.063227 0.000000
vt 0.137174 -0.018059 0.000000
vt 0.177291 0.131659 0.000000
vt 0.000000 -0.000000 0.000000
vt -0.000000 0.155000 0.000000
vt -0.177291 0.131659 0.000000
vt -0.137174 -0.018059 0.000000
vt -0.342500 0.063227 0.000000
vt -0.265000 -0.071007 0.000000
vt -0.484368 -0.045632 0.000000
vt -0.374767 -0.155233 0.000000
vt -0.593227 -0.187500 0.000000
vt -0.458993 -0.265000 0.000000
vt -0.661659 -0.352709 0.000000
vt -0.511941 -0.392826 0.000000
vt -0.685000 -0.530000 0.000000
vt -0.530000 -0.530000 0.000000
vt -0.511941 -0.667174 0.000000
vt -0.661659 -0.707291 0.000000
vt -0.458993 -0.795000 0.000000
vt -0.593227 -0.872500 0.000000
vt -0.374767 -0.904767 0.000000
vt -0.484368 -1.014368 0.000000
vt -0.265000 -0.988993 0.000000
vt -0.342500 -1.123227 0.000000
vt -0.137174 -1.041941 0.000000
vn -0.000000 0.066490 -0.074693
vn -0.000000 0.066490 -0.074693
vn -0.000000 0.083556 -0.054939
vn -0.000000 0.083556 -0.054939
vn -0.000000 0.094929 -0.031441
vn -0.000000 0.094929 -0.031441
vn -0.000000 0.099832 -0.005801
vn -0.000000 0.099832 -0.005801
vn -0.000000 0.097931 0.020235
vn -0.000000 0.097931 0.020235
vn -0.000000 0.089357 0.044892
vn -0.000000 0.089357 0.044892
vn 0.000000 0.074693 0.066490
vn 0.000000 0.074693 0.066490
vn 0.000000 0.054939 0.083556
vn 0.000000 0.054939 0.083556
vn 0.000000 0.031441 0.094929
vn 0.000000 0.031441 0.094929
vn 0.000000 0.005801 0.099832
vn 0.000000 0.005801 0.099832
vn 0.000000 -0.020235 0.097931
vn 0.000000 -0.020235 0.097931
vn 0.000000 -0.044892 0.089357
vn 0.000000 -0.044892 0.089357
vn 0.000000 -0.066490 0.074693
vn 0.000000 -0.066490 0.074693
vn 0.000000 -0.079419 0.060767
vn 0.000000 -0.083556 0.054939
vn 0.000000 -0.079501 0.060660
vn 0.000000 -0.079749 0.060334
vn 0.000000 -0.080154 0.059794
vn 0.000000 -0.080675 0.059090
vn 0.000000 -0.081301 0.058225
vn 0.000000 -0.082023 0.057203
vn 0.000000 -0.082794 0.056082
vn 0.000000 -0.083556 0.054939
vn 0.000000 -0.084303 0.053787
vn 0.000000 -0.085027 0.052635
vn 0.000000 -0.085679 0.051567
vn 0.000000 -0.086225 0.050649
vn 0.000000 -0.086665 0.049891
vn 0.000000 -0.087000 0.049306
vn 0.000000 -0.087201 0.048949
vn 0.000000 -0.094929 0.031441
vn 0.000000 -0.087267 0.048831
vn 0.000000 -0.094929 0.031441
vn 0.000000 -0.087201 0.048949
vn 0.000000 -0.083556 0.054939
vn 0.000000 -0.087000 0.049306
vn 0.000000 -0.086665 0.049891
vn 0.000000 -0.086225 0.050649
vn 0.000000 -0.085679 0.051567
vn 0.000000 -0.085027 0.052635
vn 0.000000 -0.084303 0.053787
vn 0.000000 -0.083556 0.054939
vn 0.000000 -0.082794 0.056082
vn 0.000000 -0.082023 0.057203
vn 0.000000 -0.081301 0.058225
vn 0.000000 -0.080675 0.059090
vn 0.000000 -0.080154 0.059794
vn 0.000000 -0.079749 0.060334
vn 0.000000 -0.079501 0.060660
vn -0.000000 0.044892 -0.089357
vn -0.000000 0.044892 -0.089357
vn -0.000000 0.020235 -0.097931
vn -0.000000 0.020235 -0.097931
vn -0.000000 -0.005801 -0.099832
vn -0.000000 -0.005801 -0.099832
vn -0.000000 -0.031441 -0.094929
vn -0.000000 -0.031441 -0.094929
vn -0.000000 -0.054939 -0.083556
vn -0.000000 -0.054939 -0.083556
vn -0.000000 -0.074693 -0.066490
vn -0.000000 -0.074693 -0.066490
vn 0.000000 -0.089357 -0.044892
vn 0.000000 -0.089357 -0.044892
vn 0.000000 -0.097931 -0.020235
vn 0.000000 -0.097931 -0.020235
vn 0.000000 -0.099832 0.005801
vn 0.000000 -0.099832 0.005801
vn -0.044721 -0.084907 0.028122
vn -0.044721 -0.084907 0.028122
vn -0.044721 -0.074735 0.049139
vn -0.044721 -0.074735 0.049139
vn -0.044721 -0.059470 0.066808
vn -0.044721 -0.059470 0.066808
vn -0.044721 -0.040153 0.079923
vn -0.044721 -0.040153 0.079923
vn -0.044721 -0.018099 0.087592
vn -0.044721 -0.018099 0.087592
vn -0.044721 0.005188 0.089292
vn -0.044721 0.005188 0.089292
vn -0.044721 0.028122 0.084907
vn -0.044721 0.028122 0.084907
vn -0.044721 0.049139 0.074735
vn -0.044721 0.049139 0.074735
vn -0.044721 0.066808 0.059470
vn -0.044721 0.066808 0.059470
vn -0.044721 0.079923 0.040153
vn -0.044721 0.079923 0.040153
vn -0.044721 0.087592 0.018099
vn -0.044721 0.087592 0.018099
vn -0.044721 0.089292 -0.005188
vn -0.044721 0.089292 -0.005188
vn -0.044721 0.084907 -0.028122
vn -0.044721 0.084907 -0.028122
vn -0.044721 0.074735 -0.049139
vn -0.044721 0.074735 -0.049139
vn -0.044721 0.059470 -0.066808
vn -0.044721 0.059470 -0.066808
vn -0.044721 0.040153 -0.079923
vn -0.044721 0.040153 -0.079923
vn -0.044721 0.018099 -0.087592
vn -0.044721 0.018099 -0.087592
vn -0.044721 -0.005188 -0.089292
vn -0.044721 -0.005188 -0.089292
vn -0.044721 -0.028122 -0.084907
vn -0.044721 -0.028122 -0.084907
vn -0.044721 -0.049139 -0.074735
vn -0.044721 -0.049139 -0.074735
vn -0.044721 -0.066808 -0.059470
vn -0.044721 -0.066808 -0.059470
vn -0.044721 -0.079923 -0.040153
vn -0.044721 -0.079923 -0.040153
vn -0.044721 -0.087592 -0.018099
vn -0.044721 -0.087592 -0.018099
vn -0.044721 -0.089292 0.005188
vn -0.044721 -0.089292 0.005188
vn 0.044721 0.059470 -0.066808
vn 0.044721 0.059470 -0.066808
vn 0.044721 0.074735 -0.049139
vn 0.044721 0.074735 -0.049139
vn 0.044721 0.084907 -0.028122
vn 0.044721 0.084907 -0.028122
vn 0.044721 0.089292 -0.005188
vn 0.044721 0.089292 -0.005188
vn 0.044721 0.087592 0.018099
vn 0.044721 0.087592 0.018099
vn 0.044721 0.079923 0.040153
vn 0.044721 0.079923 0.040153
vn 0.044721 0.066808 0.059470
vn 0.044721 0.066808 0.059470
vn 0.044721 0.049139 0.074735
vn 0.044721 0.049139 0.074735
vn 0.044721 0.028122 0.084907
vn 0.044721 0.028122 0.084907
vn 0.044721 0.005188 0.089292
vn 0.044721 0.005188 0.089292
vn 0.044721 -0.018099 0.087592
vn 0.044721 -0.018099 0.087592
vn 0.044721 -0.040153 0.079923
vn 0.044721 -0.040153 0.079923
vn 0.044721 -0.059470 0.066808
vn 0.044721 -0.059470 0.066808
vn 0.044721 -0.074735 0.049139
vn 0.044721 -0.074735 0.049139
vn 0.044721 -0.084907 0.028122
vn 0.044721 -0.084907 0.028122
vn 0.044721 -0.089292 0.005188
vn 0.044721 -0.089292 0.005188
vn 0.044721 -0.087592 -0.018099
vn 0.044721 -0.087592 -0.018099
vn 0.044721 -0.079923 -0.040153
vn 0.044721 -0.079923 -0.040153
vn 0.044721 -0.066808 -0.059470
vn 0.044721 -0.066808 -0.059470
vn 0.044721 -0.049139 -0.074735
vn 0.044721 -0.049139 -0.074735
vn 0.044721 -0.028122 -0.084907
vn 0.044721 -0.028122 -0.084907
vn 0.044721 -0.005188 -0.089292
vn 0.044721 -0.005188 -0.089292
vn 0.044721 0.018099 -0.087592
vn 0.044721 0.018099 -0.087592
vn 0.044721 0.040153 -0.079923
vn 0.044721 0.040153 -0.079923
vn 0.019238 -0.053913 -0.081996
vn -0.000000 -0.054939 -0.083556
vn -0.000000 -0.054939 -0.083556
vn -0.019238 -0.053913 -0.081996
vn -0.019233 -0.053914 -0.081996
vn -0.038280 -0.050755 -0.077192
vn -0.038274 -0.050756 -0.077194
vn -0.055802 -0.045590 -0.069337
vn -0.055798 -0.045592 -0.069339
vn -0.070711 -0.038848 -0.059083
vn -0.070711 -0.038848 -0.059083
vn -0.082983 -0.030657 -0.046626
vn -0.082985 -0.030655 -0.046623
vn -0.092383 -0.021031 -0.031985
vn -0.092385 -0.021028 -0.031981
vn -0.098132 -0.010569 -0.016075
vn -0.098133 -0.010567 -0.016071
vn -0.100000 -0.000000 0.000000
vn -0.100000 -0.000000 0.000000
vn -0.098133 0.010567 0.016071
vn -0.098132 0.010569 0.016075
vn -0.092385 0.021028 0.031981
vn -0.092383 0.021031 0.031985
vn -0.082985 0.030655 0.046623
vn -0.082983 0.030657 0.046626
vn -0.070711 0.038848 0.059083
vn -0.070711 0.038848 0.059083
vn -0.055798 0.045592 0.069339
vn -0.055802 0.045590 0.069337
vn -0.038274 0.050756 0.077194
vn -0.038280 0.050755 0.077192
vn -0.019238 0.053913 0.081996
vn 0.000000 0.054939 0.083556
vn 0.000000 0.054939 0.083556
vn -0.019233 0.053914 0.081996
vn 0.019238 0.053913 0.081996
vn 0.019233 0.053914 0.081996
vn 0.038280 0.050755 0.077192
vn 0.038274 0.050756 0.077194
vn 0.055802 0.045590 0.069337
vn 0.055798 0.045592 0.069339
vn 0.070711 0.038848 0.059083
vn 0.070711 0.038848 0.059083
vn 0.082983 0.030657 0.046626
vn 0.082985 0.030655 0.046623
vn 0.092383 0.021031 0.031985
vn 0.092385 0.021028 0.031981
vn 0.098132 0.010569 0.016075
vn 0.098133 0.010567 0.016071
vn 0.100000 0.000000 -0.000000
vn 0.100000 0.000000 -0.000000
vn 0.098133 -0.010567 -0.016071
vn 0.098132 -0.010569 -0.016075
vn 0.092385 -0.021028 -0.031981
vn 0.092383 -0.021031 -0.031985
vn 0.082985 -0.030655 -0.046623
vn 0.082983 -0.030657 -0.046626
vn 0.070711 -0.038848 -0.059083
vn 0.070711 -0.038848 -0.059083
vn 0.055798 -0.045592 -0.069339
vn 0.055802 -0.045590 -0.069337
vn 0.038274 -0.050756 -0.077194
vn 0.038280 -0.050755 -0.077192
vn 0.019233 -0.053914 -0.081996
vn -0.000000 -0.031441 -0.094929
vn -0.025882 -0.030370 -0.091694
vn -0.000000 -0.054939 -0.083556
vn -0.025882 -0.053067 -0.080709
vn -0.000000 -0.074693 -0.066490
vn -0.025882 -0.072148 -0.064224
vn 0.000000 -0.089357 -0.044892
vn -0.025882 -0.086312 -0.043362
vn 0.000000 -0.097931 -0.020235
vn -0.025882 -0.094594 -0.019546
vn 0.000000 -0.099832 0.005801
vn -0.025882 -0.096430 0.005603
vn 0.000000 -0.094929 0.031441
vn -0.025882 -0.091694 0.030370
vn 0.000000 -0.083556 0.054939
vn -0.025882 -0.080709 0.053067
vn 0.000000 -0.066490 0.074693
vn -0.025882 -0.064224 0.072148
vn 0.000000 -0.044892 0.089357
vn -0.025882 -0.043362 0.086312
vn 0.000000 -0.020235 0.097931
vn -0.025882 -0.019546 0.094594
vn 0.000000 0.005801 0.099832
vn -0.025882 0.005603 0.096430
vn 0.000000 0.031441 0.094929
vn -0.025882 0.030370 0.091694
vn 0.000000 0.054939 0.083556
vn -0.025882 0.053067 0.080709
vn 0.000000 0.074693 0.066490
vn -0.025882 0.072148 0.064224
vn -0.000000 0.089357 0.044892
vn -0.025882 0.086312 0.043362
vn -0.000000 0.097931 0.020235
vn -0.025882 0.094594 0.019546
vn -0.000000 0.099832 -0.005801
vn -0.025882 0.096430 -0.005603
vn -0.000000 0.094929 -0.031441
vn -0.025882 0.091694 -0.030370
vn -0.000000 0.083556 -0.054939
vn -0.025882 0.080709 -0.053067
vn -0.000000 0.066490 -0.074693
vn -0.025882 0.064224 -0.072148
vn -0.000000 0.044892 -0.089357
vn -0.025882 0.043362 -0.086312
vn -0.000000 0.020235 -0.097931
vn -0.025882 0.019546 -0.094594
vn -0.000000 -0.005801 -0.099832
vn -0.025882 -0.005603 -0.096430
vn -0.100000 -0.000000 0.000000
vn -0.096593 -0.019332 -0.017209
vn -0.100000 -0.000000 0.000000
vn -0.096593 -0.014219 -0.021626
vn -0.100000 -0.000000 0.000000
vn -0.096593 -0.008138 -0.024569
vn -0.100000 -0.000000 0.000000
vn -0.096593 -0.001501 -0.025838
vn -0.100000 -0.000000 0.000000
vn -0.096593 0.005237 -0.025346
vn -0.100000 -0.000000 0.000000
vn -0.096593 0.011619 -0.023127
vn -0.100000 -0.000000 0.000000
vn -0.096593 0.017209 -0.019332
vn -0.100000 -0.000000 0.000000
vn -0.096593 0.021626 -0.014219
vn -0.100000 -0.000000 0.000000
vn -0.096593 0.024569 -0.008138
vn -0.100000 -0.000000 0.000000
vn -0.096593 0.025838 -0.001501
vn -0.100000 -0.000000 0.000000
vn -0.096593 0.025346 0.005237
vn -0.100000 -0.000000 0.000000
vn -0.096593 0.023127 0.011619
vn -0.100000 -0.000000 0.000000
vn -0.096593 0.019332 0.017209
vn -0.100000 -0.000000 0.000000
vn -0.096593 0.014219 0.021626
vn -0.100000 -0.000000 0.000000
vn -0.096593 0.008138 0.024569
vn -0.100000 -0.000000 0.000000
vn -0.096593 0.001501 0.025838
vn -0.100000 -0.000000 0.000000
vn -0.096593 -0.005237 0.025346
vn -0.100000 -0.000000 0.000000
vn -0.096593 -0.011619 0.023127
vn -0.100000 -0.000000 0.000000
vn -0.096593 -0.017209 0.019332
vn -0.100000 -0.000000 0.000000
vn -0.096593 -0.021626 0.014219
vn -0.100000 -0.000000 0.000000
vn -0.096593 -0.024569 0.008138
vn -0.100000 -0.000000 0.000000
vn -0.096593 -0.025838 0.001501
vn -0.100000 -0.000000 0.000000
vn -0.096593 -0.025346 -0.005237
vn -0.100000 -0.000000 0.000000
vn -0.096593 -0.023127 -0.011619
vn -0.050000 0.047579 0.072362
vn -0.050000 0.064686 0.057582
vn -0.050000 0.077386 0.038878
vn -0.050000 0.084811 0.017524
vn -0.050000 0.086457 -0.005024
vn -0.050000 0.082211 -0.027229
vn -0.050000 0.072362 -0.047579
vn -0.050000 0.057582 -0.064686
vn -0.050000 0.038878 -0.077386
vn -0.050000 0.017524 -0.084811
vn -0.050000 -0.005024 -0.086457
vn -0.050000 -0.027229 -0.082211
vn -0.050000 -0.047579 -0.072362
vn -0.050000 -0.064686 -0.057582
vn -0.050000 -0.077386 -0.038878
vn -0.050000 -0.084811 -0.017524
vn -0.050000 -0.086457 0.005024
vn -0.050000 -0.082211 0.027229
vn -0.050000 -0.072362 0.047579
vn -0.050000 -0.057582 0.064686
vn -0.050000 -0.038878 0.077386
vn -0.050000 -0.017524 0.084811
vn -0.050000 0.005024 0.086457
vn -0.050000 0.027229 0.082211
vn -0.070711 0.038848 0.059083
vn -0.070711 0.052816 0.047015
vn -0.070711 0.063185 0.031744
vn -0.070711 0.069248 0.014308
vn -0.070711 0.070592 -0.004102
vn -0.070711 0.067125 -0.022232
vn -0.070711 0.059083 -0.038848
vn -0.070711 0.047015 -0.052816
vn -0.070711 0.031744 -0.063185
vn -0.070711 0.014308 -0.069248
vn -0.070711 -0.004102 -0.070592
vn -0.070711 -0.022232 -0.067125
vn -0.070711 -0.038848 -0.059083
vn -0.070711 -0.052816 -0.047015
vn -0.070711 -0.063185 -0.031744
vn -0.070711 -0.069248 -0.014308
vn -0.070711 -0.070592 0.004102
vn -0.070711 -0.067125 0.022232
vn -0.070711 -0.059083 0.038848
vn -0.070711 -0.047015 0.052816
vn -0.070711 -0.031744 0.063185
vn -0.070711 -0.014308 0.069248
vn -0.070711 0.004102 0.070592
vn -0.070711 0.022232 0.067125
vn -0.086603 0.027470 0.041778
vn -0.086603 0.037347 0.033245
vn -0.086603 0.044679 0.022446
vn -0.086603 0.048966 0.010118
vn -0.086603 0.049916 -0.002900
vn -0.086603 0.047464 -0.015721
vn -0.086603 0.041778 -0.027470
vn -0.086603 0.033245 -0.037347
vn -0.086603 0.022446 -0.044679
vn -0.086603 0.010118 -0.048966
vn -0.086603 -0.002900 -0.049916
vn -0.086603 -0.015721 -0.047464
vn -0.086603 -0.027470 -0.041778
vn -0.086603 -0.037347 -0.033245
vn -0.086603 -0.044679 -0.022446
vn -0.086603 -0.048966 -0.010118
vn -0.086603 -0.049916 0.002900
vn -0.086603 -0.047464 0.015721
vn -0.086603 -0.041778 0.027470
vn -0.086603 -0.033245 0.037347
vn -0.086603 -0.022446 0.044679
vn -0.086603 -0.010118 0.048966
vn -0.086603 0.002900 0.049916
vn -0.086603 0.015721 0.047464
vn -0.000000 0.094929 -0.031441
vn -0.000000 0.088274 -0.046985
vn -0.000000 0.083556 -0.054939
vn -0.000000 0.087826 -0.047818
vn -0.000000 0.087232 -0.048894
vn -0.000000 0.099832 -0.005801
vn -0.000000 0.088631 -0.046308
vn -0.000000 0.088543 -0.046477
vn -0.000000 0.088274 -0.046985
vn -0.000000 0.087826 -0.047818
vn -0.000000 0.087232 -0.048894
vn -0.000000 0.086491 -0.050193
vn -0.000000 0.085598 -0.051701
vn -0.000000 0.084597 -0.053322
vn -0.000000 0.083556 -0.054939
vn -0.000000 0.082484 -0.056536
vn -0.000000 0.081392 -0.058098
vn -0.000000 0.080361 -0.059515
vn -0.000000 0.079462 -0.060710
vn -0.000000 0.078710 -0.061682
vn -0.000000 0.078123 -0.062424
vn -0.000000 0.077763 -0.062872
vn -0.000000 0.077644 -0.063020
vn -0.000000 0.066490 -0.074693
vn -0.000000 0.044892 -0.089357
vn -0.000000 0.020235 -0.097931
vn -0.000000 -0.005801 -0.099832
vn -0.000000 -0.031441 -0.094929
vn -0.000000 -0.054939 -0.083556
vn -0.000000 -0.074693 -0.066490
vn 0.000000 -0.089357 -0.044892
vn 0.000000 -0.097931 -0.020235
vn 0.000000 -0.099832 0.005801
vn 0.000000 -0.094929 0.031441
vn 0.000000 -0.083556 0.054939
vn 0.000000 -0.066490 0.074693
vn 0.000000 -0.044892 0.089357
vn 0.000000 -0.020235 0.097931
vn 0.000000 0.005801 0.099832
vn 0.000000 0.031441 0.094929
vn 0.000000 0.054939 0.083556
vn 0.000000 0.074693 0.066490
vn -0.000000 0.089357 0.044892
vn -0.000000 0.097931 0.020235
vn -0.000000 0.077763 -0.062872
vn -0.000000 0.078123 -0.062424
vn -0.000000 0.078710 -0.061682
vn -0.000000 0.079462 -0.060710
vn -0.000000 0.080361 -0.059515
vn -0.000000 0.081392 -0.058098
vn -0.000000 0.082484 -0.056536
vn -0.000000 0.083556 -0.054939
vn -0.000000 0.084597 -0.053322
vn -0.000000 0.085598 -0.051701
vn -0.000000 0.086491 -0.050193
vn -0.000000 0.088543 -0.046477
vn 0.100000 0.000000 -0.000000
vn 0.096593 0.024569 -0.008138
vn 0.100000 0.000000 -0.000000
vn 0.096593 0.021626 -0.014219
vn 0.100000 0.000000 -0.000000
vn 0.096593 0.017209 -0.019332
vn 0.100000 0.000000 -0.000000
vn 0.096593 0.011619 -0.023127
vn 0.100000 0.000000 -0.000000
vn 0.096593 0.005237 -0.025346
vn 0.100000 0.000000 -0.000000
vn 0.096593 -0.001501 -0.025838
vn 0.100000 0.000000 -0.000000
vn 0.096593 -0.008138 -0.024569
vn 0.100000 0.000000 -0.000000
vn 0.096593 -0.014219 -0.021626
vn 0.100000 0.000000 -0.000000
vn 0.096593 -0.019332 -0.017209
vn 0.100000 0.000000 -0.000000
vn 0.096593 -0.023127 -0.011619
vn 0.100000 0.000000 -0.000000
vn 0.096593 -0.025346 -0.005237
vn 0.100000 0.000000 -0.000000
vn 0.096593 -0.025838 0.001501
vn 0.100000 0.000000 -0.000000
vn 0.096593 -0.024569 0.008138
vn 0.100000 0.000000 -0.000000
vn 0.096593 -0.021626 0.014219
vn 0.100000 0.000000 -0.000000
vn 0.096593 -0.017209 0.019332
vn 0.100000 0.000000 -0.000000
vn 0.096593 -0.011619 0.023127
vn 0.100000 0.000000 -0.000000
vn 0.096593 -0.005237 0.025346
vn 0.100000 0.000000 -0.000000
vn 0.096593 0.001501 0.025838
vn 0.100000 0.000000 -0.000000
vn 0.096593 0.008138 0.024569
vn 0.100000 0.000000 -0.000000
vn 0.096593 0.014219 0.021626
vn 0.100000 0.000000 -0.000000
vn 0.096593 0.019332 0.017209
vn 0.100000 0.000000 -0.000000
vn 0.096593 0.023127 0.011619
vn 0.100000 0.000000 -0.000000
vn 0.096593 0.025346 0.005237
vn 0.100000 0.000000 -0.000000
vn 0.096593 0.025838 -0.001501
vn 0.025882 0.064224 -0.072148
vn 0.025882 0.080709 -0.053067
vn 0.025882 0.091694 -0.030370
vn 0.025882 0.096430 -0.005603
vn 0.025882 0.094594 0.019546
vn 0.025882 0.086312 0.043362
vn 0.025882 0.072148 0.064224
vn 0.025882 0.053067 0.080709
vn 0.025882 0.030370 0.091694
vn 0.025882 0.005603 0.096430
vn 0.025882 -0.019546 0.094594
vn 0.025882 -0.043362 0.086312
vn 0.025882 -0.064224 0.072148
vn 0.025882 -0.080709 0.053067
vn 0.025882 -0.091694 0.030370
vn 0.025882 -0.096430 0.005603
vn 0.025882 -0.094594 -0.019546
vn 0.025882 -0.086312 -0.043362
vn 0.025882 -0.072148 -0.064224
vn 0.025882 -0.053067 -0.080709
vn 0.025882 -0.030370 -0.091694
vn 0.025882 -0.005603 -0.096430
vn 0.025882 0.019546 -0.094594
vn 0.025882 0.043362 -0.086312
vn 0.086603 -0.041778 0.027470
vn 0.086603 -0.033245 0.037347
vn 0.086603 -0.022446 0.044679
vn 0.086603 -0.010118 0.048966
vn 0.086603 0.002900 0.049916
vn 0.086603 0.015721 0.047464
vn 0.086603 0.027470 0.041778
vn 0.086603 0.037347 0.033245
vn 0.086603 0.044679 0.022446
vn 0.086603 0.048966 0.010118
vn 0.086603 0.049916 -0.002900
vn 0.086603 0.047464 -0.015721
vn 0.086603 0.041778 -0.027470
vn 0.086603 0.033245 -0.037347
vn 0.086603 0.022446 -0.044679
vn 0.086603 0.010118 -0.048966
vn 0.086603 -0.002900 -0.049916
vn 0.086603 -0.015721 -0.047464
vn 0.086603 -0.027470 -0.041778
vn 0.086603 -0.037347 -0.033245
vn 0.086603 -0.044679 -0.022446
vn 0.086603 -0.048966 -0.010118
vn 0.086603 -0.049916 0.002900
vn 0.086603 -0.047464 0.015721
vn 0.070711 -0.059083 0.038848
vn 0.070711 -0.047015 0.052816
vn 0.070711 -0.031744 0.063185
vn 0.070711 -0.014308 0.069248
vn 0.070711 0.004102 0.070592
vn 0.070711 0.022232 0.067125
vn 0.070711 0.038848 0.059083
vn 0.070711 0.052816 0.047015
vn 0.070711 0.063185 0.031744
vn 0.070711 0.069248 0.014308
vn 0.070711 0.070592 -0.004102
vn 0.070711 0.067125 -0.022232
vn 0.070711 0.059083 -0.038848
vn 0.070711 0.047015 -0.052816
vn 0.070711 0.031744 -0.063185
vn 0.070711 0.014308 -0.069248
vn 0.070711 -0.004102 -0.070592
vn 0.070711 -0.022232 -0.067125
vn 0.070711 -0.038848 -0.059083
vn 0.070711 -0.052816 -0.047015
vn 0.070711 -0.063185 -0.031744
vn 0.070711 -0.069248 -0.014308
vn 0.070711 -0.070592 0.004102
vn 0.070711 -0.067125 0.022232
vn 0.050000 -0.072362 0.047579
vn 0.050000 -0.057582 0.064686
vn 0.050000 -0.038878 0.077386
vn 0.050000 -0.017524 0.084811
vn 0.050000 0.005024 0.086457
vn 0.050000 0.027229 0.082211
vn 0.050000 0.047579 0.072362
vn 0.050000 0.064686 0.057582
vn 0.050000 0.077386 0.038878
vn 0.050000 0.084811 0.017524
vn 0.050000 0.086457 -0.005024
vn 0.050000 0.082211 -0.027229
vn 0.050000 0.072362 -0.047579
vn 0.050000 0.057582 -0.064686
vn 0.050000 0.038878 -0.077386
vn 0.050000 0.017524 -0.084811
vn 0.050000 -0.005024 -0.086457
vn 0.050000 -0.027229 -0.082211
vn 0.050000 -0.047579 -0.072362
vn 0.050000 -0.064686 -0.057582
vn 0.050000 -0.077386 -0.038878
vn 0.050000 -0.084811 -0.017524
vn 0.050000 -0.086457 0.005024
vn 0.050000 -0.082211 0.027229
vn -0.100000 -0.000000 0.000000
vn -0.100000 -0.000000 0.000000
vn -0.100000 -0.000000 0.000000
vn -0.100000 -0.000000 0.000000
vn -0.100000 -0.000000 0.000000
vn -0.100000 -0.000000 0.000000
vn -0.100000 -0.000000 0.000000
vn -0.100000 -0.000000 0.000000
vn -0.100000 -0.000000 0.000000
vn -0.100000 -0.000000 0.000000
vn -0.100000 -0.000000 0.000000
vn -0.100000 -0.000000 0.000000
vn -0.100000 -0.000000 0.000000
vn -0.100000 -0.000000 0.000000
vn -0.100000 -0.000000 0.000000
vn -0.100000 -0.000000 0.000000
vn -0.100000 -0.000000 0.000000
vn -0.100000 -0.000000 0.000000
vn -0.100000 -0.000000 0.000000
vn -0.100000 -0.000000 0.000000
vn -0.100000 -0.000000 0.000000
vn -0.100000 -0.000000 0.000000
vn -0.100000 -0.000000 0.000000
vn -0.100000 -0.000000 0.000000
vn -0.100000 -0.000000 0.000000
vn -0.100000 -0.000000 0.000000
vn 0.100000 0.000000 -0.000000
vn 0.100000 0.000000 -0.000000
vn 0.100000 0.000000 -0.000000
vn 0.100000 0.000000 -0.000000
vn 0.100000 0.000000 -0.000000
vn 0.100000 0.000000 -0.000000
vn 0.100000 0.000000 -0.000000
vn 0.100000 0.000000 -0.000000
vn 0.100000 0.000000 -0.000000
vn 0.100000 0.000000 -0.000000
vn 0.100000 0.000000 -0.000000
vn 0.100000 0.000000 -0.000000
vn 0.100000 0.000000 -0.000000
vn 0.100000 0.000000 -0.000000
vn 0.100000 0.000000 -0.000000
vn 0.100000 0.000000 -0.000000
vn 0.100000 0.000000 -0.000000
vn 0.100000 0.000000 -0.000000
vn 0.100000 0.000000 -0.000000
vn 0.100000 0.000000 -0.000000
vn 0.100000 0.000000 -0.000000
vn 0.100000 0.000000 -0.000000
vn 0.100000 0.000000 -0.000000
vn 0.100000 0.000000 -0.000000
vn 0.100000 0.000000 -0.000000
vn 0.100000 0.000000 -0.000000
vn 0.100000 0.000000 -0.000000
usemtl Opaque(175,175,175)
f 645/1328/1305 679/1329/1306 644/1330/1307
f 644/1330/1307 679/1329/1306 680/1331/1308
f 644/1330/1307 680/1331/1308 667/1332/1309
f 667/1332/1309 680/1331/1308 681/1333/1310
f 667/1332/1309 681/1333/1310 666/1334/1311
f 666/1334/1311 681/1333/1310 682/1335/1312
f 666/1334/1311 682/1335/1312 665/1336/1313
f 665/1336/1313 682/1335/1312 683/1337/1314
f 665/1336/1313 683/1337/1314 664/1338/1315
f 664/1338/1315 683/1337/1314 684/1339/1316
f 664/1338/1315 684/1339/1316 663/1340/1317
f 663/1340/1317 684/1339/1316 685/1341/1318
f 663/1340/1317 685/1341/1318 662/1342/1319
f 662/1342/1319 685/1341/1318 686/1343/1320
f 662/1344/1319 686/1345/1320 661/1346/1321
f 661/1346/1321 686/1345/1320 687/1347/1322
f 661/1346/1321 687/1347/1322 660/1348/1323
f 660/1348/1323 687/1347/1322 688/1349/1324
f 660/1348/1323 688/1349/1324 659/1350/1325
f 659/1350/1325 688/1349/1324 689/1351/1326
f 659/1350/1325 689/1351/1326 658/1352/1327
f 658/1352/1327 689/1351/1326 690/1353/1328
f 658/1352/1327 690/1353/1328 657/1354/1329
f 657/1354/1329 690/1353/1328 691/1355/1330
f 657/1354/1329 691/1355/1330 708/1356/1331
f 708/1356/1331 691/1355/1330 668/1357/1332
f 708/1356/1331 668/1357/1332 707/1358/1333
f 707/1358/1333 668/1357/1332 706/1359/1334
f 706/1359/1334 668/1357/1332 705/1360/1335
f 705/1360/1335 668/1357/1332 704/1361/1336
f 704/1361/1336 668/1357/1332 703/1362/1337
f 703/1362/1337 668/1357/1332 702/1363/1338
f 702/1363/1338 668/1357/1332 701/1364/1339
f 701/1364/1339 668/1357/1332 700/1365/1340
f 700/1365/1340 668/1357/1332 699/1366/1341
f 699/1366/1341 668/1357/1332 698/1367/1342
f 698/1367/1342 668/1357/1332 697/1368/1343
f 697/1368/1343 668/1357/1332 696/1369/1344
f 696/1369/1344 668/1357/1332 695/1370/1345
f 695/1370/1345 668/1357/1332 694/1371/1346
f 694/1371/1346 668/1357/1332 693/1372/1347
f 693/1372/1347 668/1357/1332 669/1373/1348
f 693/1372/1347 669/1373/1348 692/1374/1349
f 692/1374/1349 669/1373/1348 655/1375/1350
f 692/1374/1349 655/1375/1350 723/1376/1351
f 723/1376/1351 655/1375/1350 656/1377/1352
f 723/1376/1351 656/1377/1352 722/1378/1353
f 722/1378/1353 656/1377/1352 721/1379/1354
f 721/1379/1354 656/1377/1352 720/1380/1355
f 720/1380/1355 656/1377/1352 719/1381/1356
f 719/1381/1356 656/1377/1352 718/1382/1357
f 718/1382/1357 656/1377/1352 717/1383/1358
f 717/1383/1358 656/1377/1352 716/1384/1359
f 716/1384/1359 656/1377/1352 715/1385/1360
f 715/1385/1360 656/1377/1352 714/1386/1361
f 714/1386/1361 656/1377/1352 713/1387/1362
f 713/1387/1362 656/1377/1352 712/1388/1363
f 712/1388/1363 656/1377/1352 711/1389/1364
f 711/1389/1364 656/1377/1352 710/1390/1365
f 710/1390/1365 656/1377/1352 709/1391/1366
f 709/1391/1366 656/1377/1352 708/1356/1331
f 708/1356/1331 656/1377/1352 657/1354/1329
f 679/1329/1306 645/1328/1305 678/1392/1367
f 678/1392/1367 645/1328/1305 646/1393/1368
f 678/1392/1367 646/1393/1368 677/1394/1369
f 677/1394/1369 646/1393/1368 647/1395/1370
f 677/1394/1369 647/1395/1370 676/1396/1371
f 676/1396/1371 647/1395/1370 648/1397/1372
f 676/1396/1371 648/1397/1372 675/1398/1373
f 675/1398/1373 648/1397/1372 649/1399/1374
f 675/1398/1373 649/1399/1374 674/1400/1375
f 674/1400/1375 649/1399/1374 650/1401/1376
f 674/1400/1375 650/1401/1376 673/1402/1377
f 673/1402/1377 650/1401/1376 651/1403/1378
f 673/1402/1377 651/1403/1378 672/1404/1379
f 672/1404/1379 651/1403/1378 652/1405/1380
f 672/1404/1379 652/1405/1380 671/1406/1381
f 671/1406/1381 652/1405/1380 653/1407/1382
f 671/1406/1381 653/1407/1382 670/1408/1383
f 670/1408/1383 653/1407/1382 654/1409/1384
f 670/1408/1383 654/1409/1384 669/1373/1348
f 669/1373/1348 654/1409/1384 655/1375/1350
f 725/1410/1385 669/1411/1386 724/1412/1387
f 724/1412/1387 669/1411/1386 668/1413/1388
f 724/1412/1387 668/1413/1388 747/1414/1389
f 747/1414/1389 668/1413/1388 691/1415/1390
f 747/1414/1389 691/1415/1390 746/1416/1391
f 746/1416/1391 691/1415/1390 690/1417/1392
f 746/1416/1391 690/1417/1392 745/1418/1393
f 745/1418/1393 690/1417/1392 689/1419/1394
f 745/1418/1393 689/1419/1394 744/1420/1395
f 744/1420/1395 689/1419/1394 688/1421/1396
f 744/1420/1395 688/1421/1396 743/1422/1397
f 743/1422/1397 688/1421/1396 687/1423/1398
f 743/1422/1397 687/1423/1398 742/1424/1399
f 742/1424/1399 687/1423/1398 686/1425/1400
f 742/1424/1399 686/1425/1400 741/1426/1401
f 741/1426/1401 686/1425/1400 685/1427/1402
f 741/1426/1401 685/1427/1402 740/1428/1403
f 740/1428/1403 685/1427/1402 684/1429/1404
f 740/1428/1403 684/1429/1404 739/1430/1405
f 739/1430/1405 684/1429/1404 683/1431/1406
f 739/1430/1405 683/1431/1406 738/1432/1407
f 738/1432/1407 683/1431/1406 682/1433/1408
f 738/1432/1407 682/1433/1408 737/1434/1409
f 737/1434/1409 682/1433/1408 681/1435/1410
f 737/1434/1409 681/1435/1410 736/1436/1411
f 736/1436/1411 681/1435/1410 680/1437/1412
f 736/1438/1411 680/1439/1412 735/1440/1413
f 735/1440/1413 680/1439/1412 679/1441/1414
f 735/1440/1413 679/1441/1414 734/1442/1415
f 734/1442/1415 679/1441/1414 678/1443/1416
f 734/1442/1415 678/1443/1416 733/1444/1417
f 733/1444/1417 678/1443/1416 677/1445/1418
f 733/1444/1417 677/1445/1418 732/1446/1419
f 732/1446/1419 677/1445/1418 676/1447/1420
f 732/1446/1419 676/1447/1420 731/1448/1421
f 731/1448/1421 676/1447/1420 675/1449/1422
f 731/1448/1421 675/1449/1422 730/1450/1423
f 730/1450/1423 675/1449/1422 674/1451/1424
f 730/1450/1423 674/1451/1424 729/1452/1425
f 729/1452/1425 674/1451/1424 673/1453/1426
f 729/1452/1425 673/1453/1426 728/1454/1427
f 728/1454/1427 673/1453/1426 672/1455/1428
f 728/1454/1427 672/1455/1428 727/1456/1429
f 727/1456/1429 672/1455/1428 671/1457/1430
f 727/1456/1429 671/1457/1430 726/1458/1431
f 726/1458/1431 671/1457/1430 670/1459/1432
f 726/1458/1431 670/1459/1432 725/1410/1385
f 725/1410/1385 670/1459/1432 669/1411/1386
f 749/1460/1433 645/1461/1434 748/1462/1435
f 748/1462/1435 645/1461/1434 644/1463/1436
f 748/1462/1435 644/1463/1436 771/1464/1437
f 771/1464/1437 644/1463/1436 667/1465/1438
f 771/1464/1437 667/1465/1438 770/1466/1439
f 770/1466/1439 667/1465/1438 666/1467/1440
f 770/1466/1439 666/1467/1440 769/1468/1441
f 769/1468/1441 666/1467/1440 665/1469/1442
f 769/1468/1441 665/1469/1442 768/1470/1443
f 768/1470/1443 665/1469/1442 664/1471/1444
f 768/1470/1443 664/1471/1444 767/1472/1445
f 767/1472/1445 664/1471/1444 663/1473/1446
f 767/1472/1445 663/1473/1446 766/1474/1447
f 766/1474/1447 663/1473/1446 662/1475/1448
f 766/1474/1447 662/1475/1448 765/1476/1449
f 765/1476/1449 662/1475/1448 661/1477/1450
f 765/1476/1449 661/1477/1450 764/1478/1451
f 764/1478/1451 661/1477/1450 660/1479/1452
f 764/1478/1451 660/1479/1452 763/1480/1453
f 763/1480/1453 660/1479/1452 659/1481/1454
f 763/1480/1453 659/1481/1454 762/1482/1455
f 762/1482/1455 659/1481/1454 658/1483/1456
f 762/1482/1455 658/1483/1456 761/1484/1457
f 761/1484/1457 658/1483/1456 657/1485/1458
f 761/1484/1457 657/1485/1458 760/1486/1459
f 760/1486/1459 657/1485/1458 656/1487/1460
f 760/1488/1459 656/1489/1460 759/1490/1461
f 759/1490/1461 656/1489/1460 655/1491/1462
f 759/1490/1461 655/1491/1462 758/1492/1463
f 758/1492/1463 655/1491/1462 654/1493/1464
f 758/1492/1463 654/1493/1464 757/1494/1465
f 757/1494/1465 654/1493/1464 653/1495/1466
f 757/1494/1465 653/1495/1466 756/1496/1467
f 756/1496/1467 653/1495/1466 652/1497/1468
f 756/1496/1467 652/1497/1468 755/1498/1469
f 755/1498/1469 652/1497/1468 651/1499/1470
f 755/1498/1469 651/1499/1470 754/1500/1471
f 754/1500/1471 651/1499/1470 650/1501/1472
f 754/1500/1471 650/1501/1472 753/1502/1473
f 753/1502/1473 650/1501/1472 649/1503/1474
f 753/1502/1473 649/1503/1474 752/1504/1475
f 752/1504/1475 649/1503/1474 648/1505/1476
f 752/1504/1475 648/1505/1476 751/1506/1477
f 751/1506/1477 648/1505/1476 647/1507/1478
f 751/1506/1477 647/1507/1478 750/1508/1479
f 750/1508/1479 647/1507/1478 646/1509/1480
f 750/1508/1479 646/1509/1480 749/1460/1433
f 749/1460/1433 646/1509/1480 645/1461/1434
f 803/1510/1481 772/1511/1482 708/1512/1483
f 708/1513/1483 772/1514/1482 773/1515/1484
f 708/1513/1483 773/1515/1484 709/1516/1485
f 709/1516/1485 773/1515/1484 774/1517/1486
f 709/1516/1485 774/1517/1486 710/1518/1487
f 710/1518/1487 774/1517/1486 775/1519/1488
f 710/1518/1487 775/1519/1488 711/1520/1489
f 711/1520/1489 775/1519/1488 776/1521/1490
f 711/1520/1489 776/1521/1490 712/1522/1491
f 712/1522/1491 776/1521/1490 777/1523/1492
f 712/1522/1491 777/1523/1492 713/1524/1493
f 713/1524/1493 777/1523/1492 778/1525/1494
f 713/1524/1493 778/1525/1494 714/1526/1495
f 714/1526/1495 778/1525/1494 779/1527/1496
f 714/1526/1495 779/1527/1496 715/1528/1497
f 715/1528/1497 779/1527/1496 780/1529/1498
f 715/1528/1497 780/1529/1498 716/1530/1499
f 716/1530/1499 780/1529/1498 717/1531/1500
f 717/1531/1500 780/1529/1498 781/1532/1501
f 717/1531/1500 781/1532/1501 718/1533/1502
f 718/1533/1502 781/1532/1501 782/1534/1503
f 718/1533/1502 782/1534/1503 719/1535/1504
f 719/1535/1504 782/1534/1503 783/1536/1505
f 719/1535/1504 783/1536/1505 720/1537/1506
f 720/1537/1506 783/1536/1505 784/1538/1507
f 720/1537/1506 784/1538/1507 721/1539/1508
f 721/1539/1508 784/1538/1507 785/1540/1509
f 721/1539/1508 785/1540/1509 722/1541/1510
f 722/1541/1510 785/1540/1509 786/1542/1511
f 722/1541/1510 786/1542/1511 787/1543/1512
f 788/1544/1513 692/1545/1514 787/1543/1512
f 787/1543/1512 692/1545/1514 723/1546/1515
f 787/1543/1512 723/1546/1515 722/1541/1510
f 788/1544/1513 789/1547/1516 692/1545/1514
f 692/1545/1514 789/1547/1516 693/1548/1517
f 693/1548/1517 789/1547/1516 790/1549/1518
f 693/1548/1517 790/1549/1518 694/1550/1519
f 694/1550/1519 790/1549/1518 791/1551/1520
f 694/1550/1519 791/1551/1520 695/1552/1521
f 695/1552/1521 791/1551/1520 792/1553/1522
f 695/1552/1521 792/1553/1522 696/1554/1523
f 696/1554/1523 792/1553/1522 793/1555/1524
f 696/1554/1523 793/1555/1524 697/1556/1525
f 697/1556/1525 793/1555/1524 794/1557/1526
f 697/1556/1525 794/1557/1526 698/1558/1527
f 698/1558/1527 794/1557/1526 795/1559/1528
f 698/1558/1527 795/1559/1528 699/1560/1529
f 699/1560/1529 795/1559/1528 796/1561/1530
f 699/1560/1529 796/1561/1530 700/1562/1531
f 700/1562/1531 796/1561/1530 701/1563/1532
f 701/1563/1532 796/1561/1530 797/1564/1533
f 701/1563/1532 797/1564/1533 702/1565/1534
f 702/1565/1534 797/1564/1533 798/1566/1535
f 702/1565/1534 798/1566/1535 703/1567/1536
f 703/1567/1536 798/1566/1535 799/1568/1537
f 703/1567/1536 799/1568/1537 704/1569/1538
f 704/1569/1538 799/1568/1537 800/1570/1539
f 704/1569/1538 800/1570/1539 705/1571/1540
f 705/1571/1540 800/1570/1539 801/1572/1541
f 705/1571/1540 801/1572/1541 706/1573/1542
f 706/1573/1542 801/1572/1541 802/1574/1543
f 706/1573/1542 802/1574/1543 803/1510/1481
f 708/1512/1483 707/1575/1544 803/1510/1481
f 803/1510/1481 707/1575/1544 706/1573/1542
f 805/1576/1545 857/1577/1546 804/1578/1547
f 804/1578/1547 857/1577/1546 866/1579/1548
f 804/1578/1547 866/1579/1548 827/1580/1549
f 827/1580/1549 866/1579/1548 967/1581/1550
f 827/1580/1549 967/1581/1550 826/1582/1551
f 826/1582/1551 967/1581/1550 962/1583/1552
f 826/1582/1551 962/1583/1552 825/1584/1553
f 825/1584/1553 962/1583/1552 957/1585/1554
f 825/1584/1553 957/1585/1554 824/1586/1555
f 824/1586/1555 957/1585/1554 952/1587/1556
f 824/1586/1555 952/1587/1556 823/1588/1557
f 823/1588/1557 952/1587/1556 947/1589/1558
f 823/1588/1557 947/1589/1558 822/1590/1559
f 822/1590/1559 947/1589/1558 942/1591/1560
f 822/1590/1559 942/1591/1560 821/1592/1561
f 821/1592/1561 942/1591/1560 937/1593/1562
f 821/1592/1561 937/1593/1562 820/1594/1563
f 820/1594/1563 937/1593/1562 932/1595/1564
f 820/1594/1563 932/1595/1564 819/1596/1565
f 819/1596/1565 932/1595/1564 927/1597/1566
f 819/1596/1565 927/1597/1566 818/1598/1567
f 818/1598/1567 927/1597/1566 922/1599/1568
f 818/1598/1567 922/1599/1568 817/1600/1569
f 817/1600/1569 922/1599/1568 917/1601/1570
f 817/1600/1569 917/1601/1570 816/1602/1571
f 816/1602/1571 917/1601/1570 852/1603/1572
f 816/1604/1571 852/1605/1572 815/1606/1573
f 815/1606/1573 852/1605/1572 912/1607/1574
f 815/1606/1573 912/1607/1574 814/1608/1575
f 814/1608/1575 912/1607/1574 907/1609/1576
f 814/1608/1575 907/1609/1576 813/1610/1577
f 813/1610/1577 907/1609/1576 902/1611/1578
f 813/1610/1577 902/1611/1578 812/1612/1579
f 812/1612/1579 902/1611/1578 897/1613/1580
f 812/1612/1579 897/1613/1580 811/1614/1581
f 811/1614/1581 897/1613/1580 892/1615/1582
f 811/1614/1581 892/1615/1582 810/1616/1583
f 810/1616/1583 892/1615/1582 887/1617/1584
f 810/1616/1583 887/1617/1584 809/1618/1585
f 809/1618/1585 887/1617/1584 882/1619/1586
f 809/1618/1585 882/1619/1586 808/1620/1587
f 808/1620/1587 882/1619/1586 877/1621/1588
f 808/1620/1587 877/1621/1588 807/1622/1589
f 807/1622/1589 877/1621/1588 872/1623/1590
f 807/1622/1589 872/1623/1590 806/1624/1591
f 806/1624/1591 872/1623/1590 867/1625/1592
f 806/1624/1591 867/1625/1592 805/1576/1545
f 805/1576/1545 867/1625/1592 857/1577/1546
f 829/1626/1593 971/1627/1594 828/1628/1595
f 828/1628/1595 971/1627/1594 862/1629/1596
f 828/1628/1595 862/1629/1596 851/1630/1597
f 851/1630/1597 862/1629/1596 861/1631/1598
f 851/1630/1597 861/1631/1598 850/1632/1599
f 850/1632/1599 861/1631/1598 871/1633/1600
f 850/1632/1599 871/1633/1600 849/1634/1601
f 849/1634/1601 871/1633/1600 876/1635/1602
f 849/1634/1601 876/1635/1602 848/1636/1603
f 848/1636/1603 876/1635/1602 881/1637/1604
f 848/1636/1603 881/1637/1604 847/1638/1605
f 847/1638/1605 881/1637/1604 886/1639/1606
f 847/1638/1605 886/1639/1606 846/1640/1607
f 846/1640/1607 886/1639/1606 891/1641/1608
f 846/1640/1607 891/1641/1608 845/1642/1609
f 845/1642/1609 891/1641/1608 896/1643/1610
f 845/1642/1609 896/1643/1610 844/1644/1611
f 844/1644/1611 896/1643/1610 901/1645/1612
f 844/1644/1611 901/1645/1612 843/1646/1613
f 843/1646/1613 901/1645/1612 906/1647/1614
f 843/1646/1613 906/1647/1614 842/1648/1615
f 842/1648/1615 906/1647/1614 911/1649/1616
f 842/1648/1615 911/1649/1616 841/1650/1617
f 841/1650/1617 911/1649/1616 916/1651/1618
f 841/1650/1617 916/1651/1618 840/1652/1619
f 840/1652/1619 916/1651/1618 856/1653/1620
f 840/1654/1619 856/1655/1620 839/1656/1621
f 839/1656/1621 856/1655/1620 921/1657/1622
f 839/1656/1621 921/1657/1622 838/1658/1623
f 838/1658/1623 921/1657/1622 926/1659/1624
f 838/1658/1623 926/1659/1624 837/1660/1625
f 837/1660/1625 926/1659/1624 931/1661/1626
f 837/1660/1625 931/1661/1626 836/1662/1627
f 836/1662/1627 931/1661/1626 936/1663/1628
f 836/1662/1627 936/1663/1628 835/1664/1629
f 835/1664/1629 936/1663/1628 941/1665/1630
f 835/1664/1629 941/1665/1630 834/1666/1631
f 834/1666/1631 941/1665/1630 946/1667/1632
f 834/1666/1631 946/1667/1632 833/1668/1633
f 833/1668/1633 946/1667/1632 951/1669/1634
f 833/1668/1633 951/1669/1634 832/1670/1635
f 832/1670/1635 951/1669/1634 956/1671/1636
f 832/1670/1635 956/1671/1636 831/1672/1637
f 831/1672/1637 956/1671/1636 961/1673/1638
f 831/1672/1637 961/1673/1638 830/1674/1639
f 830/1674/1639 961/1673/1638 966/1675/1640
f 830/1674/1639 966/1675/1640 829/1626/1593
f 829/1626/1593 966/1675/1640 971/1627/1594
f 852/1605/1572 853/1676/1641 912/1607/1574
f 912/1607/1574 853/1676/1641 913/1677/1642
f 912/1607/1574 913/1677/1642 907/1609/1576
f 907/1609/1576 913/1677/1642 908/1678/1643
f 907/1609/1576 908/1678/1643 902/1611/1578
f 902/1611/1578 908/1678/1643 903/1679/1644
f 902/1611/1578 903/1679/1644 897/1613/1580
f 897/1613/1580 903/1679/1644 898/1680/1645
f 897/1613/1580 898/1680/1645 892/1615/1582
f 892/1615/1582 898/1680/1645 893/1681/1646
f 892/1615/1582 893/1681/1646 887/1617/1584
f 887/1617/1584 893/1681/1646 888/1682/1647
f 887/1617/1584 888/1682/1647 882/1619/1586
f 882/1619/1586 888/1682/1647 883/1683/1648
f 882/1619/1586 883/1683/1648 877/1621/1588
f 877/1621/1588 883/1683/1648 878/1684/1649
f 877/1621/1588 878/1684/1649 872/1623/1590
f 872/1623/1590 878/1684/1649 873/1685/1650
f 872/1623/1590 873/1685/1650 867/1625/1592
f 867/1625/1592 873/1685/1650 868/1686/1651
f 867/1625/1592 868/1686/1651 857/1577/1546
f 857/1577/1546 868/1686/1651 858/1687/1652
f 857/1577/1546 858/1687/1652 866/1579/1548
f 866/1579/1548 858/1687/1652 865/1688/1653
f 866/1579/1548 865/1688/1653 967/1581/1550
f 967/1581/1550 865/1688/1653 968/1689/1654
f 967/1581/1550 968/1689/1654 962/1583/1552
f 962/1583/1552 968/1689/1654 963/1690/1655
f 962/1583/1552 963/1690/1655 957/1585/1554
f 957/1585/1554 963/1690/1655 958/1691/1656
f 957/1585/1554 958/1691/1656 952/1587/1556
f 952/1587/1556 958/1691/1656 953/1692/1657
f 952/1587/1556 953/1692/1657 947/1589/1558
f 947/1589/1558 953/1692/1657 948/1693/1658
f 947/1589/1558 948/1693/1658 942/1591/1560
f 942/1591/1560 948/1693/1658 943/1694/1659
f 942/1591/1560 943/1694/1659 937/1593/1562
f 937/1593/1562 943/1694/1659 938/1695/1660
f 937/1593/1562 938/1695/1660 932/1595/1564
f 932/1595/1564 938/1695/1660 933/1696/1661
f 932/1595/1564 933/1696/1661 927/1597/1566
f 927/1597/1566 933/1696/1661 928/1697/1662
f 927/1597/1566 928/1697/1662 922/1599/1568
f 922/1599/1568 928/1697/1662 923/1698/1663
f 922/1599/1568 923/1698/1663 917/1601/1570
f 917/1601/1570 923/1698/1663 918/1699/1664
f 917/1601/1570 918/1699/1664 852/1603/1572
f 852/1603/1572 918/1699/1664 853/1700/1641
f 853/1676/1641 854/1701/1665 913/1677/1642
f 913/1677/1642 854/1701/1665 914/1702/1666
f 913/1677/1642 914/1702/1666 908/1678/1643
f 908/1678/1643 914/1702/1666 909/1703/1667
f 908/1678/1643 909/1703/1667 903/1679/1644
f 903/1679/1644 909/1703/1667 904/1704/1668
f 903/1679/1644 904/1704/1668 898/1680/1645
f 898/1680/1645 904/1704/1668 899/1705/1669
f 898/1680/1645 899/1705/1669 893/1681/1646
f 893/1681/1646 899/1705/1669 894/1706/1670
f 893/1681/1646 894/1706/1670 888/1682/1647
f 888/1682/1647 894/1706/1670 889/1707/1671
f 888/1682/1647 889/1707/1671 883/1683/1648
f 883/1683/1648 889/1707/1671 884/1708/1672
f 883/1683/1648 884/1708/1672 878/1684/1649
f 878/1684/1649 884/1708/1672 879/1709/1673
f 878/1684/1649 879/1709/1673 873/1685/1650
f 873/1685/1650 879/1709/1673 874/1710/1674
f 873/1685/1650 874/1710/1674 868/1686/1651
f 868/1686/1651 874/1710/1674 869/1711/1675
f 868/1686/1651 869/1711/1675 858/1687/1652
f 858/1687/1652 869/1711/1675 859/1712/1676
f 858/1687/1652 859/1712/1676 865/1688/1653
f 865/1688/1653 859/1712/1676 864/1713/1677
f 865/1688/1653 864/1713/1677 968/1689/1654
f 968/1689/1654 864/1713/1677 969/1714/1678
f 968/1689/1654 969/1714/1678 963/1690/1655
f 963/1690/1655 969/1714/1678 964/1715/1679
f 963/1690/1655 964/1715/1679 958/1691/1656
f 958/1691/1656 964/1715/1679 959/1716/1680
f 958/1691/1656 959/1716/1680 953/1692/1657
f 953/1692/1657 959/1716/1680 954/1717/1681
f 953/1692/1657 954/1717/1681 948/1693/1658
f 948/1693/1658 954/1717/1681 949/1718/1682
f 948/1693/1658 949/1718/1682 943/1694/1659
f 943/1694/1659 949/1718/1682 944/1719/1683
f 943/1694/1659 944/1719/1683 938/1695/1660
f 938/1695/1660 944/1719/1683 939/1720/1684
f 938/1695/1660 939/1720/1684 933/1696/1661
f 933/1696/1661 939/1720/1684 934/1721/1685
f 933/1696/1661 934/1721/1685 928/1697/1662
f 928/1697/1662 934/1721/1685 929/1722/1686
f 928/1697/1662 929/1722/1686 923/1698/1663
f 923/1698/1663 929/1722/1686 924/1723/1687
f 923/1698/1663 924/1723/1687 918/1699/1664
f 918/1699/1664 924/1723/1687 919/1724/1688
f 918/1699/1664 919/1724/1688 853/1700/1641
f 853/1700/1641 919/1724/1688 854/1725/1665
f 854/1701/1665 855/1726/1689 914/1702/1666
f 914/1702/1666 855/1726/1689 915/1727/1690
f 914/1702/1666 915/1727/1690 909/1703/1667
f 909/1703/1667 915/1727/1690 910/1728/1691
f 909/1703/1667 910/1728/1691 904/1704/1668
f 904/1704/1668 910/1728/1691 905/1729/1692
f 904/1704/1668 905/1729/1692 899/1705/1669
f 899/1705/1669 905/1729/1692 900/1730/1693
f 899/1705/1669 900/1730/1693 894/1706/1670
f 894/1706/1670 900/1730/1693 895/1731/1694
f 894/1706/1670 895/1731/1694 889/1707/1671
f 889/1707/1671 895/1731/1694 890/1732/1695
f 889/1707/1671 890/1732/1695 884/1708/1672
f 884/1708/1672 890/1732/1695 885/1733/1696
f 884/1708/1672 885/1733/1696 879/1709/1673
f 879/1709/1673 885/1733/1696 880/1734/1697
f 879/1709/1673 880/1734/1697 874/1710/1674
f 874/1710/1674 880/1734/1697 875/1735/1698
f 874/1710/1674 875/1735/1698 869/1711/1675
f 869/1711/1675 875/1735/1698 870/1736/1699
f 869/1711/1675 870/1736/1699 859/1712/1676
f 859/1712/1676 870/1736/1699 860/1737/1700
f 859/1712/1676 860/1737/1700 864/1713/1677
f 864/1713/1677 860/1737/1700 863/1738/1701
f 864/1713/1677 863/1738/1701 969/1714/1678
f 969/1714/1678 863/1738/1701 970/1739/1702
f 969/1714/1678 970/1739/1702 964/1715/1679
f 964/1715/1679 970/1739/1702 965/1740/1703
f 964/1715/1679 965/1740/1703 959/1716/1680
f 959/1716/1680 965/1740/1703 960/1741/1704
f 959/1716/1680 960/1741/1704 954/1717/1681
f 954/1717/1681 960/1741/1704 955/1742/1705
f 954/1717/1681 955/1742/1705 949/1718/1682
f 949/1718/1682 955/1742/1705 950/1743/1706
f 949/1718/1682 950/1743/1706 944/1719/1683
f 944/1719/1683 950/1743/1706 945/1744/1707
f 944/1719/1683 945/1744/1707 939/1720/1684
f 939/1720/1684 945/1744/1707 940/1745/1708
f 939/1720/1684 940/1745/1708 934/1721/1685
f 934/1721/1685 940/1745/1708 935/1746/1709
f 934/1721/1685 935/1746/1709 929/1722/1686
f 929/1722/1686 935/1746/1709 930/1747/1710
f 929/1722/1686 930/1747/1710 924/1723/1687
f 924/1723/1687 930/1747/1710 925/1748/1711
f 924/1723/1687 925/1748/1711 919/1724/1688
f 919/1724/1688 925/1748/1711 920/1749/1712
f 919/1724/1688 920/1749/1712 854/1725/1665
f 854/1725/1665 920/1749/1712 855/1750/1689
f 855/1726/1689 856/1653/1620 915/1727/1690
f 915/1727/1690 856/1653/1620 916/1651/1618
f 915/1727/1690 916/1651/1618 910/1728/1691
f 910/1728/1691 916/1651/1618 911/1649/1616
f 910/1728/1691 911/1649/1616 905/1729/1692
f 905/1729/1692 911/1649/1616 906/1647/1614
f 905/1729/1692 906/1647/1614 900/1730/1693
f 900/1730/1693 906/1647/1614 901/1645/1612
f 900/1730/1693 901/1645/1612 895/1731/1694
f 895/1731/1694 901/1645/1612 896/1643/1610
f 895/1731/1694 896/1643/1610 890/1732/1695
f 890/1732/1695 896/1643/1610 891/1641/1608
f 890/1732/1695 891/1641/1608 885/1733/1696
f 885/1733/1696 891/1641/1608 886/1639/1606
f 885/1733/1696 886/1639/1606 880/1734/1697
f 880/1734/1697 886/1639/1606 881/1637/1604
f 880/1734/1697 881/1637/1604 875/1735/1698
f 875/1735/1698 881/1637/1604 876/1635/1602
f 875/1735/1698 876/1635/1602 870/1736/1699
f 870/1736/1699 876/1635/1602 871/1633/1600
f 870/1736/1699 871/1633/1600 860/1737/1700
f 860/1737/1700 871/1633/1600 861/1631/1598
f 860/1737/1700 861/1631/1598 863/1738/1701
f 863/1738/1701 861/1631/1598 862/1629/1596
f 863/1738/1701 862/1629/1596 970/1739/1702
f 970/1739/1702 862/1629/1596 971/1627/1594
f 970/1739/1702 971/1627/1594 965/1740/1703
f 965/1740/1703 971/1627/1594 966/1675/1640
f 965/1740/1703 966/1675/1640 960/1741/1704
f 960/1741/1704 966/1675/1640 961/1673/1638
f 960/1741/1704 961/1673/1638 955/1742/1705
f 955/1742/1705 961/1673/1638 956/1671/1636
f 955/1742/1705 956/1671/1636 950/1743/1706
f 950/1743/1706 956/1671/1636 951/1669/1634
f 950/1743/1706 951/1669/1634 945/1744/1707
f 945/1744/1707 951/1669/1634 946/1667/1632
f 945/1744/1707 946/1667/1632 940/1745/1708
f 940/1745/1708 946/1667/1632 941/1665/1630
f 940/1745/1708 941/1665/1630 935/1746/1709
f 935/1746/1709 941/1665/1630 936/1663/1628
f 935/1746/1709 936/1663/1628 930/1747/1710
f 930/1747/1710 936/1663/1628 931/1661/1626
f 930/1747/1710 931/1661/1626 925/1748/1711
f 925/1748/1711 931/1661/1626 926/1659/1624
f 925/1748/1711 926/1659/1624 920/1749/1712
f 920/1749/1712 926/1659/1624 921/1657/1622
f 920/1749/1712 921/1657/1622 855/1750/1689
f 855/1750/1689 921/1657/1622 856/1655/1620
f 973/1751/1713 786/1752/1714 972/1753/1715
f 972/1753/1715 786/1752/1714 785/1754/1716
f 972/1753/1715 785/1754/1716 784/1755/1717
f 974/1756/1718 812/1757/1579 973/1751/1713
f 973/1751/1713 812/1757/1579 811/1758/1581
f 973/1751/1713 811/1758/1581 788/1759/1719
f 788/1759/1719 811/1758/1581 789/1760/1720
f 789/1760/1720 811/1758/1581 790/1761/1721
f 790/1761/1721 811/1758/1581 810/1762/1583
f 790/1761/1721 810/1762/1583 791/1763/1722
f 791/1763/1722 810/1762/1583 792/1764/1723
f 792/1764/1723 810/1762/1583 793/1765/1724
f 793/1765/1724 810/1762/1583 794/1766/1725
f 794/1766/1725 810/1762/1583 795/1767/1726
f 795/1767/1726 810/1762/1583 796/1768/1727
f 796/1768/1727 810/1762/1583 797/1769/1728
f 797/1769/1728 810/1762/1583 798/1770/1729
f 798/1770/1729 810/1762/1583 799/1771/1730
f 799/1771/1730 810/1762/1583 800/1772/1731
f 800/1772/1731 810/1762/1583 801/1773/1732
f 801/1773/1732 810/1762/1583 802/1774/1733
f 802/1774/1733 810/1762/1583 803/1775/1734
f 803/1775/1734 810/1762/1583 772/1776/1735
f 772/1776/1735 810/1762/1583 809/1777/1585
f 772/1776/1735 809/1777/1585 995/1778/1736
f 995/1778/1736 809/1777/1585 994/1779/1737
f 994/1779/1737 809/1777/1585 808/1780/1587
f 994/1779/1737 808/1780/1587 993/1781/1738
f 993/1781/1738 808/1780/1587 807/1782/1589
f 993/1781/1738 807/1782/1589 992/1783/1739
f 992/1783/1739 807/1782/1589 806/1784/1591
f 992/1783/1739 806/1784/1591 991/1785/1740
f 991/1785/1740 806/1784/1591 805/1786/1545
f 991/1785/1740 805/1786/1545 990/1787/1741
f 990/1787/1741 805/1786/1545 804/1788/1547
f 990/1789/1741 804/1790/1547 989/1791/1742
f 989/1791/1742 804/1790/1547 827/1792/1549
f 989/1791/1742 827/1792/1549 988/1793/1743
f 988/1793/1743 827/1792/1549 826/1794/1551
f 988/1793/1743 826/1794/1551 987/1795/1744
f 987/1795/1744 826/1794/1551 825/1796/1553
f 987/1795/1744 825/1796/1553 986/1797/1745
f 986/1797/1745 825/1796/1553 824/1798/1555
f 986/1797/1745 824/1798/1555 985/1799/1746
f 985/1799/1746 824/1798/1555 823/1800/1557
f 985/1799/1746 823/1800/1557 984/1801/1747
f 984/1801/1747 823/1800/1557 822/1802/1559
f 984/1801/1747 822/1802/1559 983/1803/1748
f 983/1803/1748 822/1802/1559 821/1804/1561
f 983/1803/1748 821/1804/1561 982/1805/1749
f 982/1805/1749 821/1804/1561 820/1806/1563
f 982/1805/1749 820/1806/1563 981/1807/1750
f 981/1807/1750 820/1806/1563 819/1808/1565
f 981/1807/1750 819/1808/1565 980/1809/1751
f 980/1809/1751 819/1808/1565 818/1810/1567
f 980/1809/1751 818/1810/1567 979/1811/1752
f 979/1811/1752 818/1810/1567 817/1812/1569
f 979/1811/1752 817/1812/1569 978/1813/1753
f 978/1813/1753 817/1812/1569 816/1814/1571
f 978/1813/1753 816/1814/1571 977/1815/1754
f 977/1815/1754 816/1814/1571 815/1816/1573
f 977/1815/1754 815/1816/1573 976/1817/1755
f 976/1817/1755 815/1816/1573 814/1818/1575
f 976/1817/1755 814/1818/1575 975/1819/1756
f 975/1819/1756 814/1818/1575 813/1820/1577
f 975/1819/1756 813/1820/1577 974/1756/1718
f 974/1756/1718 813/1820/1577 812/1757/1579
f 995/1778/1736 972/1753/1715 772/1776/1735
f 772/1776/1735 972/1753/1715 773/1821/1757
f 773/1821/1757 972/1753/1715 774/1822/1758
f 774/1822/1758 972/1753/1715 775/1823/1759
f 775/1823/1759 972/1753/1715 776/1824/1760
f 776/1824/1760 972/1753/1715 777/1825/1761
f 777/1825/1761 972/1753/1715 778/1826/1762
f 778/1826/1762 972/1753/1715 779/1827/1763
f 779/1827/1763 972/1753/1715 780/1828/1764
f 780/1828/1764 972/1753/1715 781/1829/1765
f 781/1829/1765 972/1753/1715 782/1830/1766
f 782/1830/1766 972/1753/1715 783/1831/1767
f 783/1831/1767 972/1753/1715 784/1755/1717
f 788/1759/1719 787/1832/1768 973/1751/1713
f 973/1751/1713 787/1832/1768 786/1752/1714
f 997/1833/1769 1025/1834/1770 996/1835/1771
f 996/1835/1771 1025/1834/1770 1034/1836/1772
f 996/1835/1771 1034/1836/1772 1019/1837/1773
f 1019/1837/1773 1034/1836/1772 1135/1838/1774
f 1019/1837/1773 1135/1838/1774 1018/1839/1775
f 1018/1839/1775 1135/1838/1774 1130/1840/1776
f 1018/1839/1775 1130/1840/1776 1017/1841/1777
f 1017/1841/1777 1130/1840/1776 1125/1842/1778
f 1017/1841/1777 1125/1842/1778 1016/1843/1779
f 1016/1843/1779 1125/1842/1778 1120/1844/1780
f 1016/1843/1779 1120/1844/1780 1015/1845/1781
f 1015/1845/1781 1120/1844/1780 1115/1846/1782
f 1015/1845/1781 1115/1846/1782 1014/1847/1783
f 1014/1847/1783 1115/1846/1782 1110/1848/1784
f 1014/1847/1783 1110/1848/1784 1013/1849/1785
f 1013/1849/1785 1110/1848/1784 1105/1850/1786
f 1013/1849/1785 1105/1850/1786 1012/1851/1787
f 1012/1851/1787 1105/1850/1786 1100/1852/1788
f 1012/1851/1787 1100/1852/1788 1011/1853/1789
f 1011/1853/1789 1100/1852/1788 1095/1854/1790
f 1011/1853/1789 1095/1854/1790 1010/1855/1791
f 1010/1855/1791 1095/1854/1790 1090/1856/1792
f 1010/1855/1791 1090/1856/1792 1009/1857/1793
f 1009/1857/1793 1090/1856/1792 1085/1858/1794
f 1009/1857/1793 1085/1858/1794 1008/1859/1795
f 1008/1859/1795 1085/1858/1794 1020/1860/1796
f 1008/1861/1795 1020/1862/1796 1007/1863/1797
f 1007/1863/1797 1020/1862/1796 1080/1864/1798
f 1007/1863/1797 1080/1864/1798 1006/1865/1799
f 1006/1865/1799 1080/1864/1798 1075/1866/1800
f 1006/1865/1799 1075/1866/1800 1005/1867/1801
f 1005/1867/1801 1075/1866/1800 1070/1868/1802
f 1005/1867/1801 1070/1868/1802 1004/1869/1803
f 1004/1869/1803 1070/1868/1802 1065/1870/1804
f 1004/1869/1803 1065/1870/1804 1003/1871/1805
f 1003/1871/1805 1065/1870/1804 1060/1872/1806
f 1003/1871/1805 1060/1872/1806 1002/1873/1807
f 1002/1873/1807 1060/1872/1806 1055/1874/1808
f 1002/1873/1807 1055/1874/1808 1001/1875/1809
f 1001/1875/1809 1055/1874/1808 1050/1876/1810
f 1001/1875/1809 1050/1876/1810 1000/1877/1811
f 1000/1877/1811 1050/1876/1810 1045/1878/1812
f 1000/1877/1811 1045/1878/1812 999/1879/1813
f 999/1879/1813 1045/1878/1812 1040/1880/1814
f 999/1879/1813 1040/1880/1814 998/1881/1815
f 998/1881/1815 1040/1880/1814 1035/1882/1816
f 998/1881/1815 1035/1882/1816 997/1833/1769
f 997/1833/1769 1035/1882/1816 1025/1834/1770
f 995/1883/1736 1139/1884/1817 972/1885/1715
f 972/1885/1715 1139/1884/1817 1030/1886/1818
f 972/1885/1715 1030/1886/1818 973/1887/1713
f 973/1887/1713 1030/1886/1818 1029/1888/1819
f 973/1887/1713 1029/1888/1819 974/1889/1718
f 974/1889/1718 1029/1888/1819 1039/1890/1820
f 974/1889/1718 1039/1890/1820 975/1891/1756
f 975/1891/1756 1039/1890/1820 1044/1892/1821
f 975/1891/1756 1044/1892/1821 976/1893/1755
f 976/1893/1755 1044/1892/1821 1049/1894/1822
f 976/1893/1755 1049/1894/1822 977/1895/1754
f 977/1895/1754 1049/1894/1822 1054/1896/1823
f 977/1895/1754 1054/1896/1823 978/1897/1753
f 978/1897/1753 1054/1896/1823 1059/1898/1824
f 978/1897/1753 1059/1898/1824 979/1899/1752
f 979/1899/1752 1059/1898/1824 1064/1900/1825
f 979/1899/1752 1064/1900/1825 980/1901/1751
f 980/1901/1751 1064/1900/1825 1069/1902/1826
f 980/1901/1751 1069/1902/1826 981/1903/1750
f 981/1903/1750 1069/1902/1826 1074/1904/1827
f 981/1903/1750 1074/1904/1827 982/1905/1749
f 982/1905/1749 1074/1904/1827 1079/1906/1828
f 982/1905/1749 1079/1906/1828 983/1907/1748
f 983/1907/1748 1079/1906/1828 1084/1908/1829
f 983/1907/1748 1084/1908/1829 984/1909/1747
f 984/1909/1747 1084/1908/1829 1024/1910/1830
f 984/1911/1747 1024/1912/1830 985/1913/1746
f 985/1913/1746 1024/1912/1830 1089/1914/1831
f 985/1913/1746 1089/1914/1831 986/1915/1745
f 986/1915/1745 1089/1914/1831 1094/1916/1832
f 986/1915/1745 1094/1916/1832 987/1917/1744
f 987/1917/1744 1094/1916/1832 1099/1918/1833
f 987/1917/1744 1099/1918/1833 988/1919/1743
f 988/1919/1743 1099/1918/1833 1104/1920/1834
f 988/1919/1743 1104/1920/1834 989/1921/1742
f 989/1921/1742 1104/1920/1834 1109/1922/1835
f 989/1921/1742 1109/1922/1835 990/1923/1741
f 990/1923/1741 1109/1922/1835 1114/1924/1836
f 990/1923/1741 1114/1924/1836 991/1925/1740
f 991/1925/1740 1114/1924/1836 1119/1926/1837
f 991/1925/1740 1119/1926/1837 992/1927/1739
f 992/1927/1739 1119/1926/1837 1124/1928/1838
f 992/1927/1739 1124/1928/1838 993/1929/1738
f 993/1929/1738 1124/1928/1838 1129/1930/1839
f 993/1929/1738 1129/1930/1839 994/1931/1737
f 994/1931/1737 1129/1930/1839 1134/1932/1840
f 994/1931/1737 1134/1932/1840 995/1883/1736
f 995/1883/1736 1134/1932/1840 1139/1884/1817
f 1020/1862/1796 1021/1933/1841 1080/1864/1798
f 1080/1864/1798 1021/1933/1841 1081/1934/1842
f 1080/1864/1798 1081/1934/1842 1075/1866/1800
f 1075/1866/1800 1081/1934/1842 1076/1935/1843
f 1075/1866/1800 1076/1935/1843 1070/1868/1802
f 1070/1868/1802 1076/1935/1843 1071/1936/1844
f 1070/1868/1802 1071/1936/1844 1065/1870/1804
f 1065/1870/1804 1071/1936/1844 1066/1937/1845
f 1065/1870/1804 1066/1937/1845 1060/1872/1806
f 1060/1872/1806 1066/1937/1845 1061/1938/1846
f 1060/1872/1806 1061/1938/1846 1055/1874/1808
f 1055/1874/1808 1061/1938/1846 1056/1939/1847
f 1055/1874/1808 1056/1939/1847 1050/1876/1810
f 1050/1876/1810 1056/1939/1847 1051/1940/1848
f 1050/1876/1810 1051/1940/1848 1045/1878/1812
f 1045/1878/1812 1051/1940/1848 1046/1941/1849
f 1045/1878/1812 1046/1941/1849 1040/1880/1814
f 1040/1880/1814 1046/1941/1849 1041/1942/1850
f 1040/1880/1814 1041/1942/1850 1035/1882/1816
f 1035/1882/1816 1041/1942/1850 1036/1943/1851
f 1035/1882/1816 1036/1943/1851 1025/1834/1770
f 1025/1834/1770 1036/1943/1851 1026/1944/1852
f 1025/1834/1770 1026/1944/1852 1034/1836/1772
f 1034/1836/1772 1026/1944/1852 1033/1945/1853
f 1034/1836/1772 1033/1945/1853 1135/1838/1774
f 1135/1838/1774 1033/1945/1853 1136/1946/1854
f 1135/1838/1774 1136/1946/1854 1130/1840/1776
f 1130/1840/1776 1136/1946/1854 1131/1947/1855
f 1130/1840/1776 1131/1947/1855 1125/1842/1778
f 1125/1842/1778 1131/1947/1855 1126/1948/1856
f 1125/1842/1778 1126/1948/1856 1120/1844/1780
f 1120/1844/1780 1126/1948/1856 1121/1949/1857
f 1120/1844/1780 1121/1949/1857 1115/1846/1782
f 1115/1846/1782 1121/1949/1857 1116/1950/1858
f 1115/1846/1782 1116/1950/1858 1110/1848/1784
f 1110/1848/1784 1116/1950/1858 1111/1951/1859
f 1110/1848/1784 1111/1951/1859 1105/1850/1786
f 1105/1850/1786 1111/1951/1859 1106/1952/1860
f 1105/1850/1786 1106/1952/1860 1100/1852/1788
f 1100/1852/1788 1106/1952/1860 1101/1953/1861
f 1100/1852/1788 1101/1953/1861 1095/1854/1790
f 1095/1854/1790 1101/1953/1861 1096/1954/1862
f 1095/1854/1790 1096/1954/1862 1090/1856/1792
f 1090/1856/1792 1096/1954/1862 1091/1955/1863
f 1090/1856/1792 1091/1955/1863 1085/1858/1794
f 1085/1858/1794 1091/1955/1863 1086/1956/1864
f 1085/1858/1794 1086/1956/1864 1020/1860/1796
f 1020/1860/1796 1086/1956/1864 1021/1957/1841
f 1021/1933/1841 1022/1958/1865 1081/1934/1842
f 1081/1934/1842 1022/1958/1865 1082/1959/1866
f 1081/1934/1842 1082/1959/1866 1076/1935/1843
f 1076/1935/1843 1082/1959/1866 1077/1960/1867
f 1076/1935/1843 1077/1960/1867 1071/1936/1844
f 1071/1936/1844 1077/1960/1867 1072/1961/1868
f 1071/1936/1844 1072/1961/1868 1066/1937/1845
f 1066/1937/1845 1072/1961/1868 1067/1962/1869
f 1066/1937/1845 1067/1962/1869 1061/1938/1846
f 1061/1938/1846 1067/1962/1869 1062/1963/1870
f 1061/1938/1846 1062/1963/1870 1056/1939/1847
f 1056/1939/1847 1062/1963/1870 1057/1964/1871
f 1056/1939/1847 1057/1964/1871 1051/1940/1848
f 1051/1940/1848 1057/1964/1871 1052/1965/1872
f 1051/1940/1848 1052/1965/1872 1046/1941/1849
f 1046/1941/1849 1052/1965/1872 1047/1966/1873
f 1046/1941/1849 1047/1966/1873 1041/1942/1850
f 1041/1942/1850 1047/1966/1873 1042/1967/1874
f 1041/1942/1850 1042/1967/1874 1036/1943/1851
f 1036/1943/1851 1042/1967/1874 1037/1968/1875
f 1036/1943/1851 1037/1968/1875 1026/1944/1852
f 1026/1944/1852 1037/1968/1875 1027/1969/1876
f 1026/1944/1852 1027/1969/1876 1033/1945/1853
f 1033/1945/1853 1027/1969/1876 1032/1970/1877
f 1033/1945/1853 1032/1970/1877 1136/1946/1854
f 1136/1946/1854 1032/1970/1877 1137/1971/1878
f 1136/1946/1854 1137/1971/1878 1131/1947/1855
f 1131/1947/1855 1137/1971/1878 1132/1972/1879
f 1131/1947/1855 1132/1972/1879 1126/1948/1856
f 1126/1948/1856 1132/1972/1879 1127/1973/1880
f 1126/1948/1856 1127/1973/1880 1121/1949/1857
f 1121/1949/1857 1127/1973/1880 1122/1974/1881
f 1121/1949/1857 1122/1974/1881 1116/1950/1858
f 1116/1950/1858 1122/1974/1881 1117/1975/1882
f 1116/1950/1858 1117/1975/1882 1111/1951/1859
f 1111/1951/1859 1117/1975/1882 1112/1976/1883
f 1111/1951/1859 1112/1976/1883 1106/1952/1860
f 1106/1952/1860 1112/1976/1883 1107/1977/1884
f 1106/1952/1860 1107/1977/1884 1101/1953/1861
f 1101/1953/1861 1107/1977/1884 1102/1978/1885
f 1101/1953/1861 1102/1978/1885 1096/1954/1862
f 1096/1954/1862 1102/1978/1885 1097/1979/1886
f 1096/1954/1862 1097/1979/1886 1091/1955/1863
f 1091/1955/1863 1097/1979/1886 1092/1980/1887
f 1091/1955/1863 1092/1980/1887 1086/1956/1864
f 1086/1956/1864 1092/1980/1887 1087/1981/1888
f 1086/1956/1864 1087/1981/1888 1021/1957/1841
f 1021/1957/1841 1087/1981/1888 1022/1982/1865
f 1022/1958/1865 1023/1983/1889 1082/1959/1866
f 1082/1959/1866 1023/1983/1889 1083/1984/1890
f 1082/1959/1866 1083/1984/1890 1077/1960/1867
f 1077/1960/1867 1083/1984/1890 1078/1985/1891
f 1077/1960/1867 1078/1985/1891 1072/1961/1868
f 1072/1961/1868 1078/1985/1891 1073/1986/1892
f 1072/1961/1868 1073/1986/1892 1067/1962/1869
f 1067/1962/1869 1073/1986/1892 1068/1987/1893
f 1067/1962/1869 1068/1987/1893 1062/1963/1870
f 1062/1963/1870 1068/1987/1893 1063/1988/1894
f 1062/1963/1870 1063/1988/1894 1057/1964/1871
f 1057/1964/1871 1063/1988/1894 1058/1989/1895
f 1057/1964/1871 1058/1989/1895 1052/1965/1872
f 1052/1965/1872 1058/1989/1895 1053/1990/1896
f 1052/1965/1872 1053/1990/1896 1047/1966/1873
f 1047/1966/1873 1053/1990/1896 1048/1991/1897
f 1047/1966/1873 1048/1991/1897 1042/1967/1874
f 1042/1967/1874 1048/1991/1897 1043/1992/1898
f 1042/1967/1874 1043/1992/1898 1037/1968/1875
f 1037/1968/1875 1043/1992/1898 1038/1993/1899
f 1037/1968/1875 1038/1993/1899 1027/1969/1876
f 1027/1969/1876 1038/1993/1899 1028/1994/1900
f 1027/1969/1876 1028/1994/1900 1032/1970/1877
f 1032/1970/1877 1028/1994/1900 1031/1995/1901
f 1032/1970/1877 1031/1995/1901 1137/1971/1878
f 1137/1971/1878 1031/1995/1901 1138/1996/1902
f 1137/1971/1878 1138/1996/1902 1132/1972/1879
f 1132/1972/1879 1138/1996/1902 1133/1997/1903
f 1132/1972/1879 1133/1997/1903 1127/1973/1880
f 1127/1973/1880 1133/1997/1903 1128/1998/1904
f 1127/1973/1880 1128/1998/1904 1122/1974/1881
f 1122/1974/1881 1128/1998/1904 1123/1999/1905
f 1122/1974/1881 1123/1999/1905 1117/1975/1882
f 1117/1975/1882 1123/1999/1905 1118/2000/1906
f 1117/1975/1882 1118/2000/1906 1112/1976/1883
f 1112/1976/1883 1118/2000/1906 1113/2001/1907
f 1112/1976/1883 1113/2001/1907 1107/1977/1884
f 1107/1977/1884 1113/2001/1907 1108/2002/1908
f 1107/1977/1884 1108/2002/1908 1102/1978/1885
f 1102/1978/1885 1108/2002/1908 1103/2003/1909
f 1102/1978/1885 1103/2003/1909 1097/1979/1886
f 1097/1979/1886 1103/2003/1909 1098/2004/1910
f 1097/1979/1886 1098/2004/1910 1092/1980/1887
f 1092/1980/1887 1098/2004/1910 1093/2005/1911
f 1092/1980/1887 1093/2005/1911 1087/1981/1888
f 1087/1981/1888 1093/2005/1911 1088/2006/1912
f 1087/1981/1888 1088/2006/1912 1022/1982/1865
f 1022/1982/1865 1088/2006/1912 1023/2007/1889
f 1023/1983/1889 1024/1910/1830 1083/1984/1890
f 1083/1984/1890 1024/1910/1830 1084/1908/1829
f 1083/1984/1890 1084/1908/1829 1078/1985/1891
f 1078/1985/1891 1084/1908/1829 1079/1906/1828
f 1078/1985/1891 1079/1906/1828 1073/1986/1892
f 1073/1986/1892 1079/1906/1828 1074/1904/1827
f 1073/1986/1892 1074/1904/1827 1068/1987/1893
f 1068/1987/1893 1074/1904/1827 1069/1902/1826
f 1068/1987/1893 1069/1902/1826 1063/1988/1894
f 1063/1988/1894 1069/1902/1826 1064/1900/1825
f 1063/1988/1894 1064/1900/1825 1058/1989/1895
f 1058/1989/1895 1064/1900/1825 1059/1898/1824
f 1058/1989/1895 1059/1898/1824 1053/1990/1896
f 1053/1990/1896 1059/1898/1824 1054/1896/1823
f 1053/1990/1896 1054/1896/1823 1048/1991/1897
f 1048/1991/1897 1054/1896/1823 1049/1894/1822
f 1048/1991/1897 1049/1894/1822 1043/1992/1898
f 1043/1992/1898 1049/1894/1822 1044/1892/1821
f 1043/1992/1898 1044/1892/1821 1038/1993/1899
f 1038/1993/1899 1044/1892/1821 1039/1890/1820
f 1038/1993/1899 1039/1890/1820 1028/1994/1900
f 1028/1994/1900 1039/1890/1820 1029/1888/1819
f 1028/1994/1900 1029/1888/1819 1031/1995/1901
f 1031/1995/1901 1029/1888/1819 1030/1886/1818
f 1031/1995/1901 1030/1886/1818 1138/1996/1902
f 1138/1996/1902 1030/1886/1818 1139/1884/1817
f 1138/1996/1902 1139/1884/1817 1133/1997/1903
f 1133/1997/1903 1139/1884/1817 1134/1932/1840
f 1133/1997/1903 1134/1932/1840 1128/1998/1904
f 1128/1998/1904 1134/1932/1840 1129/1930/1839
f 1128/1998/1904 1129/1930/1839 1123/1999/1905
f 1123/1999/1905 1129/1930/1839 1124/1928/1838
f 1123/1999/1905 1124/1928/1838 1118/2000/1906
f 1118/2000/1906 1124/1928/1838 1119/1926/1837
f 1118/2000/1906 1119/1926/1837 1113/2001/1907
f 1113/2001/1907 1119/1926/1837 1114/1924/1836
f 1113/2001/1907 1114/1924/1836 1108/2002/1908
f 1108/2002/1908 1114/1924/1836 1109/1922/1835
f 1108/2002/1908 1109/1922/1835 1103/2003/1909
f 1103/2003/1909 1109/1922/1835 1104/1920/1834
f 1103/2003/1909 1104/1920/1834 1098/2004/1910
f 1098/2004/1910 1104/1920/1834 1099/1918/1833
f 1098/2004/1910 1099/1918/1833 1093/2005/1911
f 1093/2005/1911 1099/1918/1833 1094/1916/1832
f 1093/2005/1911 1094/1916/1832 1088/2006/1912
f 1088/2006/1912 1094/1916/1832 1089/1914/1831
f 1088/2006/1912 1089/1914/1831 1023/2007/1889
f 1023/2007/1889 1089/1914/1831 1024/1912/1830
f 725/2008/1913 724/2009/1914 846/2010/1607
f 846/2010/1607 724/2009/1914 747/2011/1915
f 846/2010/1607 747/2011/1915 847/2012/1605
f 847/2012/1605 747/2011/1915 746/2013/1916
f 847/2012/1605 746/2013/1916 848/2014/1603
f 848/2014/1603 746/2013/1916 745/2015/1917
f 848/2014/1603 745/2015/1917 849/2016/1918
f 849/2016/1918 745/2015/1917 744/2017/1919
f 849/2016/1918 744/2017/1919 850/2018/1599
f 850/2018/1599 744/2017/1919 743/2019/1920
f 850/2018/1599 743/2019/1920 851/2020/1597
f 851/2020/1597 743/2019/1920 742/2021/1921
f 851/2020/1597 742/2021/1921 828/2022/1595
f 828/2022/1595 742/2021/1921 829/2023/1593
f 829/2023/1593 742/2021/1921 741/2024/1922
f 829/2023/1593 741/2024/1922 830/2025/1639
f 830/2025/1639 741/2024/1922 740/2026/1923
f 830/2025/1639 740/2026/1923 831/2027/1637
f 831/2027/1637 740/2026/1923 739/2028/1924
f 831/2027/1637 739/2028/1924 832/2029/1635
f 832/2029/1635 739/2028/1924 738/2030/1925
f 832/2029/1635 738/2030/1925 833/2031/1633
f 833/2031/1633 738/2030/1925 737/2032/1926
f 833/2031/1633 737/2032/1926 834/2033/1631
f 834/2033/1631 737/2032/1926 736/2034/1927
f 834/2033/1631 736/2034/1927 735/2035/1928
f 834/2033/1631 735/2035/1928 835/2036/1629
f 835/2036/1629 735/2035/1928 734/2037/1929
f 835/2036/1629 734/2037/1929 836/2038/1627
f 836/2038/1627 734/2037/1929 733/2039/1930
f 836/2038/1627 733/2039/1930 837/2040/1931
f 837/2040/1931 733/2039/1930 732/2041/1932
f 837/2040/1931 732/2041/1932 838/2042/1623
f 838/2042/1623 732/2041/1932 731/2043/1933
f 838/2042/1623 731/2043/1933 839/2044/1621
f 839/2044/1621 731/2043/1933 840/2045/1619
f 840/2045/1619 731/2043/1933 730/2046/1934
f 840/2045/1619 730/2046/1934 841/2047/1617
f 841/2047/1617 730/2046/1934 729/2048/1935
f 841/2047/1617 729/2048/1935 842/2049/1615
f 842/2049/1615 729/2048/1935 728/2050/1936
f 842/2049/1615 728/2050/1936 843/2051/1613
f 843/2051/1613 728/2050/1936 727/2052/1937
f 843/2051/1613 727/2052/1937 844/2053/1611
f 844/2053/1611 727/2052/1937 726/2054/1938
f 844/2053/1611 726/2054/1938 845/2055/1609
f 845/2055/1609 726/2054/1938 725/2008/1913
f 845/2055/1609 725/2008/1913 846/2010/1607
f 749/2056/1939 748/2057/1940 1008/2058/1795
f 1008/2058/1795 748/2057/1940 771/2059/1941
f 1008/2058/1795 771/2059/1941 1009/2060/1793
f 1009/2060/1793 771/2059/1941 770/2061/1942
f 1009/2060/1793 770/2061/1942 1010/2062/1791
f 1010/2062/1791 770/2061/1942 769/2063/1943
f 1010/2062/1791 769/2063/1943 1011/2064/1789
f 1011/2064/1789 769/2063/1943 768/2065/1944
f 1011/2064/1789 768/2065/1944 1012/2066/1787
f 1012/2066/1787 768/2065/1944 767/2067/1945
f 1012/2066/1787 767/2067/1945 1013/2068/1785
f 1013/2068/1785 767/2067/1945 1014/2069/1783
f 1014/2069/1783 767/2067/1945 766/2070/1946
f 1014/2069/1783 766/2070/1946 1015/2071/1781
f 1015/2071/1781 766/2070/1946 765/2072/1947
f 1015/2071/1781 765/2072/1947 1016/2073/1948
f 1016/2073/1948 765/2072/1947 764/2074/1949
f 1016/2073/1948 764/2074/1949 1017/2075/1950
f 1017/2075/1950 764/2074/1949 763/2076/1951
f 1017/2075/1950 763/2076/1951 1018/2077/1775
f 1018/2077/1775 763/2076/1951 762/2078/1952
f 1018/2077/1775 762/2078/1952 1019/2079/1773
f 1019/2079/1773 762/2078/1952 761/2080/1953
f 1019/2079/1773 761/2080/1953 996/2081/1771
f 996/2081/1771 761/2080/1953 760/2082/1954
f 996/2081/1771 760/2082/1954 759/2083/1955
f 996/2081/1771 759/2083/1955 997/2084/1769
f 997/2084/1769 759/2083/1955 758/2085/1956
f 997/2084/1769 758/2085/1956 998/2086/1815
f 998/2086/1815 758/2085/1956 757/2087/1957
f 998/2086/1815 757/2087/1957 999/2088/1813
f 999/2088/1813 757/2087/1957 756/2089/1958
f 999/2088/1813 756/2089/1958 1000/2090/1811
f 1000/2090/1811 756/2089/1958 755/2091/1959
f 1000/2090/1811 755/2091/1959 1001/2092/1809
f 1001/2092/1809 755/2091/1959 754/2093/1960
f 1001/2092/1809 754/2093/1960 1002/2094/1807
f 1002/2094/1807 754/2093/1960 1003/2095/1805
f 1003/2095/1805 754/2093/1960 753/2096/1961
f 1003/2095/1805 753/2096/1961 1004/2097/1803
f 1004/2097/1803 753/2096/1961 752/2098/1962
f 1004/2097/1803 752/2098/1962 1005/2099/1963
f 1005/2099/1963 752/2098/1962 751/2100/1964
f 1005/2099/1963 751/2100/1964 1006/2101/1799
f 1006/2101/1799 751/2100/1964 750/2102/1965
f 1006/2101/1799 750/2102/1965 1007/2103/1797
f 1007/2103/1797 750/2102/1965 749/2056/1939
f 1007/2103/1797 749/2056/1939 1008/2058/1795
g Corpo4

v 342.300986 -12.386837 -49.372587
v 342.300986 -10.538286 -47.085780
v 342.300986 -8.279121 -45.203548
v 342.300986 -5.696160 -43.798224
v 342.300986 -2.888665 -42.923813
v 342.300986 0.035474 -42.613919
v 342.300986 2.963884 -42.880451
v 342.300986 5.784028 -43.713166
v 342.300986 8.387528 -45.080063
v 342.300986 10.674335 -46.928613
v 342.300986 12.556567 -49.187778
v 342.300986 13.961891 -51.770739
v 342.300986 14.836302 -54.578235
v 342.300986 15.146196 -57.502374
v 342.300986 14.879664 -60.430784
v 342.300986 14.046949 -63.250927
v 342.300986 12.680052 -65.854428
v 342.300986 10.831502 -68.141235
v 342.300986 8.572337 -70.023467
v 342.300986 5.989376 -71.428791
v 342.300986 3.181880 -72.303202
v 342.300986 0.257741 -72.613096
v 342.300986 -2.670669 -72.346564
v 342.300986 -5.490812 -71.513849
v 342.300986 -8.094313 -70.146952
v 342.300986 -10.381120 -68.298401
v 342.300986 -12.263352 -66.039236
v 342.300986 -13.668676 -63.456275
v 342.300986 -14.543087 -60.648780
v 342.300986 -14.852981 -57.724641
v 342.300986 -14.586449 -54.796231
v 342.300986 -13.753734 -51.976088
v 329.700986 -8.094313 -70.146952
v 329.700986 -5.490812 -71.513849
v 329.700986 -2.670669 -72.346564
v 329.700986 0.257741 -72.613096
v 329.700986 3.181880 -72.303202
v 329.700986 5.989376 -71.428791
v 329.700986 8.572337 -70.023467
v 329.700986 10.831502 -68.141235
v 329.700986 12.680052 -65.854428
v 329.700986 14.046949 -63.250927
v 329.700986 14.879664 -60.430784
v 329.700986 15.146196 -57.502374
v 329.700986 14.836302 -54.578235
v 329.700986 13.961891 -51.770739
v 329.700986 12.556567 -49.187778
v 329.700986 10.674335 -46.928613
v 329.700986 8.387528 -45.080063
v 329.700986 5.784028 -43.713166
v 329.700986 2.963884 -42.880451
v 329.700986 0.035474 -42.613919
v 329.700986 -2.888665 -42.923813
v 329.700986 -5.696160 -43.798224
v 329.700986 -8.279121 -45.203548
v 329.700986 -10.538286 -47.085780
v 329.700986 -12.386837 -49.372587
v 329.700986 -13.753734 -51.976088
v 329.700986 -14.586449 -54.796231
v 329.700986 -14.852981 -57.724641
v 329.700986 -14.543087 -60.648780
v 329.700986 -13.668676 -63.456275
v 329.700986 -12.263352 -66.039236
v 329.700986 -10.381120 -68.298401
v 329.100986 8.057892 -45.581401
v 329.100986 6.276689 -44.582665
v 329.100986 5.960906 -44.438734
v 329.100986 5.339949 -44.182146
v 329.100986 4.727418 -43.961423
v 329.100986 4.372450 -43.847526
v 329.100986 1.841746 -43.313691
v 329.100986 -0.743629 -43.241052
v 329.100986 -2.223663 -43.409913
v 329.100986 -3.727359 -43.744283
v 329.100986 -5.234436 -44.256636
v 329.100986 -6.720518 -44.956234
v 329.100986 -8.159269 -45.850290
v 329.100986 -9.520879 -46.940986
v 329.100986 -10.774035 -48.227278
v 329.100986 -11.885499 -49.702224
v 329.100986 -12.773685 -51.254911
v 329.100986 -13.442484 -52.849417
v 329.100986 -13.522556 -53.081779
v 329.100986 -13.682642 -53.598955
v 329.100986 -13.778533 -53.944954
v 329.100986 -13.921125 -54.536290
v 329.100986 -14.184796 -56.209001
v 329.100986 -14.244159 -57.093532
v 329.100986 -14.248571 -57.233525
v 329.100986 -14.252458 -57.430487
v 329.100986 -14.239276 -58.257280
v 329.100986 -14.118123 -59.584734
v 329.100986 -13.750638 -61.386263
v 329.100986 -13.418898 -62.445310
v 329.100986 -12.954496 -63.590606
v 329.100986 -12.790630 -63.937433
v 329.100986 -12.280591 -64.888640
v 329.100986 -10.873066 -66.883191
v 329.100986 -9.422888 -68.374746
v 329.100986 -9.122221 -68.634738
v 329.100986 -8.589013 -69.061613
v 329.100986 -8.083488 -69.430543
v 329.100986 -7.764676 -69.645614
v 329.100986 -5.983474 -70.644350
v 329.100986 -5.667686 -70.788283
v 329.100986 -5.046734 -71.044869
v 329.100986 -4.434203 -71.265592
v 329.100986 -4.079235 -71.379489
v 329.100986 -1.548531 -71.913323
v 329.100986 1.036844 -71.985963
v 329.100986 2.516747 -71.817176
v 329.100986 4.020574 -71.482732
v 329.100986 5.527651 -70.970379
v 329.100986 7.013734 -70.270781
v 329.100986 8.452485 -69.376725
v 329.100986 9.814094 -68.286029
v 329.100986 11.067284 -66.999497
v 329.100986 12.178714 -65.524792
v 329.100986 13.066900 -63.972105
v 329.100986 13.735699 -62.377598
v 329.100986 13.815771 -62.145236
v 329.100986 13.975857 -61.628061
v 329.100986 14.071748 -61.282062
v 329.100986 14.214340 -60.690726
v 329.100986 14.478012 -59.018014
v 329.100986 14.537374 -58.133484
v 329.100986 14.541786 -57.993490
v 329.100986 14.545673 -57.796528
v 329.100986 14.532492 -56.969736
v 329.100986 14.411339 -55.642283
v 329.100986 14.043853 -53.840753
v 329.100986 13.712114 -52.781706
v 329.100986 13.247712 -51.636410
v 329.100986 13.083845 -51.289583
v 329.100986 12.573807 -50.338375
v 329.100986 11.166282 -48.343824
v 329.100986 9.716104 -46.852269
v 329.100986 9.415437 -46.592277
v 329.100986 8.882228 -46.165401
v 329.100986 8.376688 -45.796461
v 329.121415 -7.849961 -69.775322
v 329.181347 -7.929472 -69.896249
v 329.276697 -7.997751 -70.000092
v 329.400965 -8.050143 -70.079775
v 329.545683 -8.083079 -70.129867
v 329.121415 5.616872 -44.125325
v 329.181347 5.671264 -43.991210
v 329.276697 5.717972 -43.876042
v 329.400965 5.753812 -43.787668
v 329.545683 5.776343 -43.732114
v 329.545683 8.376294 -45.097148
v 329.400965 8.343359 -45.147239
v 329.276697 8.290966 -45.226922
v 329.181347 8.222688 -45.330766
v 329.121415 8.143177 -45.451693
v 329.121415 2.880349 -43.317301
v 329.181347 2.907531 -43.175152
v 329.276697 2.930873 -43.053084
v 329.400965 2.948784 -42.959417
v 329.545683 2.960044 -42.900535
v 329.121415 0.038769 -43.058672
v 329.181347 0.037697 -42.913952
v 329.276697 0.036776 -42.789675
v 329.400965 0.036070 -42.694313
v 329.545683 0.035626 -42.634366
v 329.121415 -2.798666 -43.359378
v 329.181347 -2.827951 -43.217647
v 329.276697 -2.853100 -43.095938
v 329.400965 -2.872397 -43.002546
v 329.545683 -2.884527 -42.943838
v 329.121415 -5.522916 -44.207861
v 329.181347 -5.579289 -44.074567
v 329.276697 -5.627698 -43.960103
v 329.400965 -5.664844 -43.872270
v 329.545683 -5.688196 -43.817056
v 329.121415 -8.029290 -45.571516
v 329.181347 -8.110584 -45.451781
v 329.276697 -8.180394 -45.348960
v 329.400965 -8.233961 -45.270063
v 329.545683 -8.267636 -45.220465
v 329.121415 -10.221468 -47.397938
v 329.181347 -10.324559 -47.296363
v 329.276697 -10.413087 -47.209138
v 329.400965 -10.481018 -47.142206
v 329.545683 -10.523721 -47.100131
v 329.121415 -12.015207 -49.616939
v 329.181347 -12.136134 -49.537428
v 329.276697 -12.239977 -49.469149
v 329.400965 -12.319660 -49.416756
v 329.545683 -12.369752 -49.383821
v 329.121415 -13.341574 -52.143243
v 329.181347 -13.475689 -52.088851
v 329.276697 -13.590858 -52.042143
v 329.400965 -13.679231 -52.006303
v 329.545683 -13.734785 -51.983772
v 329.121415 -14.149598 -54.879766
v 329.181347 -14.291748 -54.852584
v 329.276697 -14.413816 -54.829242
v 329.400965 -14.507483 -54.811331
v 329.545683 -14.566365 -54.800072
v 329.121415 -14.408227 -57.721346
v 329.181347 -14.552948 -57.722418
v 329.276697 -14.677225 -57.723339
v 329.400965 -14.772586 -57.724045
v 329.545683 -14.832534 -57.724490
v 329.121415 -14.107522 -60.558781
v 329.181347 -14.249253 -60.588066
v 329.276697 -14.370962 -60.613215
v 329.400965 -14.464353 -60.632512
v 329.545683 -14.523062 -60.644643
v 329.121415 -13.259039 -63.283031
v 329.181347 -13.392333 -63.339404
v 329.276697 -13.506797 -63.387813
v 329.400965 -13.594629 -63.424960
v 329.545683 -13.649843 -63.448311
v 329.121415 -11.895384 -65.789405
v 329.181347 -12.015119 -65.870699
v 329.276697 -12.117939 -65.940509
v 329.400965 -12.196837 -65.994076
v 329.545683 -12.246435 -66.027751
v 329.121415 -10.068962 -67.981583
v 329.181347 -10.170536 -68.084674
v 329.276697 -10.257762 -68.173202
v 329.400965 -10.324693 -68.241133
v 329.545683 -10.366769 -68.283836
v 329.121415 -5.323657 -71.101689
v 329.181347 -5.378048 -71.235804
v 329.276697 -5.424756 -71.350973
v 329.400965 -5.460597 -71.439346
v 329.545683 -5.483127 -71.494900
v 329.121415 -2.587133 -71.909714
v 329.181347 -2.614315 -72.051863
v 329.276697 -2.637657 -72.173931
v 329.400965 -2.655569 -72.267598
v 329.545683 -2.666828 -72.326480
v 329.121415 0.254446 -72.168342
v 329.181347 0.255518 -72.313063
v 329.276697 0.256439 -72.437340
v 329.400965 0.257146 -72.532701
v 329.545683 0.257590 -72.592649
v 329.121415 3.091881 -71.867637
v 329.181347 3.121167 -72.009368
v 329.276697 3.146315 -72.131077
v 329.400965 3.165612 -72.224468
v 329.545683 3.177743 -72.283177
v 329.121415 5.816132 -71.019154
v 329.181347 5.872504 -71.152448
v 329.276697 5.920914 -71.266912
v 329.400965 5.958060 -71.354744
v 329.545683 5.981411 -71.409958
v 329.121415 8.322505 -69.655499
v 329.181347 8.403799 -69.775234
v 329.276697 8.473609 -69.878054
v 329.400965 8.527177 -69.956952
v 329.545683 8.560851 -70.006550
v 329.121415 10.514683 -67.829077
v 329.181347 10.617775 -67.930651
v 329.276697 10.706302 -68.017877
v 329.400965 10.774233 -68.084808
v 329.545683 10.816936 -68.126884
v 329.121415 12.308422 -65.610077
v 329.181347 12.429349 -65.689588
v 329.276697 12.533192 -65.757866
v 329.400965 12.612876 -65.810259
v 329.545683 12.662967 -65.843194
v 329.121415 13.634790 -63.083772
v 329.181347 13.768905 -63.138163
v 329.276697 13.884073 -63.184871
v 329.400965 13.972447 -63.220712
v 329.545683 14.028001 -63.243242
v 329.121415 14.442814 -60.347248
v 329.181347 14.584963 -60.374430
v 329.276697 14.707031 -60.397773
v 329.400965 14.800698 -60.415684
v 329.545683 14.859581 -60.426943
v 329.121415 14.701443 -57.505669
v 329.181347 14.846163 -57.504597
v 329.276697 14.970440 -57.503676
v 329.400965 15.065802 -57.502969
v 329.545683 15.125749 -57.502525
v 329.121415 14.400737 -54.668234
v 329.181347 14.542468 -54.638948
v 329.276697 14.664177 -54.613800
v 329.400965 14.757569 -54.594503
v 329.545683 14.816277 -54.582372
v 329.121415 13.552254 -51.943983
v 329.181347 13.685548 -51.887611
v 329.276697 13.800012 -51.839201
v 329.400965 13.887845 -51.802055
v 329.545683 13.943059 -51.778704
v 329.121415 12.188599 -49.437610
v 329.181347 12.308334 -49.356316
v 329.276697 12.411155 -49.286506
v 329.400965 12.490052 -49.232938
v 329.545683 12.539650 -49.199264
v 329.121415 10.362177 -47.245432
v 329.181347 10.463752 -47.142340
v 329.276697 10.550977 -47.053813
v 329.400965 10.617909 -46.985882
v 329.545683 10.659984 -46.943179
v 342.900986 -7.764676 -69.645614
v 342.900986 -9.960011 -67.871006
v 342.900986 -11.766953 -65.702207
v 342.900986 -13.116065 -63.222565
v 342.900986 -13.955499 -60.527369
v 342.900986 -14.252997 -57.720196
v 342.900986 -13.997127 -54.908922
v 342.900986 -13.197720 -52.201584
v 342.900986 -11.885499 -49.702224
v 342.900986 -10.110891 -47.506889
v 342.900986 -7.942092 -45.699946
v 342.900986 -5.462450 -44.350835
v 342.900986 -2.767254 -43.511401
v 342.900986 0.039919 -43.213903
v 342.900986 2.851193 -43.469773
v 342.900986 5.558531 -44.269179
v 342.900986 8.057891 -45.581401
v 342.900985 9.680784 -46.820906
v 342.900985 9.938086 -47.053789
v 342.900986 10.419763 -47.522196
v 342.900986 10.865175 -47.997087
v 342.900986 11.110430 -48.277844
v 342.900986 12.603543 -50.389728
v 342.900986 13.694899 -52.734592
v 342.900986 14.126449 -54.160348
v 342.900986 14.415422 -55.673423
v 342.900986 14.542329 -57.260144
v 342.900986 14.489003 -58.901800
v 342.900986 14.238384 -60.577070
v 342.900986 13.776656 -62.259451
v 342.900986 13.092366 -63.919781
v 342.900986 12.178714 -65.524791
v 342.900986 11.105196 -66.955619
v 342.900986 9.906333 -68.201601
v 342.900986 9.724735 -68.367208
v 342.900986 9.313359 -68.719157
v 342.900986 9.033699 -68.944325
v 342.900986 8.547302 -69.309605
v 342.900986 7.116074 -70.214631
v 342.900986 6.327507 -70.619699
v 342.900986 6.200727 -70.679234
v 342.900986 6.021435 -70.760864
v 342.900986 5.257126 -71.076445
v 342.900986 3.990364 -71.491325
v 342.900986 2.190720 -71.867935
v 342.900986 1.086921 -71.983095
v 342.900986 -0.148641 -72.010641
v 342.900986 -0.532010 -71.997652
v 342.900986 -1.607465 -71.906375
v 342.900986 -3.996523 -71.404617
v 342.900985 -5.940681 -70.664347
v 342.900985 -6.298546 -70.491346
v 342.900986 -6.901790 -70.170987
v 342.900986 -7.440863 -69.853078
v 342.456287 12.662967 -65.843194
v 342.601003 12.612877 -65.810259
v 342.725272 12.533195 -65.757868
v 342.820621 12.429354 -65.689590
v 342.880554 12.308429 -65.610080
v 342.456287 -13.734786 -51.983772
v 342.601003 -13.679233 -52.006302
v 342.725272 -13.590861 -52.042142
v 342.820621 -13.475694 -52.088849
v 342.880554 -13.341581 -52.143240
v 342.880554 -12.015213 -49.616935
v 342.820621 -12.136138 -49.537425
v 342.725272 -12.239980 -49.469147
v 342.601003 -12.319662 -49.416755
v 342.456287 -12.369752 -49.383820
v 342.456287 -14.566366 -54.800071
v 342.601003 -14.507485 -54.811331
v 342.725272 -14.413819 -54.829242
v 342.820621 -14.291753 -54.852583
v 342.880554 -14.149606 -54.879765
v 342.456287 -14.832534 -57.724490
v 342.601003 -14.772588 -57.724045
v 342.725272 -14.677228 -57.723339
v 342.820621 -14.552953 -57.722418
v 342.880554 -14.408235 -57.721346
v 342.456287 -14.523062 -60.644643
v 342.601003 -14.464355 -60.632512
v 342.725272 -14.370965 -60.613215
v 342.820621 -14.249258 -60.588067
v 342.880554 -14.107529 -60.558783
v 342.456287 -13.649844 -63.448311
v 342.601003 -13.594631 -63.424960
v 342.725272 -13.506800 -63.387815
v 342.820621 -13.392338 -63.339406
v 342.880554 -13.259045 -63.283034
v 342.456287 -12.246435 -66.027751
v 342.601003 -12.196838 -65.994077
v 342.725272 -12.117942 -65.940511
v 342.820621 -12.015123 -65.870702
v 342.880554 -11.895390 -65.789409
v 342.456287 -10.366769 -68.283836
v 342.601003 -10.324694 -68.241134
v 342.725272 -10.257764 -68.173205
v 342.820621 -10.170540 -68.084678
v 342.880554 -10.068967 -67.981588
v 342.456287 -8.083079 -70.129867
v 342.601003 -8.050144 -70.079777
v 342.725272 -7.997753 -70.000095
v 342.820621 -7.929475 -69.896253
v 342.880554 -7.849965 -69.775328
v 342.456287 -5.483128 -71.494901
v 342.601003 -5.460597 -71.439348
v 342.725272 -5.424758 -71.350976
v 342.820621 -5.378050 -71.235809
v 342.880554 -5.323660 -71.101696
v 342.456287 -2.666828 -72.326481
v 342.601003 -2.655569 -72.267600
v 342.725272 -2.637658 -72.173934
v 342.820621 -2.614316 -72.051868
v 342.880554 -2.587135 -71.909721
v 342.456287 0.257590 -72.592649
v 342.601003 0.257146 -72.532703
v 342.725272 0.256439 -72.437343
v 342.820621 0.255518 -72.313068
v 342.880554 0.254446 -72.168350
v 342.456287 3.177743 -72.283178
v 342.601003 3.165612 -72.224470
v 342.725272 3.146316 -72.131080
v 342.820621 3.121168 -72.009373
v 342.880554 3.091883 -71.867644
v 342.456287 5.981411 -71.409959
v 342.601003 5.958060 -71.354746
v 342.725272 5.920915 -71.266915
v 342.820621 5.872507 -71.152453
v 342.880554 5.816134 -71.019160
v 342.456287 8.560851 -70.006550
v 342.601003 8.527178 -69.956953
v 342.725272 8.473611 -69.878057
v 342.820621 8.403802 -69.775238
v 342.880554 8.322509 -69.655505
v 342.456287 10.816937 -68.126884
v 342.601003 10.774234 -68.084810
v 342.725272 10.706305 -68.017879
v 342.820621 10.617778 -67.930655
v 342.880554 10.514689 -67.829082
v 342.456287 14.028001 -63.243243
v 342.601003 13.972448 -63.220713
v 342.725272 13.884077 -63.184873
v 342.820621 13.768910 -63.138165
v 342.880554 13.634797 -63.083775
v 342.456287 14.859581 -60.426943
v 342.601003 14.800700 -60.415684
v 342.725272 14.707034 -60.397773
v 342.820621 14.584968 -60.374431
v 342.880554 14.442821 -60.347250
v 342.456287 15.125749 -57.502525
v 342.601003 15.065803 -57.502969
v 342.725272 14.970443 -57.503676
v 342.820621 14.846169 -57.504597
v 342.880554 14.701450 -57.505669
v 342.456287 14.816278 -54.582372
v 342.601003 14.757570 -54.594503
v 342.725272 14.664180 -54.613799
v 342.820621 14.542473 -54.638947
v 342.880554 14.400745 -54.668232
v 342.456287 13.943059 -51.778704
v 342.601003 13.887846 -51.802055
v 342.725272 13.800015 -51.839200
v 342.820621 13.685553 -51.887609
v 342.880554 13.552261 -51.943981
v 342.456287 12.539650 -49.199264
v 342.601003 12.490054 -49.232937
v 342.725272 12.411157 -49.286504
v 342.820621 12.308338 -49.356313
v 342.880554 12.188605 -49.437606
v 342.456287 10.659984 -46.943178
v 342.601003 10.617910 -46.985881
v 342.725272 10.550980 -47.053810
v 342.820621 10.463755 -47.142337
v 342.880554 10.362182 -47.245426
v 342.456287 8.376295 -45.097148
v 342.601003 8.343360 -45.147238
v 342.725272 8.290968 -45.226920
v 342.820621 8.222690 -45.330761
v 342.880554 8.143180 -45.451686
v 342.456287 5.776343 -43.732114
v 342.601003 5.753813 -43.787667
v 342.725272 5.717973 -43.876038
v 342.820621 5.671266 -43.991205
v 342.880554 5.616875 -44.125318
v 342.456287 2.960044 -42.900534
v 342.601003 2.948784 -42.959415
v 342.725272 2.930873 -43.053081
v 342.820621 2.907532 -43.175147
v 342.880554 2.880350 -43.317294
v 342.456287 0.035626 -42.634366
v 342.601003 0.036070 -42.694312
v 342.725272 0.036776 -42.789672
v 342.820621 0.037697 -42.913946
v 342.880554 0.038769 -43.058665
v 342.456287 -2.884528 -42.943837
v 342.601003 -2.872397 -43.002545
v 342.725272 -2.853100 -43.095935
v 342.820621 -2.827952 -43.217642
v 342.880554 -2.798668 -43.359370
v 342.456287 -5.688196 -43.817056
v 342.601003 -5.664845 -43.872269
v 342.725272 -5.627700 -43.960100
v 342.820621 -5.579291 -44.074562
v 342.880554 -5.522919 -44.207854
v 342.456287 -8.267636 -45.220465
v 342.601003 -8.233962 -45.270061
v 342.725272 -8.180396 -45.348958
v 342.820621 -8.110587 -45.451777
v 342.880554 -8.029294 -45.571510
v 342.456287 -10.523721 -47.100131
v 342.601003 -10.481019 -47.142205
v 342.725272 -10.413089 -47.209135
v 342.820621 -10.324563 -47.296360
v 342.880554 -10.221473 -47.397933
v 330.600986 -5.347339 -65.969137
v 330.600986 -3.188062 -67.041125
v 330.600986 -0.834986 -67.565214
v 330.600986 1.575137 -67.510947
v 330.600986 3.902238 -66.881476
v 330.600986 6.011077 -65.713384
v 330.600986 7.779093 -64.074557
v 330.600986 9.103537 -62.060237
v 330.600986 9.907438 -59.787490
v 330.600986 10.144074 -57.388399
v 330.600986 9.799693 -55.002390
v 330.600986 8.894311 -52.768129
v 330.600986 7.480544 -50.815465
v 330.600986 5.640555 -49.257878
v 330.600986 3.481278 -48.185890
v 330.600986 1.128201 -47.661800
v 330.600986 -1.281921 -47.716068
v 330.600986 -3.609023 -48.345539
v 330.600986 -5.717861 -49.513631
v 330.600986 -7.485878 -51.152458
v 330.600986 -8.810322 -53.166777
v 330.600986 -9.614222 -55.439525
v 330.600986 -9.850858 -57.838616
v 330.600986 -9.506478 -60.224625
v 330.600986 -8.601096 -62.458885
v 330.600986 -7.187328 -64.411550
v 329.100986 -5.347339 -65.969137
v 329.100986 -7.187328 -64.411550
v 329.100986 -8.601096 -62.458885
v 329.100986 -9.506478 -60.224625
v 329.100986 -9.850858 -57.838616
v 329.100986 -9.614222 -55.439525
v 329.100986 -8.810322 -53.166777
v 329.100986 -7.485878 -51.152458
v 329.100986 -5.717861 -49.513631
v 329.100986 -3.609023 -48.345539
v 329.100986 -1.281921 -47.716068
v 329.100986 1.128201 -47.661800
v 329.100986 3.481278 -48.185890
v 329.100986 5.640555 -49.257878
v 329.100986 7.480544 -50.815465
v 329.100986 8.894311 -52.768129
v 329.100986 9.799693 -55.002390
v 329.100986 10.144074 -57.388399
v 329.100986 9.907438 -59.787490
v 329.100986 9.103537 -62.060237
v 329.100986 7.779093 -64.074557
v 329.100986 6.011077 -65.713384
v 329.100986 3.902238 -66.881476
v 329.100986 1.575137 -67.510947
v 329.100986 -0.834986 -67.565214
v 329.100986 -3.188062 -67.041125
v 342.900986 -5.347339 -65.969137
v 342.900986 -3.188062 -67.041125
v 342.900986 -0.834986 -67.565214
v 342.900986 1.575137 -67.510947
v 342.900986 3.902238 -66.881476
v 342.900986 6.011077 -65.713384
v 342.900986 7.779093 -64.074557
v 342.900986 9.103537 -62.060237
v 342.900986 9.907438 -59.787490
v 342.900986 10.144074 -57.388399
v 342.900986 9.799693 -55.002390
v 342.900986 8.894311 -52.768129
v 342.900986 7.480544 -50.815465
v 342.900986 5.640555 -49.257878
v 342.900986 3.481278 -48.185890
v 342.900986 1.128201 -47.661800
v 342.900986 -1.281921 -47.716068
v 342.900986 -3.609023 -48.345539
v 342.900986 -5.717861 -49.513631
v 342.900986 -7.485878 -51.152458
v 342.900986 -8.810322 -53.166777
v 342.900986 -9.614222 -55.439525
v 342.900986 -9.850858 -57.838616
v 342.900986 -9.506478 -60.224625
v 342.900986 -8.601096 -62.458885
v 342.900986 -7.187328 -64.411550
v 341.400986 -5.347339 -65.969137
v 341.400986 -7.187328 -64.411550
v 341.400986 -8.601096 -62.458885
v 341.400986 -9.506478 -60.224625
v 341.400986 -9.850858 -57.838616
v 341.400986 -9.614222 -55.439525
v 341.400986 -8.810322 -53.166777
v 341.400986 -7.485878 -51.152458
v 341.400986 -5.717861 -49.513631
v 341.400986 -3.609023 -48.345539
v 341.400986 -1.281921 -47.716068
v 341.400986 1.128201 -47.661800
v 341.400986 3.481278 -48.185890
v 341.400986 5.640555 -49.257878
v 341.400986 7.480544 -50.815465
v 341.400986 8.894311 -52.768129
v 341.400986 9.799693 -55.002390
v 341.400986 10.144074 -57.388399
v 341.400986 9.907438 -59.787490
v 341.400986 9.103537 -62.060237
v 341.400986 7.779093 -64.074557
v 341.400986 6.011077 -65.713384
v 341.400986 3.902238 -66.881476
v 341.400986 1.575137 -67.510947
v 341.400986 -0.834986 -67.565214
v 341.400986 -3.188062 -67.041125
v 330.600986 -5.341845 -65.960781
v 330.600986 -7.179994 -64.404752
v 330.600986 -8.592348 -62.454040
v 330.600986 -9.496825 -60.222014
v 330.600986 -9.840861 -57.838391
v 330.600986 -9.604461 -55.441699
v 330.600986 -8.801365 -53.171224
v 330.600986 -7.478245 -51.158919
v 330.600986 -5.711997 -49.521730
v 330.600986 -3.605267 -48.354807
v 330.600986 -1.280493 -47.725965
v 330.600986 1.127220 -47.671752
v 330.600986 3.477943 -48.195317
v 330.600986 5.635061 -49.266233
v 330.600986 7.473210 -50.822263
v 330.600986 8.885563 -52.772975
v 330.600986 9.790040 -55.005001
v 330.600986 10.134076 -57.388624
v 330.600986 9.897677 -59.785316
v 330.600986 9.094581 -62.055791
v 330.600986 7.771461 -64.068096
v 330.600986 6.005212 -65.705284
v 330.600986 3.898483 -66.872208
v 330.600986 1.573708 -67.501049
v 330.600986 -0.834005 -67.555263
v 330.600986 -3.184728 -67.031698
v 329.100986 -5.341845 -65.960781
v 329.100986 -3.184728 -67.031698
v 329.100986 -0.834005 -67.555263
v 329.100986 1.573708 -67.501049
v 329.100986 3.898483 -66.872208
v 329.100986 6.005212 -65.705284
v 329.100986 7.771461 -64.068096
v 329.100986 9.094581 -62.055791
v 329.100986 9.897677 -59.785316
v 329.100986 10.134076 -57.388624
v 329.100986 9.790040 -55.005001
v 329.100986 8.885563 -52.772975
v 329.100986 7.473210 -50.822263
v 329.100986 5.635061 -49.266233
v 329.100986 3.477943 -48.195317
v 329.100986 1.127220 -47.671752
v 329.100986 -1.280493 -47.725965
v 329.100986 -3.605267 -48.354807
v 329.100986 -5.711997 -49.521730
v 329.100986 -7.478245 -51.158919
v 329.100986 -8.801365 -53.171224
v 329.100986 -9.604461 -55.441699
v 329.100986 -9.840861 -57.838391
v 329.100986 -9.496825 -60.222014
v 329.100986 -8.592348 -62.454040
v 329.100986 -7.179994 -64.404752
v 342.900986 -5.341845 -65.960781
v 342.900986 -7.179994 -64.404752
v 342.900986 -8.592348 -62.454040
v 342.900986 -9.496825 -60.222014
v 342.900986 -9.840861 -57.838391
v 342.900986 -9.604461 -55.441699
v 342.900986 -8.801365 -53.171224
v 342.900986 -7.478245 -51.158919
v 342.900986 -5.711997 -49.521730
v 342.900986 -3.605267 -48.354807
v 342.900986 -1.280493 -47.725965
v 342.900986 1.127220 -47.671752
v 342.900986 3.477943 -48.195317
v 342.900986 5.635061 -49.266233
v 342.900986 7.473210 -50.822263
v 342.900986 8.885563 -52.772975
v 342.900986 9.790040 -55.005001
v 342.900986 10.134076 -57.388624
v 342.900986 9.897677 -59.785316
v 342.900986 9.094581 -62.055791
v 342.900986 7.771461 -64.068096
v 342.900986 6.005212 -65.705284
v 342.900986 3.898483 -66.872208
v 342.900986 1.573708 -67.501049
v 342.900986 -0.834005 -67.555263
v 342.900986 -3.184728 -67.031698
v 341.400986 -5.341845 -65.960781
v 341.400986 -3.184728 -67.031698
v 341.400986 -0.834005 -67.555263
v 341.400986 1.573708 -67.501049
v 341.400986 3.898483 -66.872208
v 341.400986 6.005212 -65.705284
v 341.400986 7.771461 -64.068096
v 341.400986 9.094581 -62.055791
v 341.400986 9.897677 -59.785316
v 341.400986 10.134076 -57.388624
v 341.400986 9.790040 -55.005001
v 341.400986 8.885563 -52.772975
v 341.400986 7.473210 -50.822263
v 341.400986 5.635061 -49.266233
v 341.400986 3.477943 -48.195317
v 341.400986 1.127220 -47.671752
v 341.400986 -1.280493 -47.725965
v 341.400986 -3.605267 -48.354807
v 341.400986 -5.711997 -49.521730
v 341.400986 -7.478245 -51.158919
v 341.400986 -8.801365 -53.171224
v 341.400986 -9.604461 -55.441699
v 341.400986 -9.840861 -57.838391
v 341.400986 -9.496825 -60.222014
v 341.400986 -8.592348 -62.454040
v 341.400986 -7.179994 -64.404752
v 329.850986 -4.520500 -64.711615
v 329.850986 -2.524347 -65.677689
v 329.850986 -0.346173 -66.094203
v 329.850986 1.865584 -65.932771
v 329.850986 3.960195 -65.204395
v 329.850986 5.794916 -63.958713
v 329.850986 7.244715 -62.280615
v 329.850986 8.210789 -60.284462
v 329.850986 8.627303 -58.106288
v 329.850986 8.465871 -55.894531
v 329.850986 7.737495 -53.799920
v 329.850986 6.491813 -51.965199
v 329.850986 4.813716 -50.515400
v 329.850986 2.817562 -49.549326
v 329.850986 0.639388 -49.132812
v 329.850986 -1.572368 -49.294244
v 329.850986 -3.666980 -50.022620
v 329.850986 -5.501701 -51.268302
v 329.850986 -6.951500 -52.946399
v 329.850986 -7.917574 -54.942553
v 329.850986 -8.334088 -57.120727
v 329.850986 -8.172656 -59.332483
v 329.850986 -7.444280 -61.427095
v 329.850986 -6.198598 -63.261816
v 329.100986 -4.931173 -65.336198
v 329.100986 -6.692200 -63.830783
v 329.100986 -8.023520 -61.934713
v 329.100986 -8.841481 -59.767127
v 329.100986 -9.094687 -57.464220
v 329.100986 -8.767228 -55.170694
v 329.100986 -7.879681 -53.030658
v 329.100986 -6.487812 -51.178580
v 329.100986 -4.679078 -49.730832
v 329.100986 -2.567129 -48.778382
v 329.100986 -0.284665 -48.381075
v 329.100986 2.024897 -48.563875
v 329.100986 4.216439 -49.315298
v 329.100986 6.152258 -50.588127
v 329.100986 7.710721 -52.302387
v 329.100986 8.793902 -54.350364
v 329.100986 9.333742 -56.603376
v 329.100986 9.296321 -58.919859
v 329.100986 8.683989 -61.154259
v 329.100986 7.535223 -63.166180
v 329.100986 5.922202 -64.829206
v 329.100986 3.946280 -66.038844
v 329.100986 1.731611 -66.719087
v 329.100986 -0.582651 -66.827192
v 329.100986 -2.851090 -66.356368
v 342.150986 7.244715 -62.280615
v 342.150986 5.794916 -63.958713
v 342.150986 3.960195 -65.204395
v 342.150986 1.865584 -65.932771
v 342.150986 -0.346173 -66.094203
v 342.150986 -2.524347 -65.677689
v 342.150986 -4.520500 -64.711615
v 342.150986 -6.198598 -63.261816
v 342.150986 -7.444280 -61.427095
v 342.150986 -8.172656 -59.332483
v 342.150986 -8.334088 -57.120727
v 342.150986 -7.917574 -54.942553
v 342.150986 -6.951500 -52.946399
v 342.150986 -5.501701 -51.268302
v 342.150986 -3.666980 -50.022620
v 342.150986 -1.572368 -49.294244
v 342.150986 0.639388 -49.132812
v 342.150986 2.817562 -49.549326
v 342.150986 4.813716 -50.515400
v 342.150986 6.491813 -51.965199
v 342.150986 7.737495 -53.799920
v 342.150986 8.465871 -55.894531
v 342.150986 8.627303 -58.106288
v 342.150986 8.210789 -60.284462
v 342.900986 5.224388 -49.890817
v 342.900986 3.144305 -48.870647
v 342.900986 0.875866 -48.399823
v 342.900986 -1.438395 -48.507928
v 342.900986 -3.653065 -49.188171
v 342.900986 -5.628987 -50.397808
v 342.900986 -7.242008 -52.060835
v 342.900986 -8.390774 -54.072756
v 342.900986 -9.003106 -56.307156
v 342.900986 -9.040527 -58.623639
v 342.900986 -8.500687 -60.876651
v 342.900986 -7.417505 -62.924628
v 342.900986 -5.859043 -64.638888
v 342.900986 -3.923223 -65.911717
v 342.900986 -1.731681 -66.663139
v 342.900986 0.577881 -66.845940
v 342.900986 2.860344 -66.448633
v 342.900986 4.972293 -65.496182
v 342.900986 6.781027 -64.048434
v 342.900986 8.172896 -62.196356
v 342.900986 9.060443 -60.056321
v 342.900986 9.387902 -57.762795
v 342.900986 9.134696 -55.459888
v 342.900986 8.316735 -53.292301
v 342.900986 6.985415 -51.396232
v 329.100986 3.992371 -51.764567
v 329.100986 2.347512 -50.968508
v 329.100986 0.552666 -50.625295
v 329.100986 -1.269853 -50.758317
v 329.100986 -2.995842 -51.358509
v 329.100986 -4.507679 -52.384968
v 329.100986 -5.702333 -53.767744
v 329.100986 -6.498392 -55.412603
v 329.100986 -6.841605 -57.207449
v 329.100986 -6.708583 -59.029968
v 329.100986 -6.108391 -60.755957
v 329.100986 -5.081931 -62.267794
v 329.100986 -3.699155 -63.462448
v 329.100986 -2.054297 -64.258507
v 329.100986 -0.259450 -64.601720
v 329.100986 1.563068 -64.468698
v 329.100986 3.289057 -63.868506
v 329.100986 4.800894 -62.842046
v 329.100986 5.995548 -61.459270
v 329.100986 6.791607 -59.814412
v 329.100986 7.134820 -58.019565
v 329.100986 7.001798 -56.197047
v 329.100986 6.401606 -54.471058
v 329.100986 5.375147 -52.959221
v 342.900986 -3.699155 -63.462448
v 342.900986 -5.081931 -62.267794
v 342.900986 -6.108391 -60.755957
v 342.900986 -6.708583 -59.029968
v 342.900986 -6.841605 -57.207449
v 342.900986 -6.498392 -55.412603
v 342.900986 -5.702333 -53.767744
v 342.900986 -4.507679 -52.384968
v 342.900986 -2.995842 -51.358509
v 342.900986 -1.269853 -50.758317
v 342.900986 0.552666 -50.625295
v 342.900986 2.347512 -50.968508
v 342.900986 3.992371 -51.764567
v 342.900986 5.375147 -52.959221
v 342.900986 6.401606 -54.471058
v 342.900986 7.001798 -56.197047
v 342.900986 7.134820 -58.019565
v 342.900986 6.791607 -59.814412
v 342.900986 5.995548 -61.459270
v 342.900986 4.800894 -62.842046
v 342.900986 3.289057 -63.868506
v 342.900986 1.563068 -64.468698
v 342.900986 -0.259450 -64.601720
v 342.900986 -2.054297 -64.258507
v 329.850986 -5.702333 -53.767744
v 329.850986 -6.498392 -55.412603
v 329.850986 -6.841605 -57.207449
v 329.850986 -6.708583 -59.029968
v 329.850986 -6.108391 -60.755957
v 329.850986 -5.081931 -62.267794
v 329.850986 -3.699155 -63.462448
v 329.850986 -2.054297 -64.258507
v 329.850986 -0.259450 -64.601720
v 329.850986 1.563068 -64.468698
v 329.850986 3.289057 -63.868506
v 329.850986 4.800894 -62.842046
v 329.850986 5.995548 -61.459270
v 329.850986 6.791607 -59.814412
v 329.850986 7.134820 -58.019565
v 329.850986 7.001798 -56.197047
v 329.850986 6.401606 -54.471058
v 329.850986 5.375147 -52.959221
v 329.850986 3.992371 -51.764567
v 329.850986 2.347512 -50.968508
v 329.850986 0.552666 -50.625295
v 329.850986 -1.269853 -50.758317
v 329.850986 -2.995842 -51.358509
v 329.850986 -4.507679 -52.384968
v 342.150986 -3.699155 -63.462448
v 342.150986 -5.081931 -62.267794
v 342.150986 -6.108391 -60.755957
v 342.150986 -6.708583 -59.029968
v 342.150986 -6.841605 -57.207449
v 342.150986 -6.498392 -55.412603
v 342.150986 -5.702333 -53.767744
v 342.150986 -4.507679 -52.384968
v 342.150986 -2.995842 -51.358509
v 342.150986 -1.269853 -50.758317
v 342.150986 0.552666 -50.625295
v 342.150986 2.347512 -50.968508
v 342.150986 3.992371 -51.764567
v 342.150986 5.375147 -52.959221
v 342.150986 6.401606 -54.471058
v 342.150986 7.001798 -56.197047
v 342.150986 7.134820 -58.019565
v 342.150986 6.791607 -59.814412
v 342.150986 5.995548 -61.459270
v 342.150986 4.800894 -62.842046
v 342.150986 3.289057 -63.868506
v 342.150986 1.563068 -64.468698
v 342.150986 -0.259450 -64.601720
v 342.150986 -2.054297 -64.258507
v 330.600986 -6.398636 -53.309916
v 330.600986 -7.289463 -55.150590
v 330.600986 -7.673535 -57.159109
v 330.600986 -7.524677 -59.198594
v 330.600986 -6.853034 -61.130058
v 330.600986 -5.704376 -62.821875
v 330.600986 -4.156984 -64.158751
v 330.600986 -2.316309 -65.049578
v 330.600986 -0.307791 -65.433650
v 330.600986 1.731695 -65.284792
v 330.600986 3.663159 -64.613149
v 330.600986 5.354976 -63.464491
v 330.600986 6.691851 -61.917099
v 330.600986 7.582679 -60.076424
v 330.600986 7.966750 -58.067906
v 330.600986 7.817892 -56.028420
v 330.600986 7.146249 -54.096956
v 330.600986 5.997592 -52.405139
v 330.600986 4.450200 -51.068264
v 330.600986 2.609525 -50.177436
v 330.600986 0.601006 -49.793365
v 330.600986 -1.438479 -49.942223
v 330.600986 -3.369943 -50.613866
v 330.600986 -5.061760 -51.762523
v 341.400986 -4.156984 -64.158751
v 341.400986 -5.704376 -62.821875
v 341.400986 -6.853034 -61.130058
v 341.400986 -7.524677 -59.198594
v 341.400986 -7.673535 -57.159109
v 341.400986 -7.289463 -55.150590
v 341.400986 -6.398636 -53.309916
v 341.400986 -5.061760 -51.762523
v 341.400986 -3.369943 -50.613866
v 341.400986 -1.438479 -49.942223
v 341.400986 0.601006 -49.793365
v 341.400986 2.609525 -50.177436
v 341.400986 4.450200 -51.068264
v 341.400986 5.997592 -52.405139
v 341.400986 7.146249 -54.096956
v 341.400986 7.817892 -56.028420
v 341.400986 7.966750 -58.067906
v 341.400986 7.582679 -60.076424
v 341.400986 6.691851 -61.917099
v 341.400986 5.354976 -63.464491
v 341.400986 3.663159 -64.613149
v 341.400986 1.731695 -65.284792
v 341.400986 -0.307791 -65.433650
v 341.400986 -2.316309 -65.049578
v 332.100986 -4.729270 -65.029129
v 332.100986 -2.731896 -66.008735
v 332.100986 -0.553654 -66.460838
v 332.100986 1.668588 -66.357031
v 332.100986 3.795198 -65.703836
v 332.100986 5.692553 -64.542296
v 332.100986 7.241437 -62.945395
v 332.100986 8.344526 -61.013471
v 332.100986 8.932510 -58.867916
v 332.100986 8.968444 -56.643541
v 332.100986 8.450069 -54.480113
v 332.100986 7.409957 -52.513567
v 332.100986 5.913462 -50.867470
v 332.100986 4.054614 -49.645251
v 332.100986 1.950212 -48.923707
v 332.100986 -0.267517 -48.748175
v 332.100986 -2.459225 -49.129684
v 332.100986 -4.487199 -50.044263
v 332.100986 -6.224014 -51.434446
v 332.100986 -7.560539 -53.212882
v 332.100986 -8.412796 -55.267825
v 332.100986 -8.727235 -57.470156
v 332.100986 -8.484096 -59.681494
v 332.100986 -7.698660 -61.762894
v 332.100986 -6.420276 -63.583572
v 330.600986 -4.729270 -65.029129
v 330.600986 -6.420276 -63.583572
v 330.600986 -7.698660 -61.762894
v 330.600986 -8.484096 -59.681494
v 330.600986 -8.727235 -57.470156
v 330.600986 -8.412796 -55.267825
v 330.600986 -7.560539 -53.212882
v 330.600986 -6.224014 -51.434446
v 330.600986 -4.487199 -50.044263
v 330.600986 -2.459225 -49.129684
v 330.600986 -0.267517 -48.748175
v 330.600986 1.950212 -48.923707
v 330.600986 4.054614 -49.645251
v 330.600986 5.913462 -50.867470
v 330.600986 7.409957 -52.513567
v 330.600986 8.450069 -54.480113
v 330.600986 8.968444 -56.643541
v 330.600986 8.932510 -58.867916
v 330.600986 8.344526 -61.013471
v 330.600986 7.241437 -62.945395
v 330.600986 5.692553 -64.542296
v 330.600986 3.795198 -65.703836
v 330.600986 1.668588 -66.357031
v 330.600986 -0.553654 -66.460838
v 330.600986 -2.731896 -66.008735
v 341.400986 -4.729270 -65.029129
v 341.400986 -2.731896 -66.008735
v 341.400986 -0.553654 -66.460838
v 341.400986 1.668588 -66.357031
v 341.400986 3.795198 -65.703836
v 341.400986 5.692553 -64.542296
v 341.400986 7.241437 -62.945395
v 341.400986 8.344526 -61.013471
v 341.400986 8.932510 -58.867916
v 341.400986 8.968444 -56.643541
v 341.400986 8.450069 -54.480113
v 341.400986 7.409957 -52.513567
v 341.400986 5.913462 -50.867470
v 341.400986 4.054614 -49.645251
v 341.400986 1.950212 -48.923707
v 341.400986 -0.267517 -48.748175
v 341.400986 -2.459225 -49.129684
v 341.400986 -4.487199 -50.044263
v 341.400986 -6.224014 -51.434446
v 341.400986 -7.560539 -53.212882
v 341.400986 -8.412796 -55.267825
v 341.400986 -8.727235 -57.470156
v 341.400986 -8.484096 -59.681494
v 341.400986 -7.698660 -61.762894
v 341.400986 -6.420276 -63.583572
v 339.900986 -4.729270 -65.029129
v 339.900986 -6.420276 -63.583572
v 339.900986 -7.698660 -61.762894
v 339.900986 -8.484096 -59.681494
v 339.900986 -8.727235 -57.470156
v 339.900986 -8.412796 -55.267825
v 339.900986 -7.560539 -53.212882
v 339.900986 -6.224014 -51.434446
v 339.900986 -4.487199 -50.044263
v 339.900986 -2.459225 -49.129684
v 339.900986 -0.267517 -48.748175
v 339.900986 1.950212 -48.923707
v 339.900986 4.054614 -49.645251
v 339.900986 5.913462 -50.867470
v 339.900986 7.409957 -52.513567
v 339.900986 8.450069 -54.480113
v 339.900986 8.968444 -56.643541
v 339.900986 8.932510 -58.867916
v 339.900986 8.344526 -61.013471
v 339.900986 7.241437 -62.945395
v 339.900986 5.692553 -64.542296
v 339.900986 3.795198 -65.703836
v 339.900986 1.668588 -66.357031
v 339.900986 -0.553654 -66.460838
v 339.900986 -2.731896 -66.008735
v 339.900986 -5.072642 -65.551355
v 339.900986 -3.021329 -66.569744
v 339.900986 -0.785906 -67.067629
v 339.900986 1.503710 -67.016075
v 339.900986 3.714457 -66.418077
v 339.900986 5.717853 -65.308390
v 339.900986 7.397469 -63.751505
v 339.900986 8.655691 -61.837901
v 339.900986 9.419396 -59.678791
v 339.900986 9.644200 -57.399654
v 339.900986 9.317039 -55.132945
v 339.900986 8.456926 -53.010398
v 339.900986 7.113847 -51.155367
v 339.900986 5.365857 -49.675659
v 339.900986 3.314544 -48.657270
v 339.900986 1.079122 -48.159386
v 339.900986 -1.210495 -48.210940
v 339.900986 -3.421242 -48.808937
v 339.900986 -5.424638 -49.918624
v 339.900986 -7.104254 -51.475510
v 339.900986 -8.362476 -53.389114
v 339.900986 -9.126181 -55.548224
v 339.900986 -9.350985 -57.827361
v 339.900986 -9.023824 -60.094069
v 339.900986 -8.163710 -62.216617
v 339.900986 -6.820631 -64.071648
v 332.100986 -5.072642 -65.551355
v 332.100986 -6.820631 -64.071648
v 332.100986 -8.163710 -62.216617
v 332.100986 -9.023824 -60.094069
v 332.100986 -9.350985 -57.827361
v 332.100986 -9.126181 -55.548224
v 332.100986 -8.362476 -53.389114
v 332.100986 -7.104254 -51.475510
v 332.100986 -5.424638 -49.918624
v 332.100986 -3.421242 -48.808937
v 332.100986 -1.210495 -48.210940
v 332.100986 1.079122 -48.159386
v 332.100986 3.314544 -48.657270
v 332.100986 5.365857 -49.675659
v 332.100986 7.113847 -51.155367
v 332.100986 8.456926 -53.010398
v 332.100986 9.317039 -55.132945
v 332.100986 9.644200 -57.399654
v 332.100986 9.419396 -59.678791
v 332.100986 8.655691 -61.837901
v 332.100986 7.397469 -63.751505
v 332.100986 5.717853 -65.308390
v 332.100986 3.714457 -66.418077
v 332.100986 1.503710 -67.016075
v 332.100986 -0.785906 -67.067629
v 332.100986 -3.021329 -66.569744
vt 1.230000 2.650719 0.000000
vt -0.030000 2.650719 0.000000
vt 1.230000 2.356194 0.000000
vt -0.030000 2.356194 0.000000
vt 1.230000 2.061670 0.000000
vt -0.030000 2.061670 0.000000
vt 1.230000 1.767146 0.000000
vt -0.030000 1.767146 0.000000
vt 1.230000 1.472622 0.000000
vt -0.030000 1.472622 0.000000
vt 1.230000 1.178097 0.000000
vt -0.030000 1.178097 0.000000
vt 1.230000 0.883573 0.000000
vt -0.030000 0.883573 0.000000
vt 1.230000 0.589049 0.000000
vt -0.030000 0.589049 0.000000
vt 1.230000 0.294524 0.000000
vt -0.030000 0.294524 0.000000
vt 1.230000 0.000000 0.000000
vt -0.030000 0.000000 0.000000
vt 1.230000 -0.294524 0.000000
vt -0.030000 -0.294524 0.000000
vt 1.230000 -0.589049 0.000000
vt -0.030000 -0.589049 0.000000
vt 1.230000 -0.883573 0.000000
vt -0.030000 -0.883573 0.000000
vt 1.230000 -1.178097 0.000000
vt -0.030000 -1.178097 0.000000
vt 1.230000 -1.472622 0.000000
vt -0.030000 -1.472622 0.000000
vt 1.230000 -1.767146 0.000000
vt -0.030000 -1.767146 0.000000
vt 1.230000 -2.061670 0.000000
vt -0.030000 -2.061670 0.000000
vt 1.230000 -2.356194 0.000000
vt -0.030000 -2.356194 0.000000
vt 1.230000 -2.650719 0.000000
vt -0.030000 -2.650719 0.000000
vt 1.230000 -2.945243 0.000000
vt -0.030000 -2.945243 0.000000
vt 1.230000 -3.239767 0.000000
vt -0.030000 -3.239767 0.000000
vt 1.230000 -3.534292 0.000000
vt -0.030000 -3.534292 0.000000
vt 1.230000 -3.828816 0.000000
vt -0.030000 -3.828816 0.000000
vt 1.230000 -4.123340 0.000000
vt -0.030000 -4.123340 0.000000
vt 1.230000 -4.417865 0.000000
vt -0.030000 -4.417865 0.000000
vt 1.230000 -4.712389 0.000000
vt -0.030000 -4.712389 0.000000
vt 1.230000 4.712389 0.000000
vt -0.030000 4.712389 0.000000
vt 1.230000 4.417865 0.000000
vt -0.030000 4.417865 0.000000
vt 1.230000 4.123340 0.000000
vt -0.030000 4.123340 0.000000
vt 1.230000 3.828816 0.000000
vt -0.030000 3.828816 0.000000
vt 1.230000 3.534292 0.000000
vt -0.030000 3.534292 0.000000
vt 1.230000 3.239767 0.000000
vt -0.030000 3.239767 0.000000
vt 1.230000 2.945243 0.000000
vt -0.030000 2.945243 0.000000
vt 0.094189 -0.039589 0.000000
vt 0.094248 -0.000000 0.000000
vt 0.078546 -0.000000 0.000000
vt 0.094176 0.210397 0.000000
vt 0.078546 0.291073 0.000000
vt 0.094176 0.246122 0.000000
vt 0.094205 0.315293 0.000000
vt 0.094237 0.382325 0.000000
vt 0.094248 0.420703 0.000000
vt 0.078546 0.582147 0.000000
vt 0.094254 0.687322 0.000000
vt 0.078546 0.873220 0.000000
vt 0.094248 0.953941 0.000000
vt 0.078546 1.164293 0.000000
vt 0.094247 1.107362 0.000000
vt 0.094237 1.266018 0.000000
vt 0.078546 1.455366 0.000000
vt 0.094242 1.429969 0.000000
vt 0.094234 1.599150 0.000000
vt 0.078546 1.746440 0.000000
vt 0.094245 1.773632 0.000000
vt 0.094237 1.953340 0.000000
vt 0.078546 2.037513 0.000000
vt 0.094242 2.138331 0.000000
vt 0.078546 2.328586 0.000000
vt 0.094248 2.328586 0.000000
vt 0.094228 2.512851 0.000000
vt 0.078546 2.619659 0.000000
vt 0.094248 2.690959 0.000000
vt 0.094169 2.716260 0.000000
vt 0.094231 2.771995 0.000000
vt 0.078546 2.910733 0.000000
vt 0.062837 2.910733 0.000000
vt 0.062837 3.201806 0.000000
vt 0.047127 3.201806 0.000000
vt 0.047127 3.492879 0.000000
vt 0.031418 3.492879 0.000000
vt 0.031418 3.783952 0.000000
vt 0.015709 3.783952 0.000000
vt 0.015709 4.075026 0.000000
vt 0.000000 4.075026 0.000000
vt 0.000000 4.366099 0.000000
vt 0.015709 4.366099 0.000000
vt 0.000000 4.657172 0.000000
vt 0.015709 4.657172 0.000000
vt 0.000000 -4.657172 0.000000
vt 0.015709 -4.657172 0.000000
vt 0.000000 -4.366099 0.000000
vt 0.015709 -4.366099 0.000000
vt 0.000000 -4.075026 0.000000
vt 0.015709 -4.075026 0.000000
vt 0.000000 -3.783952 0.000000
vt 0.015709 -3.783952 0.000000
vt 0.000000 -3.492879 0.000000
vt 0.015709 -3.492879 0.000000
vt 0.000000 -3.201806 0.000000
vt 0.015709 -3.201806 0.000000
vt 0.000000 -2.910733 0.000000
vt 0.015709 -2.910733 0.000000
vt 0.000000 -2.619659 0.000000
vt 0.015709 -2.619659 0.000000
vt 0.015709 -2.328586 0.000000
vt 0.031418 -2.328586 0.000000
vt 0.031418 -2.037513 0.000000
vt 0.047127 -2.037513 0.000000
vt 0.031418 -1.746440 0.000000
vt 0.047127 -1.746440 0.000000
vt 0.031418 -1.455366 0.000000
vt 0.047127 -1.455366 0.000000
vt 0.031418 -1.164293 0.000000
vt 0.047127 -1.164293 0.000000
vt 0.031418 -0.873220 0.000000
vt 0.047127 -0.873220 0.000000
vt 0.031418 -0.582147 0.000000
vt 0.047127 -0.582147 0.000000
vt 0.031418 -0.291073 0.000000
vt 0.047127 -0.291073 0.000000
vt 0.047127 -0.000000 0.000000
vt 0.062837 -0.000000 0.000000
vt 0.062837 0.291073 0.000000
vt 0.062837 0.582147 0.000000
vt 0.062837 0.873220 0.000000
vt 0.062837 1.164293 0.000000
vt 0.062837 1.455366 0.000000
vt 0.062837 1.746440 0.000000
vt 0.062837 2.037513 0.000000
vt 0.062837 2.328586 0.000000
vt 0.062837 2.619659 0.000000
vt 0.094221 2.808957 0.000000
vt 0.094212 2.871581 0.000000
vt 0.094242 3.046005 0.000000
vt 0.078546 3.201806 0.000000
vt 0.094232 3.137282 0.000000
vt 0.094228 3.151701 0.000000
vt 0.094225 3.171981 0.000000
vt 0.094220 3.257117 0.000000
vt 0.094219 3.394388 0.000000
vt 0.078546 3.492879 0.000000
vt 0.094223 3.583793 0.000000
vt 0.078546 3.783952 0.000000
vt 0.094216 3.698067 0.000000
vt 0.094232 3.825332 0.000000
vt 0.094233 3.864822 0.000000
vt 0.094238 3.975959 0.000000
vt 0.078546 4.075026 0.000000
vt 0.094247 4.227570 0.000000
vt 0.078546 4.366099 0.000000
vt 0.094180 4.441913 0.000000
vt 0.094183 4.482832 0.000000
vt 0.078546 4.657172 0.000000
vt 0.094212 4.553152 0.000000
vt 0.094189 4.617581 0.000000
vt 0.094248 4.657172 0.000000
vt 0.078546 -4.657172 0.000000
vt 0.094248 -4.657172 0.000000
vt 0.094176 -4.446775 0.000000
vt 0.078546 -4.366099 0.000000
vt 0.094176 -4.411049 0.000000
vt 0.094205 -4.341879 0.000000
vt 0.094237 -4.274847 0.000000
vt 0.094248 -4.236469 0.000000
vt 0.078546 -4.075026 0.000000
vt 0.094254 -3.969850 0.000000
vt 0.078546 -3.783952 0.000000
vt 0.094248 -3.703231 0.000000
vt 0.078546 -3.492879 0.000000
vt 0.094242 -3.549825 0.000000
vt 0.094237 -3.391154 0.000000
vt 0.078546 -3.201806 0.000000
vt 0.094242 -3.227203 0.000000
vt 0.094234 -3.058022 0.000000
vt 0.078546 -2.910733 0.000000
vt 0.094245 -2.883540 0.000000
vt 0.094237 -2.703832 0.000000
vt 0.078546 -2.619659 0.000000
vt 0.094255 -2.518820 0.000000
vt 0.078546 -2.328586 0.000000
vt 0.094248 -2.328586 0.000000
vt 0.094228 -2.144321 0.000000
vt 0.078546 -2.037513 0.000000
vt 0.094248 -1.966213 0.000000
vt 0.094169 -1.940912 0.000000
vt 0.094231 -1.885177 0.000000
vt 0.078546 -1.746440 0.000000
vt 0.062837 -1.746440 0.000000
vt 0.062837 -1.455366 0.000000
vt 0.094221 -1.848215 0.000000
vt 0.094212 -1.785591 0.000000
vt 0.094242 -1.611168 0.000000
vt 0.078546 -1.455366 0.000000
vt 0.094232 -1.519890 0.000000
vt 0.094228 -1.505471 0.000000
vt 0.094225 -1.485191 0.000000
vt 0.094220 -1.400055 0.000000
vt 0.094219 -1.262784 0.000000
vt 0.078546 -1.164293 0.000000
vt 0.094223 -1.073380 0.000000
vt 0.078546 -0.873220 0.000000
vt 0.094216 -0.959105 0.000000
vt 0.094232 -0.831840 0.000000
vt 0.094233 -0.792350 0.000000
vt 0.094238 -0.681213 0.000000
vt 0.078546 -0.582147 0.000000
vt 0.094247 -0.429602 0.000000
vt 0.078546 -0.291073 0.000000
vt 0.094180 -0.215259 0.000000
vt 0.094183 -0.174340 0.000000
vt 0.094212 -0.104020 0.000000
vt 0.000000 3.783952 0.000000
vt 0.015709 3.492879 0.000000
vt 0.031418 3.201806 0.000000
vt 0.047127 2.910733 0.000000
vt 0.000000 3.492879 0.000000
vt 0.015709 3.201806 0.000000
vt 0.031418 2.910733 0.000000
vt 0.047127 2.619659 0.000000
vt 0.000000 3.201806 0.000000
vt 0.015709 2.910733 0.000000
vt 0.031418 2.619659 0.000000
vt 0.047127 2.328586 0.000000
vt 0.000000 2.910733 0.000000
vt 0.015709 2.619659 0.000000
vt 0.031418 2.328586 0.000000
vt 0.047127 2.037513 0.000000
vt 0.000000 2.619659 0.000000
vt 0.015709 2.328586 0.000000
vt 0.031418 2.037513 0.000000
vt 0.047127 1.746440 0.000000
vt 0.000000 2.328586 0.000000
vt 0.015709 2.037513 0.000000
vt 0.031418 1.746440 0.000000
vt 0.047127 1.455366 0.000000
vt 0.000000 2.037513 0.000000
vt 0.015709 1.746440 0.000000
vt 0.031418 1.455366 0.000000
vt 0.047127 1.164293 0.000000
vt 0.000000 1.746440 0.000000
vt 0.015709 1.455366 0.000000
vt 0.031418 1.164293 0.000000
vt 0.047127 0.873220 0.000000
vt 0.000000 1.455366 0.000000
vt 0.015709 1.164293 0.000000
vt 0.031418 0.873220 0.000000
vt 0.047127 0.582147 0.000000
vt 0.000000 1.164293 0.000000
vt 0.015709 0.873220 0.000000
vt 0.031418 0.582147 0.000000
vt 0.047127 0.291073 0.000000
vt 0.000000 0.873220 0.000000
vt 0.015709 0.582147 0.000000
vt 0.031418 0.291073 0.000000
vt 0.031418 -0.000000 0.000000
vt 0.000000 0.582147 0.000000
vt 0.015709 0.291073 0.000000
vt 0.015709 -0.000000 0.000000
vt 0.015709 -0.291073 0.000000
vt 0.000000 0.291073 0.000000
vt 0.000000 -0.000000 0.000000
vt 0.000000 -0.291073 0.000000
vt 0.015709 -0.582147 0.000000
vt 0.000000 -0.582147 0.000000
vt 0.015709 -0.873220 0.000000
vt 0.000000 -0.873220 0.000000
vt 0.015709 -1.164293 0.000000
vt 0.000000 -1.164293 0.000000
vt 0.015709 -1.455366 0.000000
vt 0.000000 -1.455366 0.000000
vt 0.015709 -1.746440 0.000000
vt 0.000000 -1.746440 0.000000
vt 0.015709 -2.037513 0.000000
vt 0.000000 -2.037513 0.000000
vt 0.000000 -2.328586 0.000000
vt 0.062837 4.657172 0.000000
vt 0.062837 4.366099 0.000000
vt 0.062837 4.075026 0.000000
vt 0.062837 3.783952 0.000000
vt 0.062837 3.492879 0.000000
vt 0.047127 4.657172 0.000000
vt 0.047127 4.366099 0.000000
vt 0.047127 4.075026 0.000000
vt 0.047127 3.783952 0.000000
vt 0.062837 -4.657172 0.000000
vt 0.062837 -4.366099 0.000000
vt 0.062837 -4.075026 0.000000
vt 0.062837 -3.783952 0.000000
vt 0.062837 -3.492879 0.000000
vt 0.062837 -3.201806 0.000000
vt 0.062837 -2.910733 0.000000
vt 0.062837 -2.619659 0.000000
vt 0.031418 4.657172 0.000000
vt 0.031418 4.366099 0.000000
vt 0.031418 4.075026 0.000000
vt 0.047127 -4.657172 0.000000
vt 0.047127 -4.366099 0.000000
vt 0.047127 -4.075026 0.000000
vt 0.047127 -3.783952 0.000000
vt 0.047127 -3.492879 0.000000
vt 0.047127 -3.201806 0.000000
vt 0.047127 -2.910733 0.000000
vt 0.047127 -2.619659 0.000000
vt 0.062837 -2.328586 0.000000
vt 0.031418 -4.657172 0.000000
vt 0.031418 -4.366099 0.000000
vt 0.031418 -4.075026 0.000000
vt 0.031418 -3.783952 0.000000
vt 0.031418 -3.492879 0.000000
vt 0.031418 -3.201806 0.000000
vt 0.031418 -2.910733 0.000000
vt 0.031418 -2.619659 0.000000
vt 0.047127 -2.328586 0.000000
vt 0.062837 -2.037513 0.000000
vt 0.062837 -0.291073 0.000000
vt 0.062837 -0.582147 0.000000
vt 0.062837 -0.873220 0.000000
vt 0.062837 -1.164293 0.000000
vt -0.000000 0.291073 0.000000
vt -0.015709 0.291073 0.000000
vt -0.000000 -0.000000 0.000000
vt -0.015709 -0.000000 0.000000
vt -0.000000 -0.291073 0.000000
vt -0.015709 -0.291073 0.000000
vt -0.000000 -0.582147 0.000000
vt -0.015709 -0.582147 0.000000
vt -0.000000 -0.873220 0.000000
vt -0.015709 -0.873220 0.000000
vt -0.000000 -1.164293 0.000000
vt -0.015709 -1.164293 0.000000
vt -0.000000 -1.455367 0.000000
vt -0.015709 -1.455367 0.000000
vt -0.000000 -1.746440 0.000000
vt -0.015709 -1.746440 0.000000
vt -0.000000 -2.037513 0.000000
vt -0.015709 -2.037513 0.000000
vt -0.000000 -2.328587 0.000000
vt -0.015709 -2.328587 0.000000
vt -0.000000 -2.619660 0.000000
vt -0.015709 -2.619660 0.000000
vt -0.000000 -2.910733 0.000000
vt -0.015709 -2.910733 0.000000
vt -0.000000 -3.201806 0.000000
vt -0.015709 -3.201806 0.000000
vt -0.000000 -3.492880 0.000000
vt -0.015709 -3.492880 0.000000
vt -0.000000 -3.783953 0.000000
vt -0.015709 -3.783953 0.000000
vt -0.000000 -4.075026 0.000000
vt -0.015709 -4.075026 0.000000
vt -0.000000 -4.366100 0.000000
vt -0.015709 -4.366100 0.000000
vt -0.000000 -4.657173 0.000000
vt -0.015709 -4.657173 0.000000
vt -0.000000 4.657173 0.000000
vt -0.015709 4.657173 0.000000
vt -0.000000 4.366100 0.000000
vt -0.015709 4.366100 0.000000
vt -0.000000 4.075026 0.000000
vt -0.015709 4.075026 0.000000
vt -0.000000 3.783953 0.000000
vt -0.015709 3.783953 0.000000
vt -0.000000 3.492880 0.000000
vt -0.015709 3.492880 0.000000
vt -0.000000 3.201806 0.000000
vt -0.015709 3.201806 0.000000
vt -0.000000 2.910733 0.000000
vt -0.015709 2.910733 0.000000
vt -0.000000 2.619660 0.000000
vt -0.015709 2.619660 0.000000
vt -0.000000 2.328587 0.000000
vt -0.015709 2.328587 0.000000
vt -0.000000 2.037513 0.000000
vt -0.015709 2.037513 0.000000
vt -0.000000 1.746440 0.000000
vt -0.015709 1.746440 0.000000
vt -0.000000 1.455367 0.000000
vt -0.015709 1.455367 0.000000
vt -0.000000 1.164293 0.000000
vt -0.015709 1.164293 0.000000
vt -0.000000 0.873220 0.000000
vt -0.015709 0.873220 0.000000
vt -0.000000 0.582147 0.000000
vt -0.015709 0.582147 0.000000
vt -0.094248 2.037513 0.000000
vt -0.078545 2.037513 0.000000
vt -0.094248 2.328587 0.000000
vt -0.078545 2.328587 0.000000
vt -0.094189 2.368177 0.000000
vt -0.094212 2.432607 0.000000
vt -0.094183 2.502927 0.000000
vt -0.078545 2.619660 0.000000
vt -0.094180 2.543846 0.000000
vt -0.094247 2.758189 0.000000
vt -0.078545 2.910733 0.000000
vt -0.094238 3.009800 0.000000
vt -0.078545 3.201806 0.000000
vt -0.094233 3.120937 0.000000
vt -0.094232 3.160427 0.000000
vt -0.094216 3.287692 0.000000
vt -0.094223 3.401966 0.000000
vt -0.078545 3.492880 0.000000
vt -0.094219 3.591371 0.000000
vt -0.078545 3.783953 0.000000
vt -0.094220 3.728642 0.000000
vt -0.094225 3.813778 0.000000
vt -0.094228 3.834058 0.000000
vt -0.094232 3.848477 0.000000
vt -0.094242 3.939754 0.000000
vt -0.078545 4.075026 0.000000
vt -0.094212 4.114178 0.000000
vt -0.094221 4.176802 0.000000
vt -0.094231 4.213764 0.000000
vt -0.078545 4.366100 0.000000
vt -0.094169 4.269499 0.000000
vt -0.094248 4.294800 0.000000
vt -0.094228 4.472908 0.000000
vt -0.078545 4.657173 0.000000
vt -0.094248 4.657173 0.000000
vt -0.094248 -4.657173 0.000000
vt -0.078545 -4.657173 0.000000
vt -0.094242 -4.466918 0.000000
vt -0.078545 -4.366100 0.000000
vt -0.094237 -4.281927 0.000000
vt -0.078545 -4.075026 0.000000
vt -0.094245 -4.102219 0.000000
vt -0.094234 -3.927737 0.000000
vt -0.078545 -3.783953 0.000000
vt -0.094242 -3.758555 0.000000
vt -0.094237 -3.594604 0.000000
vt -0.078545 -3.492880 0.000000
vt -0.094247 -3.435949 0.000000
vt -0.094248 -3.282528 0.000000
vt -0.078545 -3.201806 0.000000
vt -0.094254 -3.015909 0.000000
vt -0.078545 -2.910733 0.000000
vt -0.094248 -2.749290 0.000000
vt -0.078545 -2.619660 0.000000
vt -0.094237 -2.710911 0.000000
vt -0.094205 -2.643880 0.000000
vt -0.094176 -2.574709 0.000000
vt -0.094176 -2.538984 0.000000
vt -0.078545 -2.328587 0.000000
vt -0.094248 -2.328587 0.000000
vt -0.094248 -2.037513 0.000000
vt -0.078545 -2.037513 0.000000
vt -0.094248 -1.746440 0.000000
vt -0.078545 -1.746440 0.000000
vt -0.094248 -1.455367 0.000000
vt -0.078545 -1.455367 0.000000
vt -0.094248 -1.164293 0.000000
vt -0.078545 -1.164293 0.000000
vt -0.094248 -0.873220 0.000000
vt -0.078545 -0.873220 0.000000
vt -0.094248 -0.582147 0.000000
vt -0.078545 -0.582147 0.000000
vt -0.094248 -0.291073 0.000000
vt -0.078545 -0.291073 0.000000
vt -0.094248 -0.000000 0.000000
vt -0.078545 -0.000000 0.000000
vt -0.094248 0.291073 0.000000
vt -0.078545 0.291073 0.000000
vt -0.094248 0.582147 0.000000
vt -0.078545 0.582147 0.000000
vt -0.094248 0.873220 0.000000
vt -0.078545 0.873220 0.000000
vt -0.094248 1.164293 0.000000
vt -0.078545 1.164293 0.000000
vt -0.094248 1.455367 0.000000
vt -0.078545 1.455367 0.000000
vt -0.094248 1.746440 0.000000
vt -0.078545 1.746440 0.000000
vt -0.031418 4.657173 0.000000
vt -0.031418 4.366100 0.000000
vt -0.031418 4.075026 0.000000
vt -0.031418 3.783953 0.000000
vt -0.031418 3.492880 0.000000
vt -0.031418 3.201806 0.000000
vt -0.031418 2.910733 0.000000
vt -0.031418 2.619660 0.000000
vt -0.031418 2.328587 0.000000
vt -0.031418 2.037513 0.000000
vt -0.031418 1.746440 0.000000
vt -0.031418 1.455367 0.000000
vt -0.031418 1.164293 0.000000
vt -0.031418 0.873220 0.000000
vt -0.031418 0.582147 0.000000
vt -0.031418 0.291073 0.000000
vt -0.031418 -0.000000 0.000000
vt -0.031418 -0.291073 0.000000
vt -0.031418 -0.582147 0.000000
vt -0.031418 -0.873220 0.000000
vt -0.031418 -1.164293 0.000000
vt -0.031418 -1.455367 0.000000
vt -0.031418 -1.746440 0.000000
vt -0.031418 -2.037513 0.000000
vt -0.031418 -2.328587 0.000000
vt -0.031418 -2.619660 0.000000
vt -0.031418 -2.910733 0.000000
vt -0.031418 -3.201806 0.000000
vt -0.031418 -3.492880 0.000000
vt -0.031418 -3.783953 0.000000
vt -0.031418 -4.075026 0.000000
vt -0.031418 -4.366100 0.000000
vt -0.031418 -4.657173 0.000000
vt -0.047127 4.657173 0.000000
vt -0.047127 4.366100 0.000000
vt -0.047127 4.075026 0.000000
vt -0.047127 3.783953 0.000000
vt -0.047127 3.492880 0.000000
vt -0.047127 3.201806 0.000000
vt -0.047127 2.910733 0.000000
vt -0.047127 2.619660 0.000000
vt -0.047127 2.328587 0.000000
vt -0.047127 2.037513 0.000000
vt -0.047127 1.746440 0.000000
vt -0.047127 1.455367 0.000000
vt -0.047127 1.164293 0.000000
vt -0.047127 0.873220 0.000000
vt -0.047127 0.582147 0.000000
vt -0.047127 0.291073 0.000000
vt -0.047127 -0.000000 0.000000
vt -0.047127 -0.291073 0.000000
vt -0.047127 -0.582147 0.000000
vt -0.047127 -0.873220 0.000000
vt -0.047127 -1.164293 0.000000
vt -0.047127 -1.455367 0.000000
vt -0.047127 -1.746440 0.000000
vt -0.047127 -2.037513 0.000000
vt -0.047127 -2.328587 0.000000
vt -0.047127 -2.619660 0.000000
vt -0.047127 -2.910733 0.000000
vt -0.047127 -3.201806 0.000000
vt -0.047127 -3.492880 0.000000
vt -0.047127 -3.783953 0.000000
vt -0.047127 -4.075026 0.000000
vt -0.047127 -4.366100 0.000000
vt -0.047127 -4.657173 0.000000
vt -0.062836 4.657173 0.000000
vt -0.062836 4.366100 0.000000
vt -0.062836 4.075026 0.000000
vt -0.062836 3.783953 0.000000
vt -0.062836 3.492880 0.000000
vt -0.062836 3.201806 0.000000
vt -0.062836 2.910733 0.000000
vt -0.062836 2.619660 0.000000
vt -0.062836 2.328587 0.000000
vt -0.062836 2.037513 0.000000
vt -0.062836 1.746440 0.000000
vt -0.062836 1.455367 0.000000
vt -0.062836 1.164293 0.000000
vt -0.062836 0.873220 0.000000
vt -0.062836 0.582147 0.000000
vt -0.062836 0.291073 0.000000
vt -0.062836 -0.000000 0.000000
vt -0.062836 -0.291073 0.000000
vt -0.062836 -0.582147 0.000000
vt -0.062836 -0.873220 0.000000
vt -0.062836 -1.164293 0.000000
vt -0.062836 -1.455367 0.000000
vt -0.062836 -1.746440 0.000000
vt -0.062836 -2.037513 0.000000
vt -0.062836 -2.328587 0.000000
vt -0.062836 -2.619660 0.000000
vt -0.062836 -2.910733 0.000000
vt -0.062836 -3.201806 0.000000
vt -0.062836 -3.492880 0.000000
vt -0.062836 -3.783953 0.000000
vt -0.062836 -4.075026 0.000000
vt -0.062836 -4.366100 0.000000
vt -0.062836 -4.657173 0.000000
vt -0.060000 -0.241661 0.000000
vt 0.090000 -0.241661 0.000000
vt -0.060000 0.000000 0.000000
vt 0.090000 0.000000 0.000000
vt -0.060000 0.241661 0.000000
vt 0.090000 0.241661 0.000000
vt -0.060000 0.483322 0.000000
vt 0.090000 0.483322 0.000000
vt -0.060000 0.724983 0.000000
vt 0.090000 0.724983 0.000000
vt -0.060000 0.966644 0.000000
vt 0.090000 0.966644 0.000000
vt -0.060000 1.208305 0.000000
vt 0.090000 1.208305 0.000000
vt -0.060000 1.449966 0.000000
vt 0.090000 1.449966 0.000000
vt -0.060000 1.691627 0.000000
vt 0.090000 1.691627 0.000000
vt -0.060000 1.933288 0.000000
vt 0.090000 1.933288 0.000000
vt -0.060000 2.174949 0.000000
vt 0.090000 2.174949 0.000000
vt -0.060000 2.416610 0.000000
vt 0.090000 2.416610 0.000000
vt -0.060000 2.658271 0.000000
vt 0.090000 2.658271 0.000000
vt -0.060000 2.899932 0.000000
vt 0.090000 2.899932 0.000000
vt -0.060000 3.141593 0.000000
vt 0.090000 3.141593 0.000000
vt -0.060000 -3.141593 0.000000
vt 0.090000 -3.141593 0.000000
vt -0.060000 -2.899932 0.000000
vt 0.090000 -2.899932 0.000000
vt -0.060000 -2.658271 0.000000
vt 0.090000 -2.658271 0.000000
vt -0.060000 -2.416610 0.000000
vt 0.090000 -2.416610 0.000000
vt -0.060000 -2.174949 0.000000
vt 0.090000 -2.174949 0.000000
vt -0.060000 -1.933288 0.000000
vt 0.090000 -1.933288 0.000000
vt -0.060000 -1.691627 0.000000
vt 0.090000 -1.691627 0.000000
vt -0.060000 -1.449966 0.000000
vt 0.090000 -1.449966 0.000000
vt -0.060000 -1.208305 0.000000
vt 0.090000 -1.208305 0.000000
vt -0.060000 -0.966644 0.000000
vt 0.090000 -0.966644 0.000000
vt -0.060000 -0.724983 0.000000
vt 0.090000 -0.724983 0.000000
vt -0.060000 -0.483322 0.000000
vt 0.090000 -0.483322 0.000000
vt -1.290000 -0.241661 0.000000
vt -1.140000 -0.241661 0.000000
vt -1.290000 0.000000 0.000000
vt -1.140000 0.000000 0.000000
vt -1.290000 0.241661 0.000000
vt -1.140000 0.241661 0.000000
vt -1.290000 0.483322 0.000000
vt -1.140000 0.483322 0.000000
vt -1.290000 0.724983 0.000000
vt -1.140000 0.724983 0.000000
vt -1.290000 0.966644 0.000000
vt -1.140000 0.966644 0.000000
vt -1.290000 1.208305 0.000000
vt -1.140000 1.208305 0.000000
vt -1.290000 1.449966 0.000000
vt -1.140000 1.449966 0.000000
vt -1.290000 1.691627 0.000000
vt -1.140000 1.691627 0.000000
vt -1.290000 1.933288 0.000000
vt -1.140000 1.933288 0.000000
vt -1.290000 2.174949 0.000000
vt -1.140000 2.174949 0.000000
vt -1.290000 2.416610 0.000000
vt -1.140000 2.416610 0.000000
vt -1.290000 2.658271 0.000000
vt -1.140000 2.658271 0.000000
vt -1.290000 2.899932 0.000000
vt -1.140000 2.899932 0.000000
vt -1.290000 3.141593 0.000000
vt -1.140000 3.141593 0.000000
vt -1.290000 -3.141593 0.000000
vt -1.140000 -3.141593 0.000000
vt -1.290000 -2.899932 0.000000
vt -1.140000 -2.899932 0.000000
vt -1.290000 -2.658271 0.000000
vt -1.140000 -2.658271 0.000000
vt -1.290000 -2.416610 0.000000
vt -1.140000 -2.416610 0.000000
vt -1.290000 -2.174949 0.000000
vt -1.140000 -2.174949 0.000000
vt -1.290000 -1.933288 0.000000
vt -1.140000 -1.933288 0.000000
vt -1.290000 -1.691627 0.000000
vt -1.140000 -1.691627 0.000000
vt -1.290000 -1.449966 0.000000
vt -1.140000 -1.449966 0.000000
vt -1.290000 -1.208305 0.000000
vt -1.140000 -1.208305 0.000000
vt -1.290000 -0.966644 0.000000
vt -1.140000 -0.966644 0.000000
vt -1.290000 -0.724983 0.000000
vt -1.140000 -0.724983 0.000000
vt -1.290000 -0.483322 0.000000
vt -1.140000 -0.483322 0.000000
vt 0.060000 0.241419 0.000000
vt -0.090000 0.241419 0.000000
vt 0.060000 0.000000 0.000000
vt -0.090000 0.000000 0.000000
vt 0.060000 -0.241419 0.000000
vt -0.090000 -0.241419 0.000000
vt 0.060000 -0.482839 0.000000
vt -0.090000 -0.482839 0.000000
vt 0.060000 -0.724258 0.000000
vt -0.090000 -0.724258 0.000000
vt 0.060000 -0.965677 0.000000
vt -0.090000 -0.965677 0.000000
vt 0.060000 -1.207097 0.000000
vt -0.090000 -1.207097 0.000000
vt 0.060000 -1.448516 0.000000
vt -0.090000 -1.448516 0.000000
vt 0.060000 -1.689935 0.000000
vt -0.090000 -1.689935 0.000000
vt 0.060000 -1.931354 0.000000
vt -0.090000 -1.931354 0.000000
vt 0.060000 -2.172774 0.000000
vt -0.090000 -2.172774 0.000000
vt 0.060000 -2.414193 0.000000
vt -0.090000 -2.414193 0.000000
vt 0.060000 -2.655612 0.000000
vt -0.090000 -2.655612 0.000000
vt 0.060000 -2.897032 0.000000
vt -0.090000 -2.897032 0.000000
vt 0.060000 -3.138451 0.000000
vt -0.090000 -3.138451 0.000000
vt 0.060000 3.138451 0.000000
vt -0.090000 3.138451 0.000000
vt 0.060000 2.897032 0.000000
vt -0.090000 2.897032 0.000000
vt 0.060000 2.655612 0.000000
vt -0.090000 2.655612 0.000000
vt 0.060000 2.414193 0.000000
vt -0.090000 2.414193 0.000000
vt 0.060000 2.172774 0.000000
vt -0.090000 2.172774 0.000000
vt 0.060000 1.931354 0.000000
vt -0.090000 1.931354 0.000000
vt 0.060000 1.689935 0.000000
vt -0.090000 1.689935 0.000000
vt 0.060000 1.448516 0.000000
vt -0.090000 1.448516 0.000000
vt 0.060000 1.207097 0.000000
vt -0.090000 1.207097 0.000000
vt 0.060000 0.965677 0.000000
vt -0.090000 0.965677 0.000000
vt 0.060000 0.724258 0.000000
vt -0.090000 0.724258 0.000000
vt 0.060000 0.482839 0.000000
vt -0.090000 0.482839 0.000000
vt 1.290000 0.241419 0.000000
vt 1.140000 0.241419 0.000000
vt 1.290000 0.000000 0.000000
vt 1.140000 0.000000 0.000000
vt 1.290000 -0.241419 0.000000
vt 1.140000 -0.241419 0.000000
vt 1.290000 -0.482839 0.000000
vt 1.140000 -0.482839 0.000000
vt 1.290000 -0.724258 0.000000
vt 1.140000 -0.724258 0.000000
vt 1.290000 -0.965677 0.000000
vt 1.140000 -0.965677 0.000000
vt 1.290000 -1.207097 0.000000
vt 1.140000 -1.207097 0.000000
vt 1.290000 -1.448516 0.000000
vt 1.140000 -1.448516 0.000000
vt 1.290000 -1.689935 0.000000
vt 1.140000 -1.689935 0.000000
vt 1.290000 -1.931354 0.000000
vt 1.140000 -1.931354 0.000000
vt 1.290000 -2.172774 0.000000
vt 1.140000 -2.172774 0.000000
vt 1.290000 -2.414193 0.000000
vt 1.140000 -2.414193 0.000000
vt 1.290000 -2.655612 0.000000
vt 1.140000 -2.655612 0.000000
vt 1.290000 -2.897032 0.000000
vt 1.140000 -2.897032 0.000000
vt 1.290000 -3.138451 0.000000
vt 1.140000 -3.138451 0.000000
vt 1.290000 3.138451 0.000000
vt 1.140000 3.138451 0.000000
vt 1.290000 2.897032 0.000000
vt 1.140000 2.897032 0.000000
vt 1.290000 2.655612 0.000000
vt 1.140000 2.655612 0.000000
vt 1.290000 2.414193 0.000000
vt 1.140000 2.414193 0.000000
vt 1.290000 2.172774 0.000000
vt 1.140000 2.172774 0.000000
vt 1.290000 1.931354 0.000000
vt 1.140000 1.931354 0.000000
vt 1.290000 1.689935 0.000000
vt 1.140000 1.689935 0.000000
vt 1.290000 1.448516 0.000000
vt 1.140000 1.448516 0.000000
vt 1.290000 1.207097 0.000000
vt 1.140000 1.207097 0.000000
vt 1.290000 0.965677 0.000000
vt 1.140000 0.965677 0.000000
vt 1.290000 0.724258 0.000000
vt 1.140000 0.724258 0.000000
vt 1.290000 0.482839 0.000000
vt 1.140000 0.482839 0.000000
vt -0.105889 -0.232183 0.000000
vt -0.000000 -0.222896 0.000000
vt -0.105889 0.000000 0.000000
vt -0.000000 0.000000 0.000000
vt -0.000000 0.222896 0.000000
vt -0.000000 -0.445792 0.000000
vt -0.105889 -0.464367 0.000000
vt 0.000000 -0.668688 0.000000
vt -0.105889 -0.696550 0.000000
vt 0.000000 -0.891584 0.000000
vt -0.105889 -0.928733 0.000000
vt 0.000000 -1.114480 0.000000
vt -0.105889 -1.160917 0.000000
vt 0.000000 -1.337376 0.000000
vt -0.105889 -1.393100 0.000000
vt -0.000000 -1.560272 0.000000
vt -0.105889 -1.625283 0.000000
vt 0.000000 -1.783168 0.000000
vt -0.105889 -1.857467 0.000000
vt -0.000000 -2.006064 0.000000
vt -0.105889 -2.089650 0.000000
vt -0.000000 -2.228960 0.000000
vt -0.105889 -2.321833 0.000000
vt 0.000000 -2.451856 0.000000
vt -0.105889 -2.554017 0.000000
vt 0.000000 -2.674752 0.000000
vt -0.105889 -2.786200 0.000000
vt -0.000000 -2.897648 0.000000
vt -0.000000 2.674752 0.000000
vt -0.105889 2.786200 0.000000
vt -0.105889 2.554017 0.000000
vt 0.000000 2.451856 0.000000
vt -0.105889 2.321833 0.000000
vt -0.000000 2.228960 0.000000
vt -0.105889 2.089650 0.000000
vt -0.000000 2.006064 0.000000
vt -0.105889 1.857467 0.000000
vt 0.000000 1.783168 0.000000
vt -0.105889 1.625283 0.000000
vt 0.000000 1.560272 0.000000
vt -0.105889 1.393100 0.000000
vt -0.000000 1.337376 0.000000
vt -0.105889 1.160917 0.000000
vt 0.000000 1.114480 0.000000
vt -0.105889 0.928733 0.000000
vt -0.000000 0.891584 0.000000
vt -0.105889 0.696550 0.000000
vt 0.000000 0.668688 0.000000
vt -0.105889 0.464367 0.000000
vt 0.000000 0.445792 0.000000
vt -0.105889 0.232183 0.000000
vt -0.105889 -1.625283 0.000000
vt 0.000000 -1.560272 0.000000
vt -0.105889 -1.393100 0.000000
vt -0.000000 -1.337376 0.000000
vt -0.105889 -1.160917 0.000000
vt -0.000000 -1.114480 0.000000
vt -0.105889 -0.928733 0.000000
vt 0.000000 -0.891584 0.000000
vt -0.105889 -0.696550 0.000000
vt 0.000000 -0.668688 0.000000
vt -0.105889 -0.464367 0.000000
vt 0.000000 -0.445792 0.000000
vt -0.105889 -0.232183 0.000000
vt -0.000000 -0.222896 0.000000
vt -0.105889 0.000000 0.000000
vt -0.000000 -0.000000 0.000000
vt -0.000000 0.222896 0.000000
vt 0.000000 -1.783168 0.000000
vt -0.105889 -1.857467 0.000000
vt -0.000000 -2.006064 0.000000
vt -0.105889 -2.089650 0.000000
vt -0.000000 -2.228960 0.000000
vt -0.105889 -2.321833 0.000000
vt 0.000000 -2.451856 0.000000
vt -0.105889 -2.554017 0.000000
vt -0.000000 -2.674752 0.000000
vt -0.105889 -2.786200 0.000000
vt 0.000000 -2.897648 0.000000
vt 0.000000 2.674752 0.000000
vt -0.105889 2.786200 0.000000
vt -0.105889 2.554017 0.000000
vt 0.000000 2.451856 0.000000
vt -0.105889 2.321833 0.000000
vt -0.000000 2.228960 0.000000
vt -0.105889 2.089650 0.000000
vt 0.000000 2.006064 0.000000
vt -0.105889 1.857467 0.000000
vt 0.000000 1.783168 0.000000
vt -0.105889 1.625283 0.000000
vt -0.000000 1.560272 0.000000
vt -0.105889 1.393100 0.000000
vt 0.000000 1.337376 0.000000
vt -0.105889 1.160917 0.000000
vt 0.000000 1.114480 0.000000
vt -0.105889 0.928733 0.000000
vt 0.000000 0.891584 0.000000
vt -0.105889 0.696550 0.000000
vt 0.000000 0.668688 0.000000
vt -0.105889 0.464367 0.000000
vt -0.000000 0.445792 0.000000
vt -0.105889 0.232183 0.000000
vt 0.167258 0.202829 0.000000
vt -0.000000 0.202829 0.000000
vt 0.167258 0.000000 0.000000
vt 0.000000 -0.000000 0.000000
vt 0.167258 -0.202829 0.000000
vt 0.000000 -0.202829 0.000000
vt 0.167258 -0.405658 0.000000
vt 0.000000 -0.405658 0.000000
vt 0.167258 -0.608487 0.000000
vt -0.000000 -0.608487 0.000000
vt 0.167258 -0.811316 0.000000
vt -0.000000 -0.811316 0.000000
vt 0.167258 -1.014145 0.000000
vt -0.000000 -1.014145 0.000000
vt 0.167258 -1.216974 0.000000
vt 0.000000 -1.216974 0.000000
vt 0.167258 -1.419804 0.000000
vt -0.000000 -1.419804 0.000000
vt 0.167258 -1.622633 0.000000
vt 0.000000 -1.622633 0.000000
vt 0.167258 -1.825462 0.000000
vt -0.000000 -1.825462 0.000000
vt 0.167258 -2.028291 0.000000
vt -0.000000 -2.028291 0.000000
vt 0.167258 -2.231120 0.000000
vt -0.000000 -2.231120 0.000000
vt 0.167258 -2.433949 0.000000
vt 0.000000 -2.433949 0.000000
vt 0.167258 2.433949 0.000000
vt 0.000000 2.433949 0.000000
vt 0.167258 2.231120 0.000000
vt 0.000000 2.231120 0.000000
vt 0.167258 2.028291 0.000000
vt 0.000000 2.028291 0.000000
vt 0.167258 1.825462 0.000000
vt -0.000000 1.825462 0.000000
vt 0.167258 1.622633 0.000000
vt -0.000000 1.622633 0.000000
vt 0.167258 1.419804 0.000000
vt -0.000000 1.419804 0.000000
vt 0.167258 1.216974 0.000000
vt 0.000000 1.216974 0.000000
vt 0.167258 1.014145 0.000000
vt -0.000000 1.014145 0.000000
vt 0.167258 0.811316 0.000000
vt 0.000000 0.811316 0.000000
vt 0.167258 0.608487 0.000000
vt -0.000000 0.608487 0.000000
vt 0.167258 0.405658 0.000000
vt -0.000000 0.405658 0.000000
vt 0.167258 1.419804 0.000000
vt 0.000000 1.419804 0.000000
vt 0.167258 1.216974 0.000000
vt 0.000000 1.216974 0.000000
vt 0.167258 1.014145 0.000000
vt 0.000000 1.014145 0.000000
vt 0.167258 0.811316 0.000000
vt 0.000000 0.811316 0.000000
vt 0.167258 0.608487 0.000000
vt -0.000000 0.608487 0.000000
vt 0.167258 0.405658 0.000000
vt 0.000000 0.405658 0.000000
vt 0.167258 0.202829 0.000000
vt -0.000000 0.202829 0.000000
vt 0.167258 0.000000 0.000000
vt 0.000000 -0.000000 0.000000
vt 0.167258 -0.202829 0.000000
vt -0.000000 -0.202829 0.000000
vt 0.167258 -0.405658 0.000000
vt 0.000000 -0.405658 0.000000
vt 0.167258 -0.608487 0.000000
vt 0.000000 -0.608487 0.000000
vt 0.167258 -0.811316 0.000000
vt 0.000000 -0.811316 0.000000
vt 0.167258 -1.014145 0.000000
vt 0.000000 -1.014145 0.000000
vt 0.167258 -1.216974 0.000000
vt 0.000000 -1.216974 0.000000
vt 0.167258 -1.419804 0.000000
vt 0.000000 -1.419804 0.000000
vt 0.167258 -1.622633 0.000000
vt 0.000000 -1.622633 0.000000
vt 0.167258 -1.825462 0.000000
vt -0.000000 -1.825462 0.000000
vt 0.167258 -2.028291 0.000000
vt 0.000000 -2.028291 0.000000
vt 0.167258 -2.231120 0.000000
vt -0.000000 -2.231120 0.000000
vt 0.167258 -2.433949 0.000000
vt 0.000000 -2.433949 0.000000
vt 0.167258 2.433949 0.000000
vt 0.000000 2.433949 0.000000
vt 0.167258 2.231120 0.000000
vt -0.000000 2.231120 0.000000
vt 0.167258 2.028291 0.000000
vt 0.000000 2.028291 0.000000
vt 0.167258 1.825462 0.000000
vt 0.000000 1.825462 0.000000
vt 0.167258 1.622633 0.000000
vt 0.000000 1.622633 0.000000
vt 0.015000 0.916298 0.000000
vt 0.090000 0.916298 0.000000
vt 0.015000 1.099557 0.000000
vt 0.090000 1.099557 0.000000
vt 0.015000 1.282817 0.000000
vt 0.090000 1.282817 0.000000
vt 0.015000 1.466077 0.000000
vt 0.090000 1.466077 0.000000
vt 0.015000 1.649336 0.000000
vt 0.090000 1.649336 0.000000
vt 0.015000 1.832596 0.000000
vt 0.090000 1.832596 0.000000
vt 0.015000 2.015855 0.000000
vt 0.090000 2.015855 0.000000
vt 0.015000 2.199115 0.000000
vt 0.090000 2.199115 0.000000
vt 0.015000 -2.199115 0.000000
vt 0.090000 -2.199115 0.000000
vt 0.015000 -2.015855 0.000000
vt 0.090000 -2.015855 0.000000
vt 0.015000 -1.832596 0.000000
vt 0.090000 -1.832596 0.000000
vt 0.015000 -1.649336 0.000000
vt 0.090000 -1.649336 0.000000
vt 0.015000 -1.466077 0.000000
vt 0.090000 -1.466077 0.000000
vt 0.015000 -1.282817 0.000000
vt 0.090000 -1.282817 0.000000
vt 0.015000 -1.099557 0.000000
vt 0.090000 -1.099557 0.000000
vt 0.015000 -0.916298 0.000000
vt 0.090000 -0.916298 0.000000
vt 0.015000 -0.733038 0.000000
vt 0.090000 -0.733038 0.000000
vt 0.015000 -0.549779 0.000000
vt 0.090000 -0.549779 0.000000
vt 0.015000 -0.366519 0.000000
vt 0.090000 -0.366519 0.000000
vt 0.015000 -0.183260 0.000000
vt 0.090000 -0.183260 0.000000
vt 0.015000 -0.000000 0.000000
vt 0.090000 -0.000000 0.000000
vt 0.015000 0.183260 0.000000
vt 0.090000 0.183260 0.000000
vt 0.015000 0.366519 0.000000
vt 0.090000 0.366519 0.000000
vt 0.015000 0.549779 0.000000
vt 0.090000 0.549779 0.000000
vt 0.015000 0.733038 0.000000
vt 0.090000 0.733038 0.000000
vt -1.290000 -0.183260 0.000000
vt -1.215000 -0.183260 0.000000
vt -1.290000 0.000000 0.000000
vt -1.215000 -0.000000 0.000000
vt -1.290000 0.183260 0.000000
vt -1.215000 0.183260 0.000000
vt -1.290000 0.366519 0.000000
vt -1.215000 0.366519 0.000000
vt -1.290000 0.549779 0.000000
vt -1.215000 0.549779 0.000000
vt -1.290000 0.733038 0.000000
vt -1.215000 0.733038 0.000000
vt -1.290000 0.916298 0.000000
vt -1.215000 0.916298 0.000000
vt -1.290000 1.099557 0.000000
vt -1.215000 1.099557 0.000000
vt -1.290000 1.282817 0.000000
vt -1.215000 1.282817 0.000000
vt -1.290000 1.466077 0.000000
vt -1.215000 1.466077 0.000000
vt -1.290000 1.649336 0.000000
vt -1.215000 1.649336 0.000000
vt -1.290000 1.832596 0.000000
vt -1.215000 1.832596 0.000000
vt -1.290000 2.015855 0.000000
vt -1.215000 2.015855 0.000000
vt -1.290000 2.199115 0.000000
vt -1.215000 2.199115 0.000000
vt -1.290000 -2.199115 0.000000
vt -1.215000 -2.199115 0.000000
vt -1.290000 -2.015855 0.000000
vt -1.215000 -2.015855 0.000000
vt -1.290000 -1.832596 0.000000
vt -1.215000 -1.832596 0.000000
vt -1.290000 -1.649336 0.000000
vt -1.215000 -1.649336 0.000000
vt -1.290000 -1.466077 0.000000
vt -1.215000 -1.466077 0.000000
vt -1.290000 -1.282817 0.000000
vt -1.215000 -1.282817 0.000000
vt -1.290000 -1.099557 0.000000
vt -1.215000 -1.099557 0.000000
vt -1.290000 -0.916298 0.000000
vt -1.215000 -0.916298 0.000000
vt -1.290000 -0.733038 0.000000
vt -1.215000 -0.733038 0.000000
vt -1.290000 -0.549779 0.000000
vt -1.215000 -0.549779 0.000000
vt -1.290000 -0.366519 0.000000
vt -1.215000 -0.366519 0.000000
vt -0.112114 -0.194168 0.000000
vt 0.000000 -0.194168 0.000000
vt -0.112114 0.000000 0.000000
vt -0.000000 0.000000 0.000000
vt -0.112114 0.194168 0.000000
vt 0.000000 0.194168 0.000000
vt -0.112114 0.388336 0.000000
vt 0.000000 0.388336 0.000000
vt -0.112114 0.582504 0.000000
vt 0.000000 0.582504 0.000000
vt -0.112114 0.776672 0.000000
vt 0.000000 0.776672 0.000000
vt -0.112114 0.970839 0.000000
vt -0.000000 0.970839 0.000000
vt -0.112114 1.165007 0.000000
vt 0.000000 1.165007 0.000000
vt -0.112114 1.359175 0.000000
vt -0.000000 1.359175 0.000000
vt -0.112114 1.553343 0.000000
vt 0.000000 1.553343 0.000000
vt -0.112114 1.747511 0.000000
vt 0.000000 1.747511 0.000000
vt -0.112114 1.941679 0.000000
vt 0.000000 1.941679 0.000000
vt -0.112114 2.135847 0.000000
vt 0.000000 2.135847 0.000000
vt -0.112114 2.330015 0.000000
vt -0.000000 2.330015 0.000000
vt -0.112114 -2.330015 0.000000
vt -0.000000 -2.330015 0.000000
vt -0.112114 -2.135847 0.000000
vt 0.000000 -2.135847 0.000000
vt -0.112114 -1.941679 0.000000
vt 0.000000 -1.941679 0.000000
vt -0.112114 -1.747511 0.000000
vt 0.000000 -1.747511 0.000000
vt -0.112114 -1.553343 0.000000
vt 0.000000 -1.553343 0.000000
vt -0.112114 -1.359175 0.000000
vt -0.000000 -1.359175 0.000000
vt -0.112114 -1.165007 0.000000
vt 0.000000 -1.165007 0.000000
vt -0.112114 -0.970839 0.000000
vt -0.000000 -0.970839 0.000000
vt -0.112114 -0.776672 0.000000
vt 0.000000 -0.776672 0.000000
vt -0.112114 -0.582504 0.000000
vt 0.000000 -0.582504 0.000000
vt -0.112114 -0.388336 0.000000
vt 0.000000 -0.388336 0.000000
vt -0.112114 -0.194168 0.000000
vt -0.000000 -0.194168 0.000000
vt -0.112114 -0.000000 0.000000
vt -0.000000 0.000000 0.000000
vt -0.112114 0.194168 0.000000
vt -0.000000 0.194168 0.000000
vt -0.112114 0.388336 0.000000
vt -0.000000 0.388336 0.000000
vt -0.112114 0.582504 0.000000
vt -0.000000 0.582504 0.000000
vt -0.112114 0.776672 0.000000
vt -0.000000 0.776672 0.000000
vt -0.112114 0.970839 0.000000
vt -0.000000 0.970839 0.000000
vt -0.112114 1.165007 0.000000
vt -0.000000 1.165007 0.000000
vt -0.112114 1.359175 0.000000
vt -0.000000 1.359175 0.000000
vt -0.112114 1.553343 0.000000
vt -0.000000 1.553343 0.000000
vt -0.112114 1.747511 0.000000
vt -0.000000 1.747511 0.000000
vt -0.112114 1.941679 0.000000
vt -0.000000 1.941679 0.000000
vt -0.112114 2.135847 0.000000
vt -0.000000 2.135847 0.000000
vt -0.112114 2.330015 0.000000
vt -0.000000 2.330015 0.000000
vt -0.112114 -2.330015 0.000000
vt -0.000000 -2.330015 0.000000
vt -0.112114 -2.135847 0.000000
vt -0.000000 -2.135847 0.000000
vt -0.112114 -1.941679 0.000000
vt -0.000000 -1.941679 0.000000
vt -0.112114 -1.747511 0.000000
vt -0.000000 -1.747511 0.000000
vt -0.112114 -1.553343 0.000000
vt -0.000000 -1.553343 0.000000
vt -0.112114 -1.359175 0.000000
vt -0.000000 -1.359175 0.000000
vt -0.112114 -1.165007 0.000000
vt -0.000000 -1.165007 0.000000
vt -0.112114 -0.970839 0.000000
vt -0.000000 -0.970839 0.000000
vt -0.112114 -0.776672 0.000000
vt -0.000000 -0.776672 0.000000
vt -0.112114 -0.582504 0.000000
vt -0.000000 -0.582504 0.000000
vt -0.112114 -0.388336 0.000000
vt -0.000000 -0.388336 0.000000
vt -0.210000 -0.223053 0.000000
vt -0.060000 0.000000 0.000000
vt -0.210000 0.000000 0.000000
vt -0.060000 0.223053 0.000000
vt -0.210000 0.223053 0.000000
vt -0.060000 0.446106 0.000000
vt -0.210000 0.446106 0.000000
vt -0.060000 0.669159 0.000000
vt -0.210000 0.669159 0.000000
vt -0.060000 0.892212 0.000000
vt -0.210000 0.892212 0.000000
vt -0.060000 1.115265 0.000000
vt -0.210000 1.115265 0.000000
vt -0.060000 1.338318 0.000000
vt -0.210000 1.338318 0.000000
vt -0.060000 1.561372 0.000000
vt -0.210000 1.561372 0.000000
vt -0.060000 1.784425 0.000000
vt -0.210000 1.784425 0.000000
vt -0.060000 2.007478 0.000000
vt -0.210000 2.007478 0.000000
vt -0.060000 2.230531 0.000000
vt -0.210000 2.230531 0.000000
vt -0.060000 2.453584 0.000000
vt -0.210000 2.453584 0.000000
vt -0.060000 2.676637 0.000000
vt -0.210000 2.676637 0.000000
vt -0.210000 -2.899690 0.000000
vt -0.060000 -2.899690 0.000000
vt -0.060000 -2.676637 0.000000
vt -0.210000 -2.676637 0.000000
vt -0.060000 -2.453584 0.000000
vt -0.210000 -2.453584 0.000000
vt -0.060000 -2.230531 0.000000
vt -0.210000 -2.230531 0.000000
vt -0.060000 -2.007478 0.000000
vt -0.210000 -2.007478 0.000000
vt -0.060000 -1.784425 0.000000
vt -0.210000 -1.784425 0.000000
vt -0.060000 -1.561372 0.000000
vt -0.210000 -1.561372 0.000000
vt -0.060000 -1.338318 0.000000
vt -0.210000 -1.338318 0.000000
vt -0.060000 -1.115265 0.000000
vt -0.210000 -1.115265 0.000000
vt -0.060000 -0.892212 0.000000
vt -0.210000 -0.892212 0.000000
vt -0.060000 -0.669159 0.000000
vt -0.210000 -0.669159 0.000000
vt -0.060000 -0.446106 0.000000
vt -0.210000 -0.446106 0.000000
vt -0.060000 -0.223053 0.000000
vt -1.140000 -0.223053 0.000000
vt -0.990000 0.000000 0.000000
vt -1.140000 0.000000 0.000000
vt -0.990000 0.223053 0.000000
vt -1.140000 0.223053 0.000000
vt -0.990000 0.446106 0.000000
vt -1.140000 0.446106 0.000000
vt -0.990000 0.669159 0.000000
vt -1.140000 0.669159 0.000000
vt -0.990000 0.892212 0.000000
vt -1.140000 0.892212 0.000000
vt -0.990000 1.115265 0.000000
vt -1.140000 1.115265 0.000000
vt -0.990000 1.338318 0.000000
vt -1.140000 1.338318 0.000000
vt -0.990000 1.561372 0.000000
vt -1.140000 1.561372 0.000000
vt -0.990000 1.784425 0.000000
vt -1.140000 1.784425 0.000000
vt -0.990000 2.007478 0.000000
vt -1.140000 2.007478 0.000000
vt -0.990000 2.230531 0.000000
vt -1.140000 2.230531 0.000000
vt -0.990000 2.453584 0.000000
vt -1.140000 2.453584 0.000000
vt -0.990000 2.676637 0.000000
vt -1.140000 2.676637 0.000000
vt -1.140000 -2.899690 0.000000
vt -0.990000 -2.899690 0.000000
vt -0.990000 -2.676637 0.000000
vt -1.140000 -2.676637 0.000000
vt -0.990000 -2.453584 0.000000
vt -1.140000 -2.453584 0.000000
vt -0.990000 -2.230531 0.000000
vt -1.140000 -2.230531 0.000000
vt -0.990000 -2.007478 0.000000
vt -1.140000 -2.007478 0.000000
vt -0.990000 -1.784425 0.000000
vt -1.140000 -1.784425 0.000000
vt -0.990000 -1.561372 0.000000
vt -1.140000 -1.561372 0.000000
vt -0.990000 -1.338318 0.000000
vt -1.140000 -1.338318 0.000000
vt -0.990000 -1.115265 0.000000
vt -1.140000 -1.115265 0.000000
vt -0.990000 -0.892212 0.000000
vt -1.140000 -0.892212 0.000000
vt -0.990000 -0.669159 0.000000
vt -1.140000 -0.669159 0.000000
vt -0.990000 -0.446106 0.000000
vt -1.140000 -0.446106 0.000000
vt -0.990000 -0.223053 0.000000
vt -0.990000 -0.229578 0.000000
vt -0.210000 0.000000 0.000000
vt -0.990000 0.000000 0.000000
vt -0.210000 0.229578 0.000000
vt -0.990000 0.229578 0.000000
vt -0.210000 0.459156 0.000000
vt -0.990000 0.459156 0.000000
vt -0.210000 0.688734 0.000000
vt -0.990000 0.688734 0.000000
vt -0.210000 0.918312 0.000000
vt -0.990000 0.918312 0.000000
vt -0.210000 1.147890 0.000000
vt -0.990000 1.147890 0.000000
vt -0.210000 1.377468 0.000000
vt -0.990000 1.377468 0.000000
vt -0.210000 1.607045 0.000000
vt -0.990000 1.607045 0.000000
vt -0.210000 1.836623 0.000000
vt -0.990000 1.836623 0.000000
vt -0.210000 2.066201 0.000000
vt -0.990000 2.066201 0.000000
vt -0.210000 2.295779 0.000000
vt -0.990000 2.295779 0.000000
vt -0.210000 2.525357 0.000000
vt -0.990000 2.525357 0.000000
vt -0.210000 2.754935 0.000000
vt -0.990000 2.754935 0.000000
vt -0.990000 2.984513 0.000000
vt -0.210000 2.984513 0.000000
vt -0.990000 -2.984513 0.000000
vt -0.210000 -2.984513 0.000000
vt -0.990000 -2.754935 0.000000
vt -0.210000 -2.754935 0.000000
vt -0.210000 -2.525357 0.000000
vt -0.210000 -0.229578 0.000000
vt -0.990000 -0.459156 0.000000
vt -0.210000 -0.459156 0.000000
vt -0.990000 -0.688734 0.000000
vt -0.210000 -0.688734 0.000000
vt -0.990000 -0.918312 0.000000
vt -0.210000 -0.918312 0.000000
vt -0.990000 -1.147890 0.000000
vt -0.210000 -1.147890 0.000000
vt -0.990000 -1.377468 0.000000
vt -0.210000 -1.377468 0.000000
vt -0.990000 -1.607045 0.000000
vt -0.210000 -1.607045 0.000000
vt -0.990000 -1.836623 0.000000
vt -0.210000 -1.836623 0.000000
vt -0.990000 -2.066201 0.000000
vt -0.210000 -2.066201 0.000000
vt -0.990000 -2.295779 0.000000
vt -0.210000 -2.295779 0.000000
vt -0.990000 -2.525357 0.000000
vt 1.425592 -1.643701 0.000000
vt 1.440000 -1.440000 0.000000
vt 1.000000 -1.440000 0.000000
vt 1.439545 -1.401545 0.000000
vt 1.436492 -1.339037 0.000000
vt 1.430118 -1.271032 0.000000
vt 0.970942 -1.200684 0.000000
vt 1.424912 -1.231625 0.000000
vt 1.379955 -1.028508 0.000000
vt 0.885456 -0.975277 0.000000
vt 1.290627 -0.801321 0.000000
vt 1.239169 -0.706445 0.000000
vt 1.219192 -0.673699 0.000000
vt 1.149009 -0.571973 0.000000
vt 0.748511 -0.776877 0.000000
vt 1.078745 -0.486071 0.000000
vt 0.948405 -0.356390 0.000000
vt 0.568065 -0.617016 0.000000
vt 0.844144 -0.273337 0.000000
vt 0.775785 -0.226812 0.000000
vt 0.759114 -0.216316 0.000000
vt 0.747174 -0.208994 0.000000
vt 0.670004 -0.165358 0.000000
vt 0.354605 -0.504984 0.000000
vt 0.515753 -0.095492 0.000000
vt 0.458509 -0.074918 0.000000
vt 0.424331 -0.063922 0.000000
vt 0.372322 -0.048885 0.000000
vt 0.348508 -0.042809 0.000000
vt 0.120537 -0.447291 0.000000
vt 0.178533 -0.011090 0.000000
vt -0.000000 -0.000000 0.000000
vt -0.120537 -0.447291 0.000000
vt -0.184304 -0.011837 0.000000
vt -0.360630 -0.045878 0.000000
vt -0.354605 -0.504984 0.000000
vt -0.526570 -0.099727 0.000000
vt -0.680319 -0.170824 0.000000
vt -0.568065 -0.617016 0.000000
vt -0.820419 -0.256561 0.000000
vt -0.946027 -0.354338 0.000000
vt -0.748511 -0.776877 0.000000
vt -1.056578 -0.461611 0.000000
vt -1.152000 -0.576000 0.000000
vt -0.885456 -0.975277 0.000000
vt -1.287970 -0.796015 0.000000
vt -1.382400 -1.036800 0.000000
vt -0.970942 -1.200684 0.000000
vt -1.392385 -1.072717 0.000000
vt -1.407594 -1.136024 0.000000
vt -1.420270 -1.202006 0.000000
vt -1.425592 -1.236299 0.000000
vt -1.000000 -1.440000 0.000000
vt -1.440000 -1.440000 0.000000
vt -1.439545 -1.478453 0.000000
vt -1.436492 -1.540963 0.000000
vt -1.430118 -1.608969 0.000000
vt -0.970942 -1.679316 0.000000
vt -1.424912 -1.648375 0.000000
vt -1.379955 -1.851492 0.000000
vt -0.885456 -1.904723 0.000000
vt -1.290627 -2.078679 0.000000
vt -1.239169 -2.173555 0.000000
vt -1.219192 -2.206301 0.000000
vt -1.149009 -2.308027 0.000000
vt -0.748511 -2.103123 0.000000
vt -1.078745 -2.393929 0.000000
vt -0.948405 -2.523610 0.000000
vt -0.568065 -2.262984 0.000000
vt -0.844144 -2.606663 0.000000
vt -0.775785 -2.653188 0.000000
vt -0.759114 -2.663684 0.000000
vt -0.747174 -2.671006 0.000000
vt -0.670004 -2.714642 0.000000
vt -0.354605 -2.375016 0.000000
vt -0.515753 -2.784508 0.000000
vt -0.458509 -2.805082 0.000000
vt -0.424330 -2.816078 0.000000
vt -0.372322 -2.831115 0.000000
vt -0.348508 -2.837191 0.000000
vt -0.120537 -2.432709 0.000000
vt -0.178533 -2.868910 0.000000
vt 0.000000 -2.880000 0.000000
vt 0.120537 -2.432709 0.000000
vt 0.184282 -2.868153 0.000000
vt 0.360630 -2.834122 0.000000
vt 0.354605 -2.375016 0.000000
vt 0.526570 -2.780273 0.000000
vt 0.680319 -2.709176 0.000000
vt 0.568065 -2.262984 0.000000
vt 0.820419 -2.623440 0.000000
vt 0.946027 -2.525662 0.000000
vt 0.748511 -2.103123 0.000000
vt 1.056592 -2.418382 0.000000
vt 1.152000 -2.304000 0.000000
vt 0.885456 -1.904723 0.000000
vt 1.287970 -2.083985 0.000000
vt 1.382400 -1.843200 0.000000
vt 0.970942 -1.679316 0.000000
vt 1.392385 -1.807283 0.000000
vt 1.407594 -1.743975 0.000000
vt 1.420270 -1.677994 0.000000
vt 0.184304 -2.428163 0.000000
vt 0.120537 -1.992709 0.000000
vt -0.000000 -2.440000 0.000000
vt -0.120537 -1.992709 0.000000
vt -0.178533 -2.428910 0.000000
vt -0.348508 -2.397191 0.000000
vt -0.354605 -1.935016 0.000000
vt -0.372322 -2.391115 0.000000
vt -0.424331 -2.376078 0.000000
vt -0.458509 -2.365082 0.000000
vt -0.515753 -2.344508 0.000000
vt -0.670004 -2.274642 0.000000
vt -0.568065 -1.822984 0.000000
vt -0.747174 -2.231006 0.000000
vt -0.759114 -2.223684 0.000000
vt -0.775785 -2.213188 0.000000
vt -0.844144 -2.166663 0.000000
vt -0.948405 -2.083610 0.000000
vt -0.748511 -1.663123 0.000000
vt -1.078745 -1.953929 0.000000
vt -1.149009 -1.868027 0.000000
vt -0.885456 -1.464723 0.000000
vt -1.219192 -1.766301 0.000000
vt -1.239169 -1.733555 0.000000
vt -1.290627 -1.638679 0.000000
vt -1.379955 -1.411492 0.000000
vt -0.970942 -1.239316 0.000000
vt -1.424912 -1.208375 0.000000
vt -1.430118 -1.168968 0.000000
vt -1.000000 -1.000000 0.000000
vt -1.436492 -1.100963 0.000000
vt -1.439545 -1.038455 0.000000
vt -1.440000 -1.000000 0.000000
vt -1.412331 -0.719070 0.000000
vt -0.970942 -0.760684 0.000000
vt -1.330387 -0.448936 0.000000
vt -0.885456 -0.535277 0.000000
vt -1.197316 -0.199979 0.000000
vt -0.748511 -0.336877 0.000000
vt -1.018234 0.018234 0.000000
vt -0.568065 -0.177016 0.000000
vt -0.800021 0.197316 0.000000
vt -0.551064 0.330387 0.000000
vt -0.354605 -0.064984 0.000000
vt -0.280930 0.412331 0.000000
vt -0.120537 -0.007291 0.000000
vt -0.000000 0.440000 0.000000
vt 0.120537 -0.007291 0.000000
vt 0.280930 0.412331 0.000000
vt 0.354605 -0.064984 0.000000
vt 0.551064 0.330387 0.000000
vt 0.568065 -0.177016 0.000000
vt 0.800021 0.197316 0.000000
vt 1.018234 0.018234 0.000000
vt 0.748511 -0.336877 0.000000
vt 1.197316 -0.199979 0.000000
vt 0.885456 -0.535277 0.000000
vt 1.330387 -0.448936 0.000000
vt 0.970942 -0.760684 0.000000
vt 1.412331 -0.719070 0.000000
vt 1.000000 -1.000000 0.000000
vt 1.440000 -1.000000 0.000000
vt 1.425592 -1.203701 0.000000
vt 0.970942 -1.239316 0.000000
vt 1.420270 -1.237994 0.000000
vt 1.407594 -1.303976 0.000000
vt 1.392385 -1.367283 0.000000
vt 1.382400 -1.403200 0.000000
vt 0.885456 -1.464723 0.000000
vt 1.287970 -1.643985 0.000000
vt 1.152000 -1.864000 0.000000
vt 0.748511 -1.663123 0.000000
vt 1.056578 -1.978389 0.000000
vt 0.946027 -2.085662 0.000000
vt 0.568065 -1.822984 0.000000
vt 0.820419 -2.183439 0.000000
vt 0.680319 -2.269176 0.000000
vt 0.354605 -1.935016 0.000000
vt 0.526570 -2.340273 0.000000
vt 0.360630 -2.394122 0.000000
vt 0.970942 -0.760684 0.000000
vt 0.969971 -0.760924 0.000000
vt 1.000000 -1.000000 0.000000
vt 0.999000 -1.000000 0.000000
vt 0.969971 -1.239076 0.000000
vt 0.884571 -0.535742 0.000000
vt 0.885456 -0.535277 0.000000
vt 0.747762 -0.337540 0.000000
vt 0.748511 -0.336877 0.000000
vt 0.567497 -0.177839 0.000000
vt 0.568065 -0.177016 0.000000
vt 0.354250 -0.065919 0.000000
vt 0.354605 -0.064984 0.000000
vt 0.120416 -0.008284 0.000000
vt 0.120537 -0.007291 0.000000
vt -0.120537 -0.007291 0.000000
vt -0.120416 -0.008284 0.000000
vt -0.354605 -0.064984 0.000000
vt -0.354250 -0.065919 0.000000
vt -0.568065 -0.177016 0.000000
vt -0.567497 -0.177839 0.000000
vt -0.748511 -0.336877 0.000000
vt -0.747762 -0.337540 0.000000
vt -0.885456 -0.535277 0.000000
vt -0.884571 -0.535742 0.000000
vt -0.970942 -0.760684 0.000000
vt -0.969971 -0.760924 0.000000
vt -1.000000 -1.000000 0.000000
vt -0.999000 -1.000000 0.000000
vt -0.969971 -1.239076 0.000000
vt -0.970942 -1.239316 0.000000
vt -0.884571 -1.464258 0.000000
vt -0.885456 -1.464723 0.000000
vt -0.747762 -1.662460 0.000000
vt -0.748511 -1.663123 0.000000
vt -0.567497 -1.822161 0.000000
vt -0.568065 -1.822984 0.000000
vt -0.354250 -1.934081 0.000000
vt -0.354605 -1.935016 0.000000
vt -0.120416 -1.991716 0.000000
vt -0.120537 -1.992709 0.000000
vt 0.120537 -1.992709 0.000000
vt 0.120416 -1.991716 0.000000
vt 0.354605 -1.935016 0.000000
vt 0.354250 -1.934081 0.000000
vt 0.568065 -1.822984 0.000000
vt 0.567497 -1.822161 0.000000
vt 0.748511 -1.663123 0.000000
vt 0.747762 -1.662460 0.000000
vt 0.885456 -1.464723 0.000000
vt 0.884571 -1.464258 0.000000
vt 0.970942 -1.239316 0.000000
vt -0.970942 -1.126816 0.000000
vt -0.969971 -1.126576 0.000000
vt -1.000000 -0.887500 0.000000
vt -0.999000 -0.887500 0.000000
vt -0.969971 -0.648424 0.000000
vt -0.884571 -1.351758 0.000000
vt -0.885456 -1.352223 0.000000
vt -0.747762 -1.549960 0.000000
vt -0.748511 -1.550623 0.000000
vt -0.567497 -1.709661 0.000000
vt -0.568065 -1.710484 0.000000
vt -0.354250 -1.821581 0.000000
vt -0.354605 -1.822516 0.000000
vt -0.120416 -1.879216 0.000000
vt -0.120537 -1.880209 0.000000
vt 0.120537 -1.880209 0.000000
vt 0.120416 -1.879216 0.000000
vt 0.354605 -1.822516 0.000000
vt 0.354250 -1.821581 0.000000
vt 0.568065 -1.710484 0.000000
vt 0.567497 -1.709661 0.000000
vt 0.748511 -1.550623 0.000000
vt 0.747762 -1.549960 0.000000
vt 0.885456 -1.352223 0.000000
vt 0.884571 -1.351758 0.000000
vt 0.970942 -1.126816 0.000000
vt 0.969971 -1.126576 0.000000
vt 1.000000 -0.887500 0.000000
vt 0.999000 -0.887500 0.000000
vt 0.969971 -0.648424 0.000000
vt 0.970942 -0.648184 0.000000
vt 0.884571 -0.423242 0.000000
vt 0.885456 -0.422777 0.000000
vt 0.747762 -0.225040 0.000000
vt 0.748511 -0.224377 0.000000
vt 0.567497 -0.065339 0.000000
vt 0.568065 -0.064516 0.000000
vt 0.354250 0.046581 0.000000
vt 0.354605 0.047516 0.000000
vt 0.120416 0.104216 0.000000
vt 0.120537 0.105209 0.000000
vt -0.120537 0.105209 0.000000
vt -0.120416 0.104216 0.000000
vt -0.354605 0.047516 0.000000
vt -0.354250 0.046581 0.000000
vt -0.568065 -0.064516 0.000000
vt -0.567497 -0.065339 0.000000
vt -0.748511 -0.224377 0.000000
vt -0.747762 -0.225040 0.000000
vt -0.885456 -0.422777 0.000000
vt -0.884571 -0.423242 0.000000
vt -0.970942 -0.648184 0.000000
vt 0.969971 -1.238076 0.000000
vt 0.999000 -0.999000 0.000000
vt 0.924250 -0.999000 0.000000
vt 0.969971 -0.759924 0.000000
vt 0.895213 -0.769148 0.000000
vt 0.884571 -0.534742 0.000000
vt 0.809926 -0.553739 0.000000
vt 0.747762 -0.336540 0.000000
vt 0.673749 -0.366307 0.000000
vt 0.567497 -0.176839 0.000000
vt 0.495238 -0.218630 0.000000
vt 0.354250 -0.064919 0.000000
vt 0.285609 -0.119986 0.000000
vt 0.120416 -0.007284 0.000000
vt 0.058034 -0.076574 0.000000
vt -0.120416 -0.007284 0.000000
vt -0.173187 -0.091121 0.000000
vt -0.354250 -0.064919 0.000000
vt -0.393527 -0.162714 0.000000
vt -0.567497 -0.176839 0.000000
vt -0.589139 -0.286853 0.000000
vt -0.747762 -0.336540 0.000000
vt -0.747734 -0.455739 0.000000
vt -0.884571 -0.534742 0.000000
vt -0.859346 -0.658761 0.000000
vt -0.969971 -0.759924 0.000000
vt -0.916962 -0.883161 0.000000
vt -0.999000 -0.999000 0.000000
vt -0.916962 -1.114839 0.000000
vt -0.969971 -1.238076 0.000000
vt -0.859346 -1.339239 0.000000
vt -0.884571 -1.463258 0.000000
vt -0.747734 -1.542261 0.000000
vt -0.747762 -1.661460 0.000000
vt -0.589139 -1.711147 0.000000
vt -0.567497 -1.821161 0.000000
vt -0.393527 -1.835286 0.000000
vt -0.354250 -1.933081 0.000000
vt -0.173187 -1.906879 0.000000
vt -0.120416 -1.990716 0.000000
vt 0.058034 -1.921426 0.000000
vt 0.120416 -1.990716 0.000000
vt 0.285609 -1.878014 0.000000
vt 0.354250 -1.933081 0.000000
vt 0.495238 -1.779370 0.000000
vt 0.567497 -1.821161 0.000000
vt 0.673749 -1.631693 0.000000
vt 0.747762 -1.661460 0.000000
vt 0.809926 -1.444261 0.000000
vt 0.884571 -1.463258 0.000000
vt 0.895213 -1.228852 0.000000
vt -0.969971 -1.163326 0.000000
vt -0.916962 -1.040089 0.000000
vt -0.999000 -0.924250 0.000000
vt -0.916962 -0.808411 0.000000
vt -0.969971 -0.685174 0.000000
vt -0.859346 -0.584011 0.000000
vt -0.884571 -0.459992 0.000000
vt -0.747734 -0.380989 0.000000
vt -0.747762 -0.261790 0.000000
vt -0.589139 -0.212103 0.000000
vt -0.567497 -0.102089 0.000000
vt -0.393527 -0.087964 0.000000
vt -0.354250 0.009831 0.000000
vt -0.173187 -0.016371 0.000000
vt -0.120416 0.067466 0.000000
vt 0.058034 -0.001824 0.000000
vt 0.120416 0.067466 0.000000
vt 0.285609 -0.045236 0.000000
vt 0.354250 0.009831 0.000000
vt 0.495238 -0.143880 0.000000
vt 0.567497 -0.102089 0.000000
vt 0.673749 -0.291557 0.000000
vt 0.747762 -0.261790 0.000000
vt 0.809926 -0.478989 0.000000
vt 0.884571 -0.459992 0.000000
vt 0.895213 -0.694398 0.000000
vt 0.969971 -0.685174 0.000000
vt 0.924250 -0.924250 0.000000
vt 0.999000 -0.924250 0.000000
vt 0.969971 -1.163326 0.000000
vt 0.895213 -1.154102 0.000000
vt 0.884571 -1.388508 0.000000
vt 0.809926 -1.369511 0.000000
vt 0.747762 -1.586710 0.000000
vt 0.673749 -1.556943 0.000000
vt 0.567497 -1.746411 0.000000
vt 0.495238 -1.704620 0.000000
vt 0.354250 -1.858331 0.000000
vt 0.285609 -1.803264 0.000000
vt 0.120416 -1.915966 0.000000
vt 0.058034 -1.846676 0.000000
vt -0.120416 -1.915966 0.000000
vt -0.173187 -1.832129 0.000000
vt -0.354250 -1.858331 0.000000
vt -0.393527 -1.760536 0.000000
vt -0.567497 -1.746411 0.000000
vt -0.589139 -1.636397 0.000000
vt -0.747762 -1.586710 0.000000
vt -0.747734 -1.467511 0.000000
vt -0.884571 -1.388508 0.000000
vt -0.859346 -1.264489 0.000000
vt -0.859618 -0.562621 0.000000
vt -0.887500 -0.783333 0.000000
vt -0.783333 -0.783333 0.000000
vt -0.859618 -1.004046 0.000000
vt -0.756642 -0.986075 0.000000
vt -0.777722 -1.210890 0.000000
vt -0.678387 -1.175000 0.000000
vt -0.646960 -1.390869 0.000000
vt -0.553900 -1.337234 0.000000
vt -0.475546 -1.532674 0.000000
vt -0.391667 -1.461720 0.000000
vt -0.274253 -1.627396 0.000000
vt -0.202742 -1.539975 0.000000
vt -0.055727 -1.669082 0.000000
vt 0.000000 -1.566667 0.000000
vt 0.166301 -1.655113 0.000000
vt 0.202742 -1.539975 0.000000
vt 0.377879 -1.586367 0.000000
vt 0.391667 -1.461720 0.000000
vt 0.565714 -1.467164 0.000000
vt 0.553900 -1.337234 0.000000
vt 0.718003 -1.304993 0.000000
vt 0.678387 -1.175000 0.000000
vt 0.825177 -1.110044 0.000000
vt 0.756642 -0.986075 0.000000
vt 0.880502 -0.894567 0.000000
vt 0.783333 -0.783333 0.000000
vt 0.880502 -0.672100 0.000000
vt 0.756642 -0.580592 0.000000
vt 0.825177 -0.456623 0.000000
vt 0.678387 -0.391667 0.000000
vt 0.718003 -0.261674 0.000000
vt 0.553900 -0.229433 0.000000
vt 0.565714 -0.099503 0.000000
vt 0.391667 -0.104947 0.000000
vt 0.377879 0.019701 0.000000
vt 0.202742 -0.026691 0.000000
vt 0.166301 0.088447 0.000000
vt 0.000000 -0.000000 0.000000
vt -0.055727 0.102415 0.000000
vt -0.202742 -0.026691 0.000000
vt -0.274253 0.060729 0.000000
vt -0.391667 -0.104947 0.000000
vt -0.475546 -0.033992 0.000000
vt -0.553900 -0.229433 0.000000
vt -0.646960 -0.175798 0.000000
vt -0.678387 -0.391667 0.000000
vt -0.777722 -0.355777 0.000000
vt -0.756642 -0.580592 0.000000
vt 0.859618 -1.219712 0.000000
vt 0.887500 -0.999000 0.000000
vt 0.783333 -0.999000 0.000000
vt 0.859618 -0.778288 0.000000
vt 0.756642 -0.796258 0.000000
vt 0.777722 -0.571444 0.000000
vt 0.678387 -0.607333 0.000000
vt 0.646960 -0.391464 0.000000
vt 0.553900 -0.445100 0.000000
vt 0.475546 -0.249659 0.000000
vt 0.391667 -0.320613 0.000000
vt 0.274253 -0.154937 0.000000
vt 0.202742 -0.242358 0.000000
vt 0.055727 -0.113251 0.000000
vt 0.000000 -0.215667 0.000000
vt -0.166301 -0.127220 0.000000
vt -0.202742 -0.242358 0.000000
vt -0.377879 -0.195966 0.000000
vt -0.391667 -0.320613 0.000000
vt -0.565714 -0.315169 0.000000
vt -0.553900 -0.445100 0.000000
vt -0.718003 -0.477341 0.000000
vt -0.678387 -0.607333 0.000000
vt -0.825177 -0.672289 0.000000
vt -0.756642 -0.796258 0.000000
vt -0.880502 -0.887767 0.000000
vt -0.783333 -0.999000 0.000000
vt -0.880502 -1.110233 0.000000
vt -0.756642 -1.201742 0.000000
vt -0.825177 -1.325711 0.000000
vt -0.678387 -1.390667 0.000000
vt -0.718003 -1.520659 0.000000
vt -0.553900 -1.552900 0.000000
vt -0.565714 -1.682831 0.000000
vt -0.391667 -1.677387 0.000000
vt -0.377879 -1.802034 0.000000
vt -0.202742 -1.755642 0.000000
vt -0.166301 -1.870780 0.000000
vt -0.000000 -1.782333 0.000000
vt 0.055727 -1.884749 0.000000
vt 0.202742 -1.755642 0.000000
vt 0.274253 -1.843063 0.000000
vt 0.391667 -1.677387 0.000000
vt 0.475546 -1.748341 0.000000
vt 0.553900 -1.552900 0.000000
vt 0.646960 -1.606536 0.000000
vt 0.678387 -1.390667 0.000000
vt 0.777722 -1.426556 0.000000
vt 0.756642 -1.201742 0.000000
vt -0.922395 -0.660150 0.000000
vt -0.950000 -0.887500 0.000000
vt -0.887500 -0.887500 0.000000
vt -0.922395 -1.114850 0.000000
vt -0.859618 -1.108212 0.000000
vt -0.841183 -1.328987 0.000000
vt -0.777722 -1.315056 0.000000
vt -0.711085 -1.517467 0.000000
vt -0.646960 -1.495036 0.000000
vt -0.539662 -1.669335 0.000000
vt -0.475546 -1.636841 0.000000
vt -0.336875 -1.775765 0.000000
vt -0.274253 -1.731563 0.000000
vt -0.114510 -1.830573 0.000000
vt -0.055727 -1.773249 0.000000
vt 0.114510 -1.830573 0.000000
vt 0.166301 -1.759280 0.000000
vt 0.336875 -1.775765 0.000000
vt 0.377879 -1.690534 0.000000
vt 0.539662 -1.669335 0.000000
vt 0.565714 -1.571331 0.000000
vt 0.711085 -1.517467 0.000000
vt 0.718003 -1.409159 0.000000
vt 0.841183 -1.328987 0.000000
vt 0.825177 -1.214211 0.000000
vt 0.922395 -1.114850 0.000000
vt 0.880502 -0.998733 0.000000
vt 0.950000 -0.887500 0.000000
vt 0.880502 -0.776267 0.000000
vt 0.922395 -0.660150 0.000000
vt 0.825177 -0.560789 0.000000
vt 0.841183 -0.446013 0.000000
vt 0.718003 -0.365841 0.000000
vt 0.711085 -0.257533 0.000000
vt 0.565714 -0.203669 0.000000
vt 0.539662 -0.105665 0.000000
vt 0.377879 -0.084466 0.000000
vt 0.336875 0.000765 0.000000
vt 0.166301 -0.015720 0.000000
vt 0.114510 0.055573 0.000000
vt -0.055727 -0.001751 0.000000
vt -0.114510 0.055573 0.000000
vt -0.274253 -0.043437 0.000000
vt -0.336875 0.000765 0.000000
vt -0.475546 -0.138159 0.000000
vt -0.539662 -0.105665 0.000000
vt -0.646960 -0.279964 0.000000
vt -0.711085 -0.257533 0.000000
vt -0.777722 -0.459944 0.000000
vt -0.841183 -0.446013 0.000000
vt -0.859618 -0.666788 0.000000
vt 0.922395 -1.177350 0.000000
vt 0.950000 -0.950000 0.000000
vt 0.887500 -0.950000 0.000000
vt 0.922395 -0.722650 0.000000
vt 0.859618 -0.729288 0.000000
vt 0.841183 -0.508513 0.000000
vt 0.777722 -0.522444 0.000000
vt 0.711085 -0.320033 0.000000
vt 0.646960 -0.342464 0.000000
vt 0.539662 -0.168165 0.000000
vt 0.475546 -0.200659 0.000000
vt 0.336875 -0.061735 0.000000
vt 0.274253 -0.105937 0.000000
vt 0.114510 -0.006927 0.000000
vt 0.055727 -0.064251 0.000000
vt -0.114510 -0.006927 0.000000
vt -0.166301 -0.078220 0.000000
vt -0.336875 -0.061735 0.000000
vt -0.377879 -0.146966 0.000000
vt -0.539662 -0.168165 0.000000
vt -0.565714 -0.266169 0.000000
vt -0.711085 -0.320033 0.000000
vt -0.718003 -0.428341 0.000000
vt -0.841183 -0.508513 0.000000
vt -0.825177 -0.623289 0.000000
vt -0.922395 -0.722650 0.000000
vt -0.880502 -0.838767 0.000000
vt -0.950000 -0.950000 0.000000
vt -0.880502 -1.061233 0.000000
vt -0.922395 -1.177350 0.000000
vt -0.825177 -1.276711 0.000000
vt -0.841183 -1.391487 0.000000
vt -0.718003 -1.471659 0.000000
vt -0.711085 -1.579967 0.000000
vt -0.565714 -1.633831 0.000000
vt -0.539662 -1.731835 0.000000
vt -0.377879 -1.753034 0.000000
vt -0.336875 -1.838265 0.000000
vt -0.166301 -1.821780 0.000000
vt -0.114510 -1.893073 0.000000
vt 0.055727 -1.835749 0.000000
vt 0.114510 -1.893073 0.000000
vt 0.274253 -1.794063 0.000000
vt 0.336875 -1.838265 0.000000
vt 0.475546 -1.699341 0.000000
vt 0.539662 -1.731835 0.000000
vt 0.646960 -1.557536 0.000000
vt 0.711085 -1.579967 0.000000
vt 0.777722 -1.377556 0.000000
vt 0.841183 -1.391487 0.000000
vt 0.859618 -1.170712 0.000000
vn 0.000000 -0.071233 0.070185
vn 0.000000 -0.071233 0.070185
vn 0.000000 -0.083556 0.054939
vn 0.000000 -0.083556 0.054939
vn 0.000000 -0.092669 0.037583
vn 0.000000 -0.092669 0.037583
vn 0.000000 -0.098220 0.018782
vn 0.000000 -0.098220 0.018782
vn 0.000000 -0.099997 -0.000741
vn 0.000000 -0.099997 -0.000741
vn 0.000000 -0.097931 -0.020235
vn 0.000000 -0.097931 -0.020235
vn 0.000000 -0.092102 -0.038952
vn 0.000000 -0.092102 -0.038952
vn 0.000000 -0.082733 -0.056172
vn 0.000000 -0.082733 -0.056172
vn -0.000000 -0.070185 -0.071233
vn -0.000000 -0.070185 -0.071233
vn -0.000000 -0.054939 -0.083556
vn -0.000000 -0.054939 -0.083556
vn -0.000000 -0.037583 -0.092669
vn -0.000000 -0.037583 -0.092669
vn -0.000000 -0.018782 -0.098220
vn -0.000000 -0.018782 -0.098220
vn -0.000000 0.000741 -0.099997
vn -0.000000 0.000741 -0.099997
vn -0.000000 0.020235 -0.097931
vn -0.000000 0.020235 -0.097931
vn -0.000000 0.038952 -0.092102
vn -0.000000 0.038952 -0.092102
vn -0.000000 0.056172 -0.082733
vn -0.000000 0.056172 -0.082733
vn -0.000000 0.071233 -0.070185
vn -0.000000 0.071233 -0.070185
vn -0.000000 0.083556 -0.054939
vn -0.000000 0.083556 -0.054939
vn -0.000000 0.092669 -0.037583
vn -0.000000 0.092669 -0.037583
vn -0.000000 0.098220 -0.018782
vn -0.000000 0.098220 -0.018782
vn -0.000000 0.099997 0.000741
vn -0.000000 0.099997 0.000741
vn -0.000000 0.097931 0.020235
vn -0.000000 0.097931 0.020235
vn -0.000000 0.092102 0.038952
vn -0.000000 0.092102 0.038952
vn -0.000000 0.082733 0.056172
vn -0.000000 0.082733 0.056172
vn 0.000000 0.070185 0.071233
vn 0.000000 0.070185 0.071233
vn 0.000000 0.054939 0.083556
vn 0.000000 0.054939 0.083556
vn 0.000000 0.037583 0.092669
vn 0.000000 0.037583 0.092669
vn 0.000000 0.018782 0.098220
vn 0.000000 0.018782 0.098220
vn 0.000000 -0.000741 0.099997
vn 0.000000 -0.000741 0.099997
vn 0.000000 -0.020235 0.097931
vn 0.000000 -0.020235 0.097931
vn 0.000000 -0.038952 0.092102
vn 0.000000 -0.038952 0.092102
vn 0.000000 -0.056172 0.082733
vn 0.000000 -0.056172 0.082733
vn -0.100000 0.000056 0.000080
vn -0.100000 -0.000000 -0.000000
vn -0.096595 0.014214 0.021618
vn -0.100000 0.000051 0.000109
vn -0.096595 0.009724 0.023976
vn -0.100000 0.000048 0.000110
vn -0.100000 0.000026 0.000066
vn -0.100000 0.000006 0.000018
vn -0.100000 -0.000000 0.000000
vn -0.096595 0.004859 0.025412
vn -0.100000 -0.000001 -0.000010
vn -0.096595 -0.000192 0.025872
vn -0.100000 -0.000000 0.000000
vn -0.096595 -0.005235 0.025337
vn -0.100000 -0.000000 0.000002
vn -0.100000 -0.000005 0.000017
vn -0.096595 -0.010078 0.023829
vn -0.100000 -0.000004 0.000009
vn -0.100000 -0.000011 0.000020
vn -0.096595 -0.014533 0.021405
vn -0.100000 -0.000003 0.000004
vn -0.100000 -0.000012 0.000013
vn -0.096595 -0.018430 0.018159
vn -0.100000 -0.000008 0.000007
vn -0.096595 -0.021618 0.014214
vn -0.100000 -0.000000 0.000000
vn -0.100000 -0.000030 0.000015
vn -0.096595 -0.023976 0.009724
vn -0.100000 0.000000 -0.000000
vn -0.100000 -0.000124 0.000041
vn -0.100000 -0.000027 0.000008
vn -0.096595 -0.025412 0.004859
vn -0.086606 -0.049104 0.009390
vn -0.086606 -0.049992 -0.000370
vn -0.070715 -0.070705 -0.000524
vn -0.070715 -0.069244 -0.014308
vn -0.050003 -0.084809 -0.017524
vn -0.050003 -0.079761 -0.033732
vn -0.025884 -0.088963 -0.037624
vn -0.025884 -0.079914 -0.054257
vn -0.025884 -0.067793 -0.068805
vn -0.025884 -0.053067 -0.080709
vn -0.025884 -0.036302 -0.089511
vn -0.025884 -0.018142 -0.094873
vn -0.025884 0.000716 -0.096589
vn -0.025884 0.019546 -0.094594
vn -0.025884 0.037624 -0.088963
vn -0.025884 0.054257 -0.079914
vn -0.025884 0.068805 -0.067793
vn -0.025884 0.080709 -0.053067
vn -0.050003 0.072360 -0.047578
vn -0.050003 0.080252 -0.032547
vn -0.070715 0.065523 -0.026573
vn -0.050003 0.085059 -0.016265
vn -0.070715 0.069448 -0.013280
vn -0.050003 0.086598 0.000642
vn -0.070715 0.070705 0.000524
vn -0.050003 0.084809 0.017524
vn -0.070715 0.069244 0.014308
vn -0.050003 0.079761 0.033732
vn -0.070715 0.065122 0.027541
vn -0.050003 0.071647 0.048645
vn -0.070715 0.058498 0.039717
vn -0.050003 0.060780 0.061688
vn -0.070715 0.049625 0.050366
vn -0.070715 0.038846 0.059080
vn -0.086606 0.027466 0.041772
vn -0.086606 0.018789 0.046328
vn -0.086606 0.009390 0.049104
vn -0.086606 -0.000370 0.049992
vn -0.086606 -0.010116 0.048959
vn -0.086606 -0.019473 0.046045
vn -0.086606 -0.028082 0.041361
vn -0.086606 -0.035611 0.035088
vn -0.086606 -0.041772 0.027466
vn -0.086606 -0.046328 0.018789
vn -0.100000 -0.000044 0.000012
vn -0.100000 -0.000059 0.000013
vn -0.100000 -0.000010 0.000001
vn -0.096595 -0.025872 -0.000192
vn -0.100000 -0.000026 0.000001
vn -0.100000 -0.000032 0.000001
vn -0.100000 -0.000038 0.000000
vn -0.100000 -0.000047 -0.000002
vn -0.100000 -0.000047 -0.000007
vn -0.096595 -0.025337 -0.005235
vn -0.100000 -0.000040 -0.000011
vn -0.096595 -0.023829 -0.010078
vn -0.100000 -0.000050 -0.000018
vn -0.100000 -0.000024 -0.000011
vn -0.100000 -0.000022 -0.000011
vn -0.100000 -0.000014 -0.000008
vn -0.096595 -0.021405 -0.014533
vn -0.100000 -0.000001 -0.000001
vn -0.096595 -0.018159 -0.018430
vn -0.100000 -0.000075 -0.000084
vn -0.100000 -0.000070 -0.000083
vn -0.096595 -0.014214 -0.021618
vn -0.100000 -0.000036 -0.000047
vn -0.100000 -0.000056 -0.000080
vn -0.100000 -0.000000 0.000000
vn -0.100000 -0.000051 -0.000109
vn -0.096595 -0.009724 -0.023976
vn -0.100000 -0.000048 -0.000110
vn -0.100000 -0.000026 -0.000066
vn -0.100000 -0.000006 -0.000018
vn -0.100000 -0.000000 -0.000000
vn -0.096595 -0.004859 -0.025412
vn -0.100000 0.000001 0.000010
vn -0.096595 0.000192 -0.025872
vn -0.100000 -0.000000 0.000000
vn -0.096595 0.005235 -0.025337
vn -0.100000 0.000002 -0.000010
vn -0.100000 0.000005 -0.000017
vn -0.096595 0.010078 -0.023829
vn -0.100000 0.000004 -0.000009
vn -0.100000 0.000011 -0.000020
vn -0.096595 0.014533 -0.021405
vn -0.100000 0.000003 -0.000004
vn -0.100000 0.000012 -0.000013
vn -0.096595 0.018430 -0.018159
vn -0.100000 -0.000009 0.000008
vn -0.096595 0.021618 -0.014214
vn -0.100000 0.000000 -0.000000
vn -0.100000 0.000030 -0.000015
vn -0.096595 0.023976 -0.009724
vn -0.100000 -0.000000 0.000000
vn -0.100000 0.000124 -0.000041
vn -0.100000 0.000027 -0.000008
vn -0.096595 0.025412 -0.004859
vn -0.086606 0.049104 -0.009390
vn -0.086606 0.049992 0.000370
vn -0.100000 0.000044 -0.000012
vn -0.100000 0.000059 -0.000013
vn -0.100000 0.000010 -0.000001
vn -0.096595 0.025872 0.000192
vn -0.100000 0.000026 -0.000001
vn -0.100000 0.000032 -0.000001
vn -0.100000 0.000038 -0.000000
vn -0.100000 0.000047 0.000002
vn -0.100000 0.000047 0.000007
vn -0.096595 0.025337 0.005235
vn -0.100000 0.000040 0.000011
vn -0.096595 0.023829 0.010078
vn -0.100000 0.000050 0.000018
vn -0.100000 0.000024 0.000011
vn -0.100000 0.000022 0.000011
vn -0.100000 0.000014 0.000008
vn -0.096595 0.021405 0.014533
vn -0.100000 0.000001 0.000001
vn -0.096595 0.018159 0.018430
vn -0.100000 0.000075 0.000084
vn -0.100000 0.000070 0.000083
vn -0.100000 0.000036 0.000047
vn -0.025884 -0.094594 -0.019546
vn -0.050003 -0.086598 -0.000642
vn -0.070715 -0.069448 0.013280
vn -0.025884 -0.096589 -0.000716
vn -0.050003 -0.085059 0.016265
vn -0.070715 -0.065523 0.026573
vn -0.025884 -0.094873 0.018142
vn -0.050003 -0.080252 0.032547
vn -0.070715 -0.059080 0.038846
vn -0.025884 -0.089511 0.036302
vn -0.050003 -0.072360 0.047578
vn -0.070715 -0.050366 0.049625
vn -0.025884 -0.080709 0.053067
vn -0.050003 -0.061688 0.060780
vn -0.070715 -0.039717 0.058498
vn -0.025884 -0.068805 0.067793
vn -0.050003 -0.048645 0.071647
vn -0.070715 -0.027541 0.065122
vn -0.025884 -0.054257 0.079914
vn -0.050003 -0.033732 0.079761
vn -0.070715 -0.014308 0.069244
vn -0.025884 -0.037624 0.088963
vn -0.050003 -0.017524 0.084809
vn -0.070715 -0.000524 0.070705
vn -0.025884 -0.019546 0.094594
vn -0.050003 -0.000642 0.086598
vn -0.070715 0.013280 0.069448
vn -0.025884 -0.000716 0.096589
vn -0.050003 0.016265 0.085059
vn -0.070715 0.026573 0.065523
vn -0.025884 0.018142 0.094873
vn -0.050003 0.032547 0.080252
vn -0.050003 0.047578 0.072360
vn -0.025884 0.036302 0.089511
vn -0.025884 0.053067 0.080709
vn -0.025884 0.067793 0.068805
vn -0.025884 0.079914 0.054257
vn -0.025884 0.088963 0.037624
vn -0.025884 0.094594 0.019546
vn -0.025884 0.096589 0.000716
vn -0.025884 0.094873 -0.018142
vn -0.025884 0.089511 -0.036302
vn -0.086606 -0.027466 -0.041772
vn -0.086606 -0.035088 -0.035611
vn -0.086606 -0.041361 -0.028082
vn -0.086606 -0.046045 -0.019473
vn -0.086606 -0.048959 -0.010116
vn -0.070715 -0.038846 -0.059080
vn -0.070715 -0.049625 -0.050366
vn -0.070715 -0.058498 -0.039717
vn -0.070715 -0.065122 -0.027541
vn -0.086606 -0.018789 -0.046328
vn -0.086606 -0.009390 -0.049104
vn -0.086606 0.000370 -0.049992
vn -0.086606 0.010116 -0.048959
vn -0.086606 0.019473 -0.046045
vn -0.086606 0.028082 -0.041361
vn -0.086606 0.035611 -0.035088
vn -0.050003 -0.047578 -0.072360
vn -0.050003 -0.060780 -0.061688
vn -0.050003 -0.071647 -0.048645
vn -0.070715 -0.026573 -0.065523
vn -0.070715 -0.013280 -0.069448
vn -0.070715 0.000524 -0.070705
vn -0.070715 0.014308 -0.069244
vn -0.070715 0.027541 -0.065122
vn -0.070715 0.039717 -0.058498
vn -0.070715 0.050366 -0.049625
vn -0.086606 0.041772 -0.027466
vn -0.050003 -0.032547 -0.080252
vn -0.050003 -0.016265 -0.085059
vn -0.050003 0.000642 -0.086598
vn -0.050003 0.017524 -0.084809
vn -0.050003 0.033732 -0.079761
vn -0.050003 0.048645 -0.071647
vn -0.050003 0.061688 -0.060780
vn -0.070715 0.059080 -0.038846
vn -0.086606 0.046328 -0.018789
vn -0.086606 0.035088 0.035611
vn -0.086606 0.041361 0.028082
vn -0.086606 0.046045 0.019473
vn -0.086606 0.048959 0.010116
vn 0.025884 -0.089511 0.036302
vn 0.025884 -0.080709 0.053067
vn 0.025884 -0.068805 0.067793
vn 0.025884 -0.054257 0.079914
vn 0.025884 -0.037624 0.088963
vn 0.025884 -0.019546 0.094594
vn 0.025884 -0.000716 0.096589
vn 0.025884 0.018142 0.094873
vn 0.025884 0.036302 0.089511
vn 0.025884 0.053067 0.080709
vn 0.025884 0.067793 0.068805
vn 0.025884 0.079914 0.054257
vn 0.025884 0.088963 0.037624
vn 0.025884 0.094594 0.019546
vn 0.025884 0.096589 0.000716
vn 0.025884 0.094873 -0.018142
vn 0.025884 0.089511 -0.036302
vn 0.025884 0.080709 -0.053067
vn 0.025884 0.068805 -0.067793
vn 0.025884 0.054257 -0.079914
vn 0.025884 0.037624 -0.088963
vn 0.025884 0.019546 -0.094594
vn 0.025884 0.000716 -0.096589
vn 0.025884 -0.018142 -0.094873
vn 0.025884 -0.036302 -0.089511
vn 0.025884 -0.053067 -0.080709
vn 0.025884 -0.067793 -0.068805
vn 0.025884 -0.079914 -0.054257
vn 0.025884 -0.088963 -0.037624
vn 0.025884 -0.094594 -0.019546
vn 0.025884 -0.096589 -0.000716
vn 0.025884 -0.094873 0.018142
vn 0.100000 -0.000000 -0.000000
vn 0.096595 -0.018159 -0.018430
vn 0.100000 0.000000 -0.000000
vn 0.096595 -0.014215 -0.021619
vn 0.100000 -0.000051 -0.000083
vn 0.100000 -0.000029 -0.000051
vn 0.100000 -0.000048 -0.000097
vn 0.096595 -0.009724 -0.023977
vn 0.100000 -0.000048 -0.000102
vn 0.100000 -0.000000 -0.000001
vn 0.096595 -0.004860 -0.025413
vn 0.100000 -0.000002 -0.000016
vn 0.096595 0.000192 -0.025873
vn 0.100000 -0.000001 -0.000024
vn 0.100000 -0.000001 -0.000027
vn 0.100000 0.000003 -0.000053
vn 0.100000 0.000006 -0.000041
vn 0.096595 0.005236 -0.025338
vn 0.100000 0.000013 -0.000046
vn 0.096595 0.010078 -0.023830
vn 0.100000 0.000017 -0.000044
vn 0.100000 0.000016 -0.000035
vn 0.100000 0.000014 -0.000029
vn 0.100000 0.000011 -0.000024
vn 0.100000 0.000005 -0.000009
vn 0.096595 0.014534 -0.021406
vn 0.100000 0.000035 -0.000049
vn 0.100000 0.000028 -0.000036
vn 0.100000 0.000018 -0.000021
vn 0.096595 0.018430 -0.018159
vn 0.100000 0.000087 -0.000098
vn 0.100000 -0.000000 0.000000
vn 0.100000 0.000025 -0.000021
vn 0.096595 0.021619 -0.014215
vn 0.100000 0.000000 -0.000000
vn 0.100000 0.000009 -0.000004
vn 0.096595 0.023977 -0.009724
vn 0.100000 0.000016 -0.000006
vn 0.096595 0.025413 -0.004860
vn 0.100000 0.000005 -0.000001
vn 0.100000 0.000023 -0.000002
vn 0.096595 0.025873 0.000192
vn 0.100000 0.000010 0.000000
vn 0.100000 0.000017 0.000002
vn 0.096595 0.025338 0.005236
vn 0.100000 0.000002 0.000000
vn 0.100000 0.000000 -0.000000
vn 0.096595 0.023830 0.010078
vn 0.100000 -0.000009 -0.000005
vn 0.096595 0.021406 0.014534
vn 0.100000 0.000000 -0.000000
vn 0.096595 0.018159 0.018430
vn 0.100000 0.000014 0.000012
vn 0.100000 0.000051 0.000050
vn 0.100000 0.000081 0.000088
vn 0.100000 0.000080 0.000090
vn 0.096595 0.014215 0.021619
vn 0.100000 0.000000 -0.000000
vn 0.100000 0.000000 0.000000
vn 0.096595 0.009724 0.023977
vn 0.100000 0.000000 0.000000
vn 0.096595 0.004860 0.025413
vn 0.100000 0.000000 0.000000
vn 0.096595 -0.000192 0.025873
vn 0.100000 0.000000 0.000000
vn 0.096595 -0.005236 0.025338
vn 0.100000 -0.000000 0.000000
vn 0.096595 -0.010078 0.023830
vn 0.100000 -0.000000 0.000000
vn 0.096595 -0.014534 0.021406
vn 0.100000 -0.000000 0.000000
vn 0.096595 -0.018430 0.018159
vn 0.100000 -0.000000 0.000000
vn 0.096595 -0.021619 0.014215
vn 0.100000 -0.000000 0.000000
vn 0.096595 -0.023977 0.009724
vn 0.100000 -0.000000 -0.000000
vn 0.096595 -0.025413 0.004860
vn 0.100000 -0.000000 -0.000000
vn 0.096595 -0.025873 -0.000192
vn 0.100000 -0.000000 -0.000000
vn 0.096595 -0.025338 -0.005236
vn 0.100000 -0.000000 -0.000000
vn 0.096595 -0.023830 -0.010078
vn 0.100000 -0.000000 -0.000000
vn 0.096595 -0.021406 -0.014534
vn 0.050003 0.072360 -0.047578
vn 0.050003 0.061688 -0.060781
vn 0.050003 0.048645 -0.071648
vn 0.050003 0.033733 -0.079761
vn 0.050003 0.017524 -0.084809
vn 0.050003 0.000642 -0.086598
vn 0.050003 -0.016265 -0.085060
vn 0.050003 -0.032547 -0.080252
vn 0.050003 -0.047578 -0.072360
vn 0.050003 -0.060781 -0.061688
vn 0.050003 -0.071648 -0.048645
vn 0.050003 -0.079761 -0.033733
vn 0.050003 -0.084809 -0.017524
vn 0.050003 -0.086598 -0.000642
vn 0.050003 -0.085060 0.016265
vn 0.050003 -0.080252 0.032547
vn 0.050003 -0.072360 0.047578
vn 0.050003 -0.061688 0.060781
vn 0.050003 -0.048645 0.071648
vn 0.050003 -0.033733 0.079761
vn 0.050003 -0.017524 0.084809
vn 0.050003 -0.000642 0.086598
vn 0.050003 0.016265 0.085060
vn 0.050003 0.032547 0.080252
vn 0.050003 0.047578 0.072360
vn 0.050003 0.060781 0.061688
vn 0.050003 0.071648 0.048645
vn 0.050003 0.079761 0.033733
vn 0.050003 0.084809 0.017524
vn 0.050003 0.086598 0.000642
vn 0.050003 0.085060 -0.016265
vn 0.050003 0.080252 -0.032547
vn 0.070714 0.059080 -0.038846
vn 0.070714 0.050366 -0.049626
vn 0.070714 0.039717 -0.058498
vn 0.070714 0.027542 -0.065123
vn 0.070714 0.014308 -0.069244
vn 0.070714 0.000524 -0.070705
vn 0.070714 -0.013280 -0.069449
vn 0.070714 -0.026574 -0.065523
vn 0.070714 -0.038846 -0.059080
vn 0.070714 -0.049626 -0.050366
vn 0.070714 -0.058498 -0.039717
vn 0.070714 -0.065123 -0.027542
vn 0.070714 -0.069244 -0.014308
vn 0.070714 -0.070705 -0.000524
vn 0.070714 -0.069449 0.013280
vn 0.070714 -0.065523 0.026574
vn 0.070714 -0.059080 0.038846
vn 0.070714 -0.050366 0.049626
vn 0.070714 -0.039717 0.058498
vn 0.070714 -0.027542 0.065123
vn 0.070714 -0.014308 0.069244
vn 0.070714 -0.000524 0.070705
vn 0.070714 0.013280 0.069449
vn 0.070714 0.026574 0.065523
vn 0.070714 0.038846 0.059080
vn 0.070714 0.049626 0.050366
vn 0.070714 0.058498 0.039717
vn 0.070714 0.065123 0.027542
vn 0.070714 0.069244 0.014308
vn 0.070714 0.070705 0.000524
vn 0.070714 0.069449 -0.013280
vn 0.070714 0.065523 -0.026574
vn 0.086606 0.041773 -0.027466
vn 0.086606 0.035612 -0.035088
vn 0.086606 0.028082 -0.041362
vn 0.086606 0.019474 -0.046046
vn 0.086606 0.010116 -0.048960
vn 0.086606 0.000370 -0.049993
vn 0.086606 -0.009390 -0.049104
vn 0.086606 -0.018789 -0.046329
vn 0.086606 -0.027466 -0.041773
vn 0.086606 -0.035088 -0.035612
vn 0.086606 -0.041362 -0.028082
vn 0.086606 -0.046046 -0.019474
vn 0.086606 -0.048960 -0.010116
vn 0.086606 -0.049993 -0.000370
vn 0.086606 -0.049104 0.009390
vn 0.086606 -0.046329 0.018789
vn 0.086606 -0.041773 0.027466
vn 0.086606 -0.035612 0.035088
vn 0.086606 -0.028082 0.041362
vn 0.086606 -0.019474 0.046046
vn 0.086606 -0.010116 0.048960
vn 0.086606 -0.000370 0.049993
vn 0.086606 0.009390 0.049104
vn 0.086606 0.018789 0.046329
vn 0.086606 0.027466 0.041773
vn 0.086606 0.035088 0.035612
vn 0.086606 0.041362 0.028082
vn 0.086606 0.046046 0.019474
vn 0.086606 0.048960 0.010116
vn 0.086606 0.049993 0.000370
vn 0.086606 0.049104 -0.009390
vn 0.086606 0.046329 -0.018789
vn 0.000000 0.033347 0.094276
vn 0.000000 0.033347 0.094276
vn 0.000000 0.054939 0.083556
vn 0.000000 0.054939 0.083556
vn 0.000000 0.073339 0.067980
vn 0.000000 0.073339 0.067980
vn -0.000000 0.087477 0.048454
vn -0.000000 0.087477 0.048454
vn -0.000000 0.096531 0.026111
vn -0.000000 0.096531 0.026111
vn -0.000000 0.099975 0.002251
vn -0.000000 0.099975 0.002251
vn -0.000000 0.097608 -0.021740
vn -0.000000 0.097608 -0.021740
vn -0.000000 0.089569 -0.044467
vn -0.000000 0.089569 -0.044467
vn -0.000000 0.076325 -0.064610
vn -0.000000 0.076325 -0.064610
vn -0.000000 0.058645 -0.080999
vn -0.000000 0.058645 -0.080999
vn -0.000000 0.037556 -0.092680
vn -0.000000 0.037556 -0.092680
vn -0.000000 0.014285 -0.098974
vn -0.000000 0.014285 -0.098974
vn -0.000000 -0.009816 -0.099517
vn -0.000000 -0.009816 -0.099517
vn -0.000000 -0.033347 -0.094276
vn -0.000000 -0.033347 -0.094276
vn -0.000000 -0.054939 -0.083556
vn -0.000000 -0.054939 -0.083556
vn -0.000000 -0.073339 -0.067980
vn -0.000000 -0.073339 -0.067980
vn 0.000000 -0.087477 -0.048454
vn 0.000000 -0.087477 -0.048454
vn 0.000000 -0.096531 -0.026111
vn 0.000000 -0.096531 -0.026111
vn 0.000000 -0.099975 -0.002251
vn 0.000000 -0.099975 -0.002251
vn 0.000000 -0.097608 0.021740
vn 0.000000 -0.097608 0.021740
vn 0.000000 -0.089569 0.044467
vn 0.000000 -0.089569 0.044467
vn 0.000000 -0.076325 0.064610
vn 0.000000 -0.076325 0.064610
vn 0.000000 -0.058645 0.080999
vn 0.000000 -0.058645 0.080999
vn 0.000000 -0.037556 0.092680
vn 0.000000 -0.037556 0.092680
vn 0.000000 -0.014285 0.098974
vn 0.000000 -0.014285 0.098974
vn 0.000000 0.009816 0.099517
vn 0.000000 0.009816 0.099517
vn 0.000000 0.033347 0.094276
vn 0.000000 0.033347 0.094276
vn 0.000000 0.054939 0.083556
vn 0.000000 0.054939 0.083556
vn 0.000000 0.073339 0.067980
vn 0.000000 0.073339 0.067980
vn -0.000000 0.087477 0.048454
vn -0.000000 0.087477 0.048454
vn -0.000000 0.096531 0.026111
vn -0.000000 0.096531 0.026111
vn -0.000000 0.099975 0.002251
vn -0.000000 0.099975 0.002251
vn -0.000000 0.097608 -0.021740
vn -0.000000 0.097608 -0.021740
vn -0.000000 0.089569 -0.044467
vn -0.000000 0.089569 -0.044467
vn -0.000000 0.076325 -0.064610
vn -0.000000 0.076325 -0.064610
vn -0.000000 0.058645 -0.080999
vn -0.000000 0.058645 -0.080999
vn -0.000000 0.037556 -0.092680
vn -0.000000 0.037556 -0.092680
vn -0.000000 0.014285 -0.098974
vn -0.000000 0.014285 -0.098974
vn -0.000000 -0.009816 -0.099517
vn -0.000000 -0.009816 -0.099517
vn -0.000000 -0.033347 -0.094276
vn -0.000000 -0.033347 -0.094276
vn -0.000000 -0.054939 -0.083556
vn -0.000000 -0.054939 -0.083556
vn -0.000000 -0.073339 -0.067980
vn -0.000000 -0.073339 -0.067980
vn 0.000000 -0.087477 -0.048454
vn 0.000000 -0.087477 -0.048454
vn 0.000000 -0.096531 -0.026111
vn 0.000000 -0.096531 -0.026111
vn 0.000000 -0.099975 -0.002251
vn 0.000000 -0.099975 -0.002251
vn 0.000000 -0.097608 0.021740
vn 0.000000 -0.097608 0.021740
vn 0.000000 -0.089569 0.044467
vn 0.000000 -0.089569 0.044467
vn 0.000000 -0.076325 0.064610
vn 0.000000 -0.076325 0.064610
vn 0.000000 -0.058645 0.080999
vn 0.000000 -0.058645 0.080999
vn 0.000000 -0.037556 0.092680
vn 0.000000 -0.037556 0.092680
vn 0.000000 -0.014285 0.098974
vn 0.000000 -0.014285 0.098974
vn 0.000000 0.009816 0.099517
vn 0.000000 0.009816 0.099517
vn -0.000000 -0.073339 -0.067980
vn -0.000000 -0.073339 -0.067980
vn -0.000000 -0.054939 -0.083556
vn -0.000000 -0.054939 -0.083556
vn -0.000000 -0.033347 -0.094276
vn -0.000000 -0.033347 -0.094276
vn -0.000000 -0.009816 -0.099517
vn -0.000000 -0.009816 -0.099517
vn -0.000000 0.014285 -0.098974
vn -0.000000 0.014285 -0.098974
vn -0.000000 0.037556 -0.092680
vn -0.000000 0.037556 -0.092680
vn -0.000000 0.058645 -0.080999
vn -0.000000 0.058645 -0.080999
vn -0.000000 0.076325 -0.064610
vn -0.000000 0.076325 -0.064610
vn -0.000000 0.089569 -0.044467
vn -0.000000 0.089569 -0.044467
vn -0.000000 0.097608 -0.021740
vn -0.000000 0.097608 -0.021740
vn -0.000000 0.099975 0.002251
vn -0.000000 0.099975 0.002251
vn -0.000000 0.096531 0.026111
vn -0.000000 0.096531 0.026111
vn -0.000000 0.087477 0.048454
vn -0.000000 0.087477 0.048454
vn 0.000000 0.073339 0.067980
vn 0.000000 0.073339 0.067980
vn 0.000000 0.054939 0.083556
vn 0.000000 0.054939 0.083556
vn 0.000000 0.033347 0.094276
vn 0.000000 0.033347 0.094276
vn 0.000000 0.009816 0.099517
vn 0.000000 0.009816 0.099517
vn 0.000000 -0.014285 0.098974
vn 0.000000 -0.014285 0.098974
vn 0.000000 -0.037556 0.092680
vn 0.000000 -0.037556 0.092680
vn 0.000000 -0.058645 0.080999
vn 0.000000 -0.058645 0.080999
vn 0.000000 -0.076325 0.064610
vn 0.000000 -0.076325 0.064610
vn 0.000000 -0.089569 0.044467
vn 0.000000 -0.089569 0.044467
vn 0.000000 -0.097608 0.021740
vn 0.000000 -0.097608 0.021740
vn 0.000000 -0.099975 -0.002251
vn 0.000000 -0.099975 -0.002251
vn 0.000000 -0.096531 -0.026111
vn 0.000000 -0.096531 -0.026111
vn 0.000000 -0.087477 -0.048454
vn 0.000000 -0.087477 -0.048454
vn -0.000000 -0.073339 -0.067980
vn -0.000000 -0.073339 -0.067980
vn -0.000000 -0.054939 -0.083556
vn -0.000000 -0.054939 -0.083556
vn -0.000000 -0.033347 -0.094276
vn -0.000000 -0.033347 -0.094276
vn -0.000000 -0.009816 -0.099517
vn -0.000000 -0.009816 -0.099517
vn -0.000000 0.014285 -0.098974
vn -0.000000 0.014285 -0.098974
vn -0.000000 0.037556 -0.092680
vn -0.000000 0.037556 -0.092680
vn -0.000000 0.058645 -0.080999
vn -0.000000 0.058645 -0.080999
vn -0.000000 0.076325 -0.064610
vn -0.000000 0.076325 -0.064610
vn -0.000000 0.089569 -0.044467
vn -0.000000 0.089569 -0.044467
vn -0.000000 0.097608 -0.021740
vn -0.000000 0.097608 -0.021740
vn -0.000000 0.099975 0.002251
vn -0.000000 0.099975 0.002251
vn -0.000000 0.096531 0.026111
vn -0.000000 0.096531 0.026111
vn -0.000000 0.087477 0.048454
vn -0.000000 0.087477 0.048454
vn 0.000000 0.073339 0.067980
vn 0.000000 0.073339 0.067980
vn 0.000000 0.054939 0.083556
vn 0.000000 0.054939 0.083556
vn 0.000000 0.033347 0.094276
vn 0.000000 0.033347 0.094276
vn 0.000000 0.009816 0.099517
vn 0.000000 0.009816 0.099517
vn 0.000000 -0.014285 0.098974
vn 0.000000 -0.014285 0.098974
vn 0.000000 -0.037556 0.092680
vn 0.000000 -0.037556 0.092680
vn 0.000000 -0.058645 0.080999
vn 0.000000 -0.058645 0.080999
vn 0.000000 -0.076325 0.064610
vn 0.000000 -0.076325 0.064610
vn 0.000000 -0.089569 0.044467
vn 0.000000 -0.089569 0.044467
vn 0.000000 -0.097608 0.021740
vn 0.000000 -0.097608 0.021740
vn 0.000000 -0.099975 -0.002251
vn 0.000000 -0.099975 -0.002251
vn 0.000000 -0.096531 -0.026111
vn 0.000000 -0.096531 -0.026111
vn 0.000000 -0.087477 -0.048454
vn 0.000000 -0.087477 -0.048454
vn -0.070593 0.022270 0.067237
vn -0.070593 0.022972 0.067000
vn -0.070593 0.038913 0.059182
vn -0.070593 0.038913 0.059182
vn -0.070593 0.052408 0.047645
vn -0.070593 0.005589 0.070608
vn -0.070593 0.004109 0.070709
vn -0.070593 -0.012146 0.069779
vn -0.070593 -0.014332 0.069363
vn -0.070593 -0.029118 0.064566
vn -0.070593 -0.031796 0.063290
vn -0.070593 -0.044260 0.055297
vn -0.070593 -0.047094 0.052904
vn -0.070593 -0.056622 0.042552
vn -0.070593 -0.059182 0.038913
vn -0.070593 -0.065425 0.027134
vn -0.070593 -0.067237 0.022270
vn -0.070593 -0.070118 0.010011
vn -0.070593 -0.070709 0.004109
vn -0.070593 -0.070404 -0.007741
vn -0.070593 -0.069363 -0.014332
vn -0.070593 -0.066267 -0.025007
vn -0.070593 -0.063290 -0.031796
vn -0.070593 -0.057967 -0.040701
vn -0.070593 -0.052904 -0.047094
vn -0.070593 -0.046023 -0.053838
vn -0.070593 -0.038913 -0.059182
vn -0.070593 -0.031189 -0.063592
vn -0.070593 -0.022270 -0.067237
vn -0.070593 -0.014394 -0.069351
vn -0.070593 -0.004109 -0.070709
vn -0.070593 0.003305 -0.070751
vn -0.070593 0.014332 -0.069363
vn -0.070593 0.020796 -0.067707
vn -0.070593 0.031796 -0.063290
vn -0.070593 0.036981 -0.060408
vn -0.070593 0.047094 -0.052904
vn -0.070593 0.050842 -0.049313
vn -0.070593 0.059182 -0.038913
vn -0.070593 0.061508 -0.035120
vn -0.070593 0.067237 -0.022270
vn -0.070593 0.068310 -0.018720
vn -0.070593 0.070709 -0.004109
vn -0.070593 0.070819 -0.001144
vn -0.070593 0.069363 0.014332
vn -0.070593 0.068879 0.016504
vn -0.070593 0.063290 0.031796
vn -0.070593 0.062611 0.033115
vn -0.070593 0.052904 0.047094
vn 0.070593 -0.047094 0.052904
vn 0.070593 -0.050842 0.049313
vn 0.070593 -0.059182 0.038913
vn 0.070593 -0.061508 0.035120
vn 0.070593 -0.067237 0.022270
vn 0.070593 -0.068310 0.018720
vn 0.070593 -0.070709 0.004109
vn 0.070593 -0.070819 0.001144
vn 0.070593 -0.069363 -0.014332
vn 0.070593 -0.068879 -0.016504
vn 0.070593 -0.063290 -0.031796
vn 0.070593 -0.062611 -0.033115
vn 0.070593 -0.052904 -0.047094
vn 0.070593 -0.052408 -0.047645
vn 0.070593 -0.038913 -0.059182
vn 0.070593 -0.038913 -0.059182
vn 0.070593 -0.022972 -0.067000
vn 0.070593 -0.036981 0.060408
vn 0.070593 -0.031796 0.063290
vn 0.070593 -0.020796 0.067707
vn 0.070593 -0.014332 0.069363
vn 0.070593 -0.003305 0.070751
vn 0.070593 0.004109 0.070709
vn 0.070593 0.014394 0.069351
vn 0.070593 0.022270 0.067237
vn 0.070593 0.031189 0.063592
vn 0.070593 0.038913 0.059182
vn 0.070593 0.046023 0.053838
vn 0.070593 0.052904 0.047094
vn 0.070593 0.057967 0.040701
vn 0.070593 0.063290 0.031796
vn 0.070593 0.066267 0.025007
vn 0.070593 0.069363 0.014332
vn 0.070593 0.070404 0.007741
vn 0.070593 0.070709 -0.004109
vn 0.070593 0.070118 -0.010011
vn 0.070593 0.067237 -0.022270
vn 0.070593 0.065425 -0.027134
vn 0.070593 0.059182 -0.038913
vn 0.070593 0.056622 -0.042552
vn 0.070593 0.047094 -0.052904
vn 0.070593 0.044260 -0.055297
vn 0.070593 0.031796 -0.063290
vn 0.070593 0.029118 -0.064566
vn 0.070593 0.014332 -0.069363
vn 0.070593 0.012146 -0.069779
vn 0.070593 -0.004109 -0.070709
vn 0.070593 -0.005589 -0.070608
vn 0.070593 -0.022270 -0.067237
vn -0.089383 0.014099 0.042567
vn -0.089383 0.014099 0.042567
vn -0.089383 0.024635 0.037467
vn -0.089383 0.024635 0.037467
vn -0.089383 0.033493 0.029815
vn -0.089383 0.033493 0.029815
vn -0.089383 0.040069 0.020130
vn -0.089383 0.040069 0.020130
vn -0.089383 0.043913 0.009074
vn -0.089383 0.043913 0.009074
vn -0.089383 0.044765 -0.002601
vn -0.089383 0.044765 -0.002601
vn -0.089383 0.042567 -0.014099
vn -0.089383 0.042567 -0.014099
vn -0.089383 0.037467 -0.024635
vn -0.089383 0.037467 -0.024635
vn -0.089383 0.029815 -0.033493
vn -0.089383 0.029815 -0.033493
vn -0.089383 0.020130 -0.040069
vn -0.089383 0.020130 -0.040069
vn -0.089383 0.009074 -0.043913
vn -0.089383 0.009074 -0.043913
vn -0.089383 -0.002601 -0.044765
vn -0.089383 -0.002601 -0.044765
vn -0.089383 -0.014099 -0.042567
vn -0.089383 -0.014099 -0.042567
vn -0.089383 -0.024635 -0.037467
vn -0.089383 -0.024635 -0.037467
vn -0.089383 -0.033493 -0.029815
vn -0.089383 -0.033493 -0.029815
vn -0.089383 -0.040069 -0.020130
vn -0.089383 -0.040069 -0.020130
vn -0.089383 -0.043913 -0.009074
vn -0.089383 -0.043913 -0.009074
vn -0.089383 -0.044765 0.002601
vn -0.089383 -0.044765 0.002601
vn -0.089383 -0.042567 0.014099
vn -0.089383 -0.042567 0.014099
vn -0.089383 -0.037467 0.024635
vn -0.089383 -0.037467 0.024635
vn -0.089383 -0.029815 0.033493
vn -0.089383 -0.029815 0.033493
vn -0.089383 -0.020130 0.040069
vn -0.089383 -0.020130 0.040069
vn -0.089383 -0.009074 0.043913
vn -0.089383 -0.009074 0.043913
vn -0.089383 0.002601 0.044765
vn -0.089383 0.002601 0.044765
vn 0.089383 -0.033493 -0.029815
vn 0.089383 -0.033493 -0.029815
vn 0.089383 -0.024635 -0.037467
vn 0.089383 -0.024635 -0.037467
vn 0.089383 -0.014099 -0.042567
vn 0.089383 -0.014099 -0.042567
vn 0.089383 -0.002601 -0.044765
vn 0.089383 -0.002601 -0.044765
vn 0.089383 0.009074 -0.043913
vn 0.089383 0.009074 -0.043913
vn 0.089383 0.020130 -0.040069
vn 0.089383 0.020130 -0.040069
vn 0.089383 0.029815 -0.033493
vn 0.089383 0.029815 -0.033493
vn 0.089383 0.037467 -0.024635
vn 0.089383 0.037467 -0.024635
vn 0.089383 0.042567 -0.014099
vn 0.089383 0.042567 -0.014099
vn 0.089383 0.044765 -0.002601
vn 0.089383 0.044765 -0.002601
vn 0.089383 0.043913 0.009074
vn 0.089383 0.043913 0.009074
vn 0.089383 0.040069 0.020130
vn 0.089383 0.040069 0.020130
vn 0.089383 0.033493 0.029815
vn 0.089383 0.033493 0.029815
vn 0.089383 0.024635 0.037467
vn 0.089383 0.024635 0.037467
vn 0.089383 0.014099 0.042567
vn 0.089383 0.014099 0.042567
vn 0.089383 0.002601 0.044765
vn 0.089383 0.002601 0.044765
vn 0.089383 -0.009074 0.043913
vn 0.089383 -0.009074 0.043913
vn 0.089383 -0.020130 0.040069
vn 0.089383 -0.020130 0.040069
vn 0.089383 -0.029815 0.033493
vn 0.089383 -0.029815 0.033493
vn 0.089383 -0.037467 0.024635
vn 0.089383 -0.037467 0.024635
vn 0.089383 -0.042567 0.014099
vn 0.089383 -0.042567 0.014099
vn 0.089383 -0.044765 0.002601
vn 0.089383 -0.044765 0.002601
vn 0.089383 -0.043913 -0.009074
vn 0.089383 -0.043913 -0.009074
vn 0.089383 -0.040069 -0.020130
vn 0.089383 -0.040069 -0.020130
vn -0.000000 0.094929 -0.031441
vn -0.000000 0.094929 -0.031441
vn -0.000000 0.083556 -0.054939
vn -0.000000 0.083556 -0.054939
vn -0.000000 0.066490 -0.074693
vn -0.000000 0.066490 -0.074693
vn -0.000000 0.044892 -0.089357
vn -0.000000 0.044892 -0.089357
vn -0.000000 0.020235 -0.097931
vn -0.000000 0.020235 -0.097931
vn -0.000000 -0.005801 -0.099832
vn -0.000000 -0.005801 -0.099832
vn -0.000000 -0.031441 -0.094929
vn -0.000000 -0.031441 -0.094929
vn -0.000000 -0.054939 -0.083556
vn -0.000000 -0.054939 -0.083556
vn -0.000000 -0.074693 -0.066490
vn -0.000000 -0.074693 -0.066490
vn 0.000000 -0.089357 -0.044892
vn 0.000000 -0.089357 -0.044892
vn 0.000000 -0.097931 -0.020235
vn 0.000000 -0.097931 -0.020235
vn 0.000000 -0.099832 0.005801
vn 0.000000 -0.099832 0.005801
vn 0.000000 -0.094929 0.031441
vn 0.000000 -0.094929 0.031441
vn 0.000000 -0.083556 0.054939
vn 0.000000 -0.083556 0.054939
vn 0.000000 -0.066490 0.074693
vn 0.000000 -0.066490 0.074693
vn 0.000000 -0.044892 0.089357
vn 0.000000 -0.044892 0.089357
vn 0.000000 -0.020235 0.097931
vn 0.000000 -0.020235 0.097931
vn 0.000000 0.005801 0.099832
vn 0.000000 0.005801 0.099832
vn 0.000000 0.031441 0.094929
vn 0.000000 0.031441 0.094929
vn 0.000000 0.054939 0.083556
vn 0.000000 0.054939 0.083556
vn 0.000000 0.074693 0.066490
vn 0.000000 0.074693 0.066490
vn -0.000000 0.089357 0.044892
vn -0.000000 0.089357 0.044892
vn -0.000000 0.097931 0.020235
vn -0.000000 0.097931 0.020235
vn -0.000000 0.099832 -0.005801
vn -0.000000 0.099832 -0.005801
vn 0.000000 0.031441 0.094929
vn 0.000000 0.031441 0.094929
vn 0.000000 0.054939 0.083556
vn 0.000000 0.054939 0.083556
vn 0.000000 0.074693 0.066490
vn 0.000000 0.074693 0.066490
vn -0.000000 0.089357 0.044892
vn -0.000000 0.089357 0.044892
vn -0.000000 0.097931 0.020235
vn -0.000000 0.097931 0.020235
vn -0.000000 0.099832 -0.005801
vn -0.000000 0.099832 -0.005801
vn -0.000000 0.094929 -0.031441
vn -0.000000 0.094929 -0.031441
vn -0.000000 0.083556 -0.054939
vn -0.000000 0.083556 -0.054939
vn -0.000000 0.066490 -0.074693
vn -0.000000 0.066490 -0.074693
vn -0.000000 0.044892 -0.089357
vn -0.000000 0.044892 -0.089357
vn -0.000000 0.020235 -0.097931
vn -0.000000 0.020235 -0.097931
vn -0.000000 -0.005801 -0.099832
vn -0.000000 -0.005801 -0.099832
vn -0.000000 -0.031441 -0.094929
vn -0.000000 -0.031441 -0.094929
vn -0.000000 -0.054939 -0.083556
vn -0.000000 -0.054939 -0.083556
vn -0.000000 -0.074693 -0.066490
vn -0.000000 -0.074693 -0.066490
vn 0.000000 -0.089357 -0.044892
vn 0.000000 -0.089357 -0.044892
vn 0.000000 -0.097931 -0.020235
vn 0.000000 -0.097931 -0.020235
vn 0.000000 -0.099832 0.005801
vn 0.000000 -0.099832 0.005801
vn 0.000000 -0.094929 0.031441
vn 0.000000 -0.094929 0.031441
vn 0.000000 -0.083556 0.054939
vn 0.000000 -0.083556 0.054939
vn 0.000000 -0.066490 0.074693
vn 0.000000 -0.066490 0.074693
vn 0.000000 -0.044892 0.089357
vn 0.000000 -0.044892 0.089357
vn 0.000000 -0.020235 0.097931
vn 0.000000 -0.020235 0.097931
vn 0.000000 0.005801 0.099832
vn 0.000000 0.005801 0.099832
vn 0.074329 0.044479 -0.049967
vn 0.074329 0.044479 -0.049967
vn 0.074329 0.055896 -0.036753
vn 0.074329 0.055896 -0.036753
vn 0.074329 0.063504 -0.021033
vn 0.074329 0.063504 -0.021033
vn 0.074329 0.066784 -0.003881
vn 0.074329 0.066784 -0.003881
vn 0.074329 0.065513 0.013537
vn 0.074329 0.065513 0.013537
vn 0.074329 0.059777 0.030031
vn 0.074329 0.059777 0.030031
vn 0.074329 0.049967 0.044479
vn 0.074329 0.049967 0.044479
vn 0.074329 0.036753 0.055896
vn 0.074329 0.036753 0.055896
vn 0.074329 0.021033 0.063504
vn 0.074329 0.021033 0.063504
vn 0.074329 0.003881 0.066784
vn 0.074329 0.003881 0.066784
vn 0.074329 -0.013537 0.065513
vn 0.074329 -0.013537 0.065513
vn 0.074329 -0.030031 0.059777
vn 0.074329 -0.030031 0.059777
vn 0.074329 -0.044479 0.049967
vn 0.074329 -0.044479 0.049967
vn 0.074329 -0.055896 0.036753
vn 0.074329 -0.055896 0.036753
vn 0.074329 -0.063504 0.021033
vn 0.074329 -0.063504 0.021033
vn 0.074329 -0.066784 0.003881
vn 0.074329 -0.066784 0.003881
vn 0.074329 -0.065513 -0.013537
vn 0.074329 -0.065513 -0.013537
vn 0.074329 -0.059777 -0.030031
vn 0.074329 -0.059777 -0.030031
vn 0.074329 -0.049967 -0.044479
vn 0.074329 -0.049967 -0.044479
vn 0.074329 -0.036753 -0.055896
vn 0.074329 -0.036753 -0.055896
vn 0.074329 -0.021033 -0.063504
vn 0.074329 -0.021033 -0.063504
vn 0.074329 -0.003881 -0.066784
vn 0.074329 -0.003881 -0.066784
vn 0.074329 0.013537 -0.065513
vn 0.074329 0.013537 -0.065513
vn 0.074329 0.030031 -0.059777
vn 0.074329 0.030031 -0.059777
vn -0.074329 0.021033 0.063504
vn -0.074329 0.021033 0.063504
vn -0.074329 0.036753 0.055896
vn -0.074329 0.036753 0.055896
vn -0.074329 0.049967 0.044479
vn -0.074329 0.049967 0.044479
vn -0.074329 0.059777 0.030031
vn -0.074329 0.059777 0.030031
vn -0.074329 0.065513 0.013537
vn -0.074329 0.065513 0.013537
vn -0.074329 0.066784 -0.003881
vn -0.074329 0.066784 -0.003881
vn -0.074329 0.063504 -0.021033
vn -0.074329 0.063504 -0.021033
vn -0.074329 0.055896 -0.036753
vn -0.074329 0.055896 -0.036753
vn -0.074329 0.044479 -0.049967
vn -0.074329 0.044479 -0.049967
vn -0.074329 0.030031 -0.059777
vn -0.074329 0.030031 -0.059777
vn -0.074329 0.013537 -0.065513
vn -0.074329 0.013537 -0.065513
vn -0.074329 -0.003881 -0.066784
vn -0.074329 -0.003881 -0.066784
vn -0.074329 -0.021033 -0.063504
vn -0.074329 -0.021033 -0.063504
vn -0.074329 -0.036753 -0.055896
vn -0.074329 -0.036753 -0.055896
vn -0.074329 -0.049967 -0.044479
vn -0.074329 -0.049967 -0.044479
vn -0.074329 -0.059777 -0.030031
vn -0.074329 -0.059777 -0.030031
vn -0.074329 -0.065513 -0.013537
vn -0.074329 -0.065513 -0.013537
vn -0.074329 -0.066784 0.003881
vn -0.074329 -0.066784 0.003881
vn -0.074329 -0.063504 0.021033
vn -0.074329 -0.063504 0.021033
vn -0.074329 -0.055896 0.036753
vn -0.074329 -0.055896 0.036753
vn -0.074329 -0.044479 0.049967
vn -0.074329 -0.044479 0.049967
vn -0.074329 -0.030031 0.059777
vn -0.074329 -0.030031 0.059777
vn -0.074329 -0.013537 0.065513
vn -0.074329 -0.013537 0.065513
vn -0.074329 0.003881 0.066784
vn -0.074329 0.003881 0.066784
vn 0.000000 0.032434 0.094594
vn 0.000000 0.054939 0.083556
vn 0.000000 0.054939 0.083556
vn 0.000000 0.073993 0.067268
vn 0.000000 0.073993 0.067268
vn -0.000000 0.088397 0.046754
vn -0.000000 0.088397 0.046754
vn -0.000000 0.097247 0.023301
vn -0.000000 0.097247 0.023301
vn -0.000000 0.099987 -0.001615
vn -0.000000 0.099987 -0.001615
vn -0.000000 0.096444 -0.026430
vn -0.000000 0.096444 -0.026430
vn -0.000000 0.086841 -0.049585
vn -0.000000 0.086841 -0.049585
vn -0.000000 0.071782 -0.069623
vn -0.000000 0.071782 -0.069623
vn -0.000000 0.052212 -0.085287
vn -0.000000 0.052212 -0.085287
vn -0.000000 0.029361 -0.095592
vn -0.000000 0.029361 -0.095592
vn -0.000000 0.004666 -0.099891
vn -0.000000 0.004666 -0.099891
vn -0.000000 -0.020322 -0.097913
vn -0.000000 -0.020322 -0.097913
vn -0.000000 -0.044034 -0.089783
vn -0.000000 -0.044034 -0.089783
vn -0.000000 -0.064979 -0.076012
vn -0.000000 -0.064979 -0.076012
vn 0.000000 -0.081841 -0.057464
vn 0.000000 -0.081841 -0.057464
vn 0.000000 -0.093560 -0.035306
vn 0.000000 -0.093560 -0.035306
vn 0.000000 -0.099401 -0.010929
vn 0.000000 -0.099401 -0.010929
vn 0.000000 -0.098996 0.014134
vn 0.000000 -0.098996 0.014134
vn 0.000000 -0.092371 0.038309
vn 0.000000 -0.092371 0.038309
vn 0.000000 -0.079942 0.060078
vn 0.000000 -0.079942 0.060078
vn 0.000000 -0.062490 0.078071
vn 0.000000 -0.062490 0.078071
vn 0.000000 -0.041111 0.091159
vn 0.000000 -0.041111 0.091159
vn 0.000000 -0.017149 0.098519
vn 0.000000 -0.017149 0.098519
vn 0.000000 0.007890 0.099688
vn 0.000000 0.007890 0.099688
vn 0.000000 0.032434 0.094594
vn 0.000000 0.032434 0.094594
vn 0.000000 0.054939 0.083556
vn 0.000000 0.054939 0.083556
vn 0.000000 0.073993 0.067268
vn 0.000000 0.073993 0.067268
vn -0.000000 0.088397 0.046754
vn -0.000000 0.088397 0.046754
vn -0.000000 0.097247 0.023301
vn -0.000000 0.097247 0.023301
vn -0.000000 0.099987 -0.001615
vn -0.000000 0.099987 -0.001615
vn -0.000000 0.096444 -0.026430
vn -0.000000 0.096444 -0.026430
vn -0.000000 0.086841 -0.049585
vn -0.000000 0.086841 -0.049585
vn -0.000000 0.071782 -0.069623
vn -0.000000 0.071782 -0.069623
vn -0.000000 0.052212 -0.085287
vn -0.000000 0.052212 -0.085287
vn -0.000000 0.029361 -0.095592
vn -0.000000 0.029361 -0.095592
vn -0.000000 0.004666 -0.099891
vn -0.000000 0.004666 -0.099891
vn -0.000000 -0.020322 -0.097913
vn -0.000000 -0.020322 -0.097913
vn -0.000000 -0.044034 -0.089783
vn -0.000000 -0.044034 -0.089783
vn -0.000000 -0.064979 -0.076012
vn -0.000000 -0.064979 -0.076012
vn 0.000000 -0.081841 -0.057464
vn 0.000000 -0.081841 -0.057464
vn 0.000000 -0.093560 -0.035306
vn 0.000000 -0.093560 -0.035306
vn 0.000000 -0.099401 -0.010929
vn 0.000000 -0.099401 -0.010929
vn 0.000000 -0.098996 0.014134
vn 0.000000 -0.098996 0.014134
vn 0.000000 -0.092371 0.038309
vn 0.000000 -0.092371 0.038309
vn 0.000000 -0.079942 0.060078
vn 0.000000 -0.079942 0.060078
vn 0.000000 -0.062490 0.078071
vn 0.000000 -0.062490 0.078071
vn 0.000000 -0.041111 0.091159
vn 0.000000 -0.041111 0.091159
vn 0.000000 -0.017149 0.098519
vn 0.000000 -0.017149 0.098519
vn 0.000000 0.007890 0.099688
vn 0.000000 0.007890 0.099688
vn 0.000000 0.032434 0.094594
vn 0.000000 0.033347 0.094276
vn 0.000000 0.054939 0.083556
vn 0.000000 0.054939 0.083556
vn 0.000000 0.073339 0.067980
vn 0.000000 0.073339 0.067980
vn -0.000000 0.087477 0.048454
vn -0.000000 0.087477 0.048454
vn -0.000000 0.096531 0.026111
vn -0.000000 0.096531 0.026111
vn -0.000000 0.099975 0.002251
vn -0.000000 0.099975 0.002251
vn -0.000000 0.097608 -0.021740
vn -0.000000 0.097608 -0.021740
vn -0.000000 0.089569 -0.044467
vn -0.000000 0.089569 -0.044467
vn -0.000000 0.076325 -0.064610
vn -0.000000 0.076325 -0.064610
vn -0.000000 0.058645 -0.080999
vn -0.000000 0.058645 -0.080999
vn -0.000000 0.037556 -0.092680
vn -0.000000 0.037556 -0.092680
vn -0.000000 0.014285 -0.098974
vn -0.000000 0.014285 -0.098974
vn -0.000000 -0.009816 -0.099517
vn -0.000000 -0.009816 -0.099517
vn -0.000000 -0.033347 -0.094276
vn -0.000000 -0.033347 -0.094276
vn -0.000000 -0.054939 -0.083556
vn -0.000000 -0.054939 -0.083556
vn -0.000000 -0.073339 -0.067980
vn -0.000000 -0.073339 -0.067980
vn 0.000000 -0.087477 -0.048454
vn 0.000000 0.033347 0.094276
vn 0.000000 0.009816 0.099517
vn 0.000000 0.009816 0.099517
vn 0.000000 -0.014285 0.098974
vn 0.000000 -0.014285 0.098974
vn 0.000000 -0.037556 0.092680
vn 0.000000 -0.037556 0.092680
vn 0.000000 -0.058645 0.080999
vn 0.000000 -0.058645 0.080999
vn 0.000000 -0.076325 0.064610
vn 0.000000 -0.076325 0.064610
vn 0.000000 -0.089569 0.044467
vn 0.000000 -0.089569 0.044467
vn 0.000000 -0.097608 0.021740
vn 0.000000 -0.097608 0.021740
vn 0.000000 -0.099975 -0.002251
vn 0.000000 -0.099975 -0.002251
vn 0.000000 -0.096531 -0.026111
vn 0.000000 -0.096531 -0.026111
vn 0.000000 -0.087477 -0.048454
vn -0.100000 -0.000000 0.000000
vn -0.100000 -0.000000 0.000000
vn -0.100000 -0.000000 0.000000
vn -0.100000 -0.000000 0.000000
vn -0.100000 -0.000000 0.000000
vn -0.100000 -0.000000 0.000000
vn -0.100000 -0.000000 0.000000
vn -0.100000 -0.000000 0.000000
vn -0.100000 -0.000000 0.000000
vn -0.100000 -0.000000 0.000000
vn -0.100000 -0.000000 0.000000
vn -0.100000 -0.000000 0.000000
vn -0.100000 -0.000000 0.000000
vn -0.100000 -0.000000 0.000000
vn -0.100000 -0.000000 0.000000
vn -0.100000 -0.000000 0.000000
vn -0.100000 -0.000000 0.000000
vn -0.100000 -0.000000 0.000000
vn -0.100000 -0.000000 0.000000
vn -0.100000 -0.000000 0.000000
vn -0.100000 -0.000000 0.000000
vn -0.100000 -0.000000 0.000000
vn -0.100000 -0.000000 0.000000
vn -0.100000 -0.000000 0.000000
vn -0.100000 -0.000000 0.000000
vn -0.100000 -0.000000 0.000000
vn -0.100000 -0.000000 0.000000
vn -0.100000 -0.000000 0.000000
vn -0.100000 -0.000000 0.000000
vn -0.100000 -0.000000 0.000000
vn -0.100000 -0.000000 0.000000
vn -0.100000 -0.000000 0.000000
vn -0.100000 -0.000000 0.000000
vn -0.100000 -0.000000 0.000000
vn -0.100000 -0.000000 0.000000
vn -0.100000 -0.000000 0.000000
vn -0.100000 -0.000000 0.000000
vn -0.100000 -0.000000 0.000000
vn -0.100000 -0.000000 0.000000
vn -0.100000 -0.000000 0.000000
vn -0.100000 -0.000000 0.000000
vn -0.100000 -0.000000 0.000000
vn -0.100000 -0.000000 0.000000
vn -0.100000 -0.000000 0.000000
vn -0.100000 -0.000000 0.000000
vn -0.100000 -0.000000 0.000000
vn -0.100000 -0.000000 0.000000
vn -0.100000 -0.000000 0.000000
vn -0.100000 -0.000000 0.000000
vn -0.100000 -0.000000 0.000000
vn -0.100000 -0.000000 0.000000
vn -0.100000 -0.000000 0.000000
vn -0.100000 -0.000000 0.000000
vn -0.100000 -0.000000 0.000000
vn -0.100000 -0.000000 0.000000
vn -0.100000 -0.000000 0.000000
vn -0.100000 -0.000000 0.000000
vn -0.100000 -0.000000 0.000000
vn -0.100000 -0.000000 0.000000
vn -0.100000 -0.000000 0.000000
vn -0.100000 -0.000000 0.000000
vn -0.100000 -0.000000 0.000000
vn -0.100000 -0.000000 0.000000
vn -0.100000 -0.000000 0.000000
vn -0.100000 -0.000000 0.000000
vn -0.100000 -0.000000 0.000000
vn -0.100000 -0.000000 0.000000
vn -0.100000 -0.000000 0.000000
vn -0.100000 -0.000000 0.000000
vn -0.100000 -0.000000 0.000000
vn -0.100000 -0.000000 0.000000
vn -0.100000 -0.000000 0.000000
vn -0.100000 -0.000000 0.000000
vn -0.100000 -0.000000 0.000000
vn -0.100000 -0.000000 0.000000
vn -0.100000 -0.000000 0.000000
vn -0.100000 -0.000000 0.000000
vn -0.100000 -0.000000 0.000000
vn -0.100000 -0.000000 0.000000
vn -0.100000 -0.000000 0.000000
vn -0.100000 -0.000000 0.000000
vn -0.100000 -0.000000 0.000000
vn -0.100000 -0.000000 0.000000
vn -0.100000 -0.000000 0.000000
vn -0.100000 -0.000000 0.000000
vn -0.100000 -0.000000 0.000000
vn -0.100000 -0.000000 0.000000
vn -0.100000 -0.000000 0.000000
vn -0.100000 -0.000000 0.000000
vn -0.100000 -0.000000 0.000000
vn -0.100000 -0.000000 0.000000
vn -0.100000 -0.000000 0.000000
vn -0.100000 -0.000000 0.000000
vn -0.100000 -0.000000 0.000000
vn -0.100000 -0.000000 0.000000
vn -0.100000 -0.000000 0.000000
vn -0.100000 -0.000000 0.000000
vn -0.100000 -0.000000 0.000000
vn -0.100000 -0.000000 0.000000
vn 0.100000 0.000000 -0.000000
vn 0.100000 0.000000 -0.000000
vn 0.100000 0.000000 -0.000000
vn 0.100000 0.000000 -0.000000
vn 0.100000 0.000000 -0.000000
vn 0.100000 0.000000 -0.000000
vn 0.100000 0.000000 -0.000000
vn 0.100000 0.000000 -0.000000
vn 0.100000 0.000000 -0.000000
vn 0.100000 0.000000 -0.000000
vn 0.100000 0.000000 -0.000000
vn 0.100000 0.000000 -0.000000
vn 0.100000 0.000000 -0.000000
vn 0.100000 0.000000 -0.000000
vn 0.100000 0.000000 -0.000000
vn 0.100000 0.000000 -0.000000
vn 0.100000 0.000000 -0.000000
vn 0.100000 0.000000 -0.000000
vn 0.100000 0.000000 -0.000000
vn 0.100000 0.000000 -0.000000
vn 0.100000 0.000000 -0.000000
vn 0.100000 0.000000 -0.000000
vn 0.100000 0.000000 -0.000000
vn 0.100000 0.000000 -0.000000
vn 0.100000 0.000000 -0.000000
vn 0.100000 0.000000 -0.000000
vn 0.100000 0.000000 -0.000000
vn 0.100000 0.000000 -0.000000
vn 0.100000 0.000000 -0.000000
vn 0.100000 0.000000 -0.000000
vn 0.100000 0.000000 -0.000000
vn 0.100000 0.000000 -0.000000
vn 0.100000 0.000000 -0.000000
vn 0.100000 0.000000 -0.000000
vn 0.100000 0.000000 -0.000000
vn 0.100000 0.000000 -0.000000
vn 0.100000 0.000000 -0.000000
vn 0.100000 0.000000 -0.000000
vn 0.100000 0.000000 -0.000000
vn 0.100000 0.000000 -0.000000
vn 0.100000 0.000000 -0.000000
vn 0.100000 0.000000 -0.000000
vn 0.100000 0.000000 -0.000000
vn 0.100000 0.000000 -0.000000
vn 0.100000 0.000000 -0.000000
vn 0.100000 0.000000 -0.000000
vn 0.100000 0.000000 -0.000000
vn 0.100000 0.000000 -0.000000
vn 0.100000 0.000000 -0.000000
vn 0.100000 0.000000 -0.000000
vn 0.100000 0.000000 -0.000000
vn 0.100000 0.000000 -0.000000
vn 0.100000 0.000000 -0.000000
vn 0.100000 0.000000 -0.000000
vn 0.100000 0.000000 -0.000000
vn 0.100000 0.000000 -0.000000
vn 0.100000 0.000000 -0.000000
vn 0.100000 0.000000 -0.000000
vn 0.100000 0.000000 -0.000000
vn 0.100000 0.000000 -0.000000
vn 0.100000 0.000000 -0.000000
vn 0.100000 0.000000 -0.000000
vn 0.100000 0.000000 -0.000000
vn 0.100000 0.000000 -0.000000
vn 0.100000 0.000000 -0.000000
vn 0.100000 0.000000 -0.000000
vn 0.100000 0.000000 -0.000000
vn 0.100000 0.000000 -0.000000
vn 0.100000 0.000000 -0.000000
vn 0.100000 0.000000 -0.000000
vn 0.100000 0.000000 -0.000000
vn 0.100000 0.000000 -0.000000
vn 0.100000 0.000000 -0.000000
vn 0.100000 0.000000 -0.000000
vn 0.100000 0.000000 -0.000000
vn 0.100000 0.000000 -0.000000
vn 0.100000 0.000000 -0.000000
vn 0.100000 0.000000 -0.000000
vn -0.100000 -0.000000 0.000000
vn -0.100000 -0.000000 0.000000
vn -0.100000 -0.000000 0.000000
vn -0.100000 -0.000000 0.000000
vn -0.100000 -0.000000 0.000000
vn -0.100000 -0.000000 0.000000
vn -0.100000 -0.000000 0.000000
vn -0.100000 -0.000000 0.000000
vn -0.100000 -0.000000 0.000000
vn -0.100000 -0.000000 0.000000
vn -0.100000 -0.000000 0.000000
vn -0.100000 -0.000000 0.000000
vn -0.100000 -0.000000 0.000000
vn -0.100000 -0.000000 0.000000
vn -0.100000 -0.000000 0.000000
vn -0.100000 -0.000000 0.000000
vn -0.100000 -0.000000 0.000000
vn -0.100000 -0.000000 0.000000
vn -0.100000 -0.000000 0.000000
vn -0.100000 -0.000000 0.000000
vn -0.100000 -0.000000 0.000000
vn -0.100000 -0.000000 0.000000
vn -0.100000 -0.000000 0.000000
vn -0.100000 -0.000000 0.000000
vn -0.100000 -0.000000 0.000000
vn -0.100000 -0.000000 0.000000
vn -0.100000 -0.000000 0.000000
vn -0.100000 -0.000000 0.000000
vn -0.100000 -0.000000 0.000000
vn -0.100000 -0.000000 0.000000
vn -0.100000 -0.000000 0.000000
vn -0.100000 -0.000000 0.000000
vn -0.100000 -0.000000 0.000000
vn -0.100000 -0.000000 0.000000
vn -0.100000 -0.000000 0.000000
vn -0.100000 -0.000000 0.000000
vn -0.100000 -0.000000 0.000000
vn -0.100000 -0.000000 0.000000
vn -0.100000 -0.000000 0.000000
vn -0.100000 -0.000000 0.000000
vn -0.100000 -0.000000 0.000000
vn -0.100000 -0.000000 0.000000
vn -0.100000 -0.000000 0.000000
vn -0.100000 -0.000000 0.000000
vn -0.100000 -0.000000 0.000000
vn -0.100000 -0.000000 0.000000
vn -0.100000 -0.000000 0.000000
vn -0.100000 -0.000000 0.000000
vn -0.100000 -0.000000 0.000000
vn -0.100000 -0.000000 0.000000
vn -0.100000 -0.000000 0.000000
vn -0.100000 -0.000000 0.000000
vn 0.100000 0.000000 -0.000000
vn 0.100000 0.000000 -0.000000
vn 0.100000 0.000000 -0.000000
vn 0.100000 0.000000 -0.000000
vn 0.100000 0.000000 -0.000000
vn 0.100000 0.000000 -0.000000
vn 0.100000 0.000000 -0.000000
vn 0.100000 0.000000 -0.000000
vn 0.100000 0.000000 -0.000000
vn 0.100000 0.000000 -0.000000
vn 0.100000 0.000000 -0.000000
vn 0.100000 0.000000 -0.000000
vn 0.100000 0.000000 -0.000000
vn 0.100000 0.000000 -0.000000
vn 0.100000 0.000000 -0.000000
vn 0.100000 0.000000 -0.000000
vn 0.100000 0.000000 -0.000000
vn 0.100000 0.000000 -0.000000
vn 0.100000 0.000000 -0.000000
vn 0.100000 0.000000 -0.000000
vn 0.100000 0.000000 -0.000000
vn 0.100000 0.000000 -0.000000
vn 0.100000 0.000000 -0.000000
vn 0.100000 0.000000 -0.000000
vn 0.100000 0.000000 -0.000000
vn 0.100000 0.000000 -0.000000
vn 0.100000 0.000000 -0.000000
vn 0.100000 0.000000 -0.000000
vn 0.100000 0.000000 -0.000000
vn 0.100000 0.000000 -0.000000
vn 0.100000 0.000000 -0.000000
vn 0.100000 0.000000 -0.000000
vn 0.100000 0.000000 -0.000000
vn 0.100000 0.000000 -0.000000
vn 0.100000 0.000000 -0.000000
vn 0.100000 0.000000 -0.000000
vn 0.100000 0.000000 -0.000000
vn 0.100000 0.000000 -0.000000
vn 0.100000 0.000000 -0.000000
vn 0.100000 0.000000 -0.000000
vn 0.100000 0.000000 -0.000000
vn 0.100000 0.000000 -0.000000
vn 0.100000 0.000000 -0.000000
vn 0.100000 0.000000 -0.000000
vn 0.100000 0.000000 -0.000000
vn 0.100000 0.000000 -0.000000
vn 0.100000 0.000000 -0.000000
vn 0.100000 0.000000 -0.000000
vn 0.100000 0.000000 -0.000000
vn 0.100000 0.000000 -0.000000
vn 0.100000 0.000000 -0.000000
vn 0.100000 0.000000 -0.000000
vn -0.100000 -0.000000 0.000000
vn -0.100000 -0.000000 0.000000
vn -0.100000 -0.000000 0.000000
vn -0.100000 -0.000000 0.000000
vn -0.100000 -0.000000 0.000000
vn -0.100000 -0.000000 0.000000
vn -0.100000 -0.000000 0.000000
vn -0.100000 -0.000000 0.000000
vn -0.100000 -0.000000 0.000000
vn -0.100000 -0.000000 0.000000
vn -0.100000 -0.000000 0.000000
vn -0.100000 -0.000000 0.000000
vn -0.100000 -0.000000 0.000000
vn -0.100000 -0.000000 0.000000
vn -0.100000 -0.000000 0.000000
vn -0.100000 -0.000000 0.000000
vn -0.100000 -0.000000 0.000000
vn -0.100000 -0.000000 0.000000
vn -0.100000 -0.000000 0.000000
vn -0.100000 -0.000000 0.000000
vn -0.100000 -0.000000 0.000000
vn -0.100000 -0.000000 0.000000
vn -0.100000 -0.000000 0.000000
vn -0.100000 -0.000000 0.000000
vn -0.100000 -0.000000 0.000000
vn -0.100000 -0.000000 0.000000
vn -0.100000 -0.000000 0.000000
vn -0.100000 -0.000000 0.000000
vn -0.100000 -0.000000 0.000000
vn -0.100000 -0.000000 0.000000
vn -0.100000 -0.000000 0.000000
vn -0.100000 -0.000000 0.000000
vn -0.100000 -0.000000 0.000000
vn -0.100000 -0.000000 0.000000
vn -0.100000 -0.000000 0.000000
vn -0.100000 -0.000000 0.000000
vn -0.100000 -0.000000 0.000000
vn -0.100000 -0.000000 0.000000
vn -0.100000 -0.000000 0.000000
vn -0.100000 -0.000000 0.000000
vn -0.100000 -0.000000 0.000000
vn -0.100000 -0.000000 0.000000
vn -0.100000 -0.000000 0.000000
vn -0.100000 -0.000000 0.000000
vn -0.100000 -0.000000 0.000000
vn -0.100000 -0.000000 0.000000
vn -0.100000 -0.000000 0.000000
vn -0.100000 -0.000000 0.000000
vn -0.100000 -0.000000 0.000000
vn -0.100000 -0.000000 0.000000
vn -0.100000 -0.000000 0.000000
vn 0.100000 0.000000 -0.000000
vn 0.100000 0.000000 -0.000000
vn 0.100000 0.000000 -0.000000
vn 0.100000 0.000000 -0.000000
vn 0.100000 0.000000 -0.000000
vn 0.100000 0.000000 -0.000000
vn 0.100000 0.000000 -0.000000
vn 0.100000 0.000000 -0.000000
vn 0.100000 0.000000 -0.000000
vn 0.100000 0.000000 -0.000000
vn 0.100000 0.000000 -0.000000
vn 0.100000 0.000000 -0.000000
vn 0.100000 0.000000 -0.000000
vn 0.100000 0.000000 -0.000000
vn 0.100000 0.000000 -0.000000
vn 0.100000 0.000000 -0.000000
vn 0.100000 0.000000 -0.000000
vn 0.100000 0.000000 -0.000000
vn 0.100000 0.000000 -0.000000
vn 0.100000 0.000000 -0.000000
vn 0.100000 0.000000 -0.000000
vn 0.100000 0.000000 -0.000000
vn 0.100000 0.000000 -0.000000
vn 0.100000 0.000000 -0.000000
vn 0.100000 0.000000 -0.000000
vn 0.100000 0.000000 -0.000000
vn 0.100000 0.000000 -0.000000
vn 0.100000 0.000000 -0.000000
vn 0.100000 0.000000 -0.000000
vn 0.100000 0.000000 -0.000000
vn 0.100000 0.000000 -0.000000
vn 0.100000 0.000000 -0.000000
vn 0.100000 0.000000 -0.000000
vn 0.100000 0.000000 -0.000000
vn 0.100000 0.000000 -0.000000
vn 0.100000 0.000000 -0.000000
vn 0.100000 0.000000 -0.000000
vn 0.100000 0.000000 -0.000000
vn 0.100000 0.000000 -0.000000
vn 0.100000 0.000000 -0.000000
vn 0.100000 0.000000 -0.000000
vn 0.100000 0.000000 -0.000000
vn 0.100000 0.000000 -0.000000
vn 0.100000 0.000000 -0.000000
vn 0.100000 0.000000 -0.000000
vn 0.100000 0.000000 -0.000000
vn 0.100000 0.000000 -0.000000
vn 0.100000 0.000000 -0.000000
vn 0.100000 0.000000 -0.000000
vn 0.100000 0.000000 -0.000000
vn 0.100000 0.000000 -0.000000
vn 0.100000 0.000000 -0.000000
vn 0.100000 0.000000 -0.000000
vn 0.100000 0.000000 -0.000000
vn 0.100000 0.000000 -0.000000
vn 0.100000 0.000000 -0.000000
vn 0.100000 0.000000 -0.000000
vn 0.100000 0.000000 -0.000000
vn 0.100000 0.000000 -0.000000
vn 0.100000 0.000000 -0.000000
vn 0.100000 0.000000 -0.000000
vn 0.100000 0.000000 -0.000000
vn 0.100000 0.000000 -0.000000
vn 0.100000 0.000000 -0.000000
vn 0.100000 0.000000 -0.000000
vn 0.100000 0.000000 -0.000000
vn 0.100000 0.000000 -0.000000
vn 0.100000 0.000000 -0.000000
vn 0.100000 0.000000 -0.000000
vn 0.100000 0.000000 -0.000000
vn 0.100000 0.000000 -0.000000
vn 0.100000 0.000000 -0.000000
vn 0.100000 0.000000 -0.000000
vn 0.100000 0.000000 -0.000000
vn 0.100000 0.000000 -0.000000
vn 0.100000 0.000000 -0.000000
vn 0.100000 0.000000 -0.000000
vn 0.100000 0.000000 -0.000000
vn 0.100000 0.000000 -0.000000
vn 0.100000 0.000000 -0.000000
vn 0.100000 0.000000 -0.000000
vn 0.100000 0.000000 -0.000000
vn 0.100000 0.000000 -0.000000
vn 0.100000 0.000000 -0.000000
vn 0.100000 0.000000 -0.000000
vn 0.100000 0.000000 -0.000000
vn 0.100000 0.000000 -0.000000
vn 0.100000 0.000000 -0.000000
vn 0.100000 0.000000 -0.000000
vn 0.100000 0.000000 -0.000000
vn 0.100000 0.000000 -0.000000
vn 0.100000 0.000000 -0.000000
vn 0.100000 0.000000 -0.000000
vn 0.100000 0.000000 -0.000000
vn 0.100000 0.000000 -0.000000
vn 0.100000 0.000000 -0.000000
vn 0.100000 0.000000 -0.000000
vn 0.100000 0.000000 -0.000000
vn 0.100000 0.000000 -0.000000
vn 0.100000 0.000000 -0.000000
vn -0.100000 -0.000000 0.000000
vn -0.100000 -0.000000 0.000000
vn -0.100000 -0.000000 0.000000
vn -0.100000 -0.000000 0.000000
vn -0.100000 -0.000000 0.000000
vn -0.100000 -0.000000 0.000000
vn -0.100000 -0.000000 0.000000
vn -0.100000 -0.000000 0.000000
vn -0.100000 -0.000000 0.000000
vn -0.100000 -0.000000 0.000000
vn -0.100000 -0.000000 0.000000
vn -0.100000 -0.000000 0.000000
vn -0.100000 -0.000000 0.000000
vn -0.100000 -0.000000 0.000000
vn -0.100000 -0.000000 0.000000
vn -0.100000 -0.000000 0.000000
vn -0.100000 -0.000000 0.000000
vn -0.100000 -0.000000 0.000000
vn -0.100000 -0.000000 0.000000
vn -0.100000 -0.000000 0.000000
vn -0.100000 -0.000000 0.000000
vn -0.100000 -0.000000 0.000000
vn -0.100000 -0.000000 0.000000
vn -0.100000 -0.000000 0.000000
vn -0.100000 -0.000000 0.000000
vn -0.100000 -0.000000 0.000000
vn -0.100000 -0.000000 0.000000
vn -0.100000 -0.000000 0.000000
vn -0.100000 -0.000000 0.000000
vn -0.100000 -0.000000 0.000000
vn -0.100000 -0.000000 0.000000
vn -0.100000 -0.000000 0.000000
vn -0.100000 -0.000000 0.000000
vn -0.100000 -0.000000 0.000000
vn -0.100000 -0.000000 0.000000
vn -0.100000 -0.000000 0.000000
vn -0.100000 -0.000000 0.000000
vn -0.100000 -0.000000 0.000000
vn -0.100000 -0.000000 0.000000
vn -0.100000 -0.000000 0.000000
vn -0.100000 -0.000000 0.000000
vn -0.100000 -0.000000 0.000000
vn -0.100000 -0.000000 0.000000
vn -0.100000 -0.000000 0.000000
vn -0.100000 -0.000000 0.000000
vn -0.100000 -0.000000 0.000000
vn -0.100000 -0.000000 0.000000
vn -0.100000 -0.000000 0.000000
vn -0.100000 -0.000000 0.000000
vn 0.100000 0.000000 -0.000000
vn 0.100000 0.000000 -0.000000
vn 0.100000 0.000000 -0.000000
vn 0.100000 0.000000 -0.000000
vn 0.100000 0.000000 -0.000000
vn 0.100000 0.000000 -0.000000
vn 0.100000 0.000000 -0.000000
vn 0.100000 0.000000 -0.000000
vn 0.100000 0.000000 -0.000000
vn 0.100000 0.000000 -0.000000
vn 0.100000 0.000000 -0.000000
vn 0.100000 0.000000 -0.000000
vn 0.100000 0.000000 -0.000000
vn 0.100000 0.000000 -0.000000
vn 0.100000 0.000000 -0.000000
vn 0.100000 0.000000 -0.000000
vn 0.100000 0.000000 -0.000000
vn 0.100000 0.000000 -0.000000
vn 0.100000 0.000000 -0.000000
vn 0.100000 0.000000 -0.000000
vn 0.100000 0.000000 -0.000000
vn 0.100000 0.000000 -0.000000
vn 0.100000 0.000000 -0.000000
vn 0.100000 0.000000 -0.000000
vn 0.100000 0.000000 -0.000000
vn 0.100000 0.000000 -0.000000
vn 0.100000 0.000000 -0.000000
vn 0.100000 0.000000 -0.000000
vn 0.100000 0.000000 -0.000000
vn 0.100000 0.000000 -0.000000
vn 0.100000 0.000000 -0.000000
vn 0.100000 0.000000 -0.000000
vn 0.100000 0.000000 -0.000000
vn 0.100000 0.000000 -0.000000
vn 0.100000 0.000000 -0.000000
vn 0.100000 0.000000 -0.000000
vn 0.100000 0.000000 -0.000000
vn 0.100000 0.000000 -0.000000
vn 0.100000 0.000000 -0.000000
vn 0.100000 0.000000 -0.000000
vn 0.100000 0.000000 -0.000000
vn 0.100000 0.000000 -0.000000
vn 0.100000 0.000000 -0.000000
vn 0.100000 0.000000 -0.000000
vn 0.100000 0.000000 -0.000000
vn 0.100000 0.000000 -0.000000
vn 0.100000 0.000000 -0.000000
vn 0.100000 0.000000 -0.000000
vn 0.100000 0.000000 -0.000000
vn 0.100000 0.000000 -0.000000
vn 0.100000 0.000000 -0.000000
vn -0.100000 -0.000000 0.000000
vn -0.100000 -0.000000 0.000000
vn -0.100000 -0.000000 0.000000
vn -0.100000 -0.000000 0.000000
vn -0.100000 -0.000000 0.000000
vn -0.100000 -0.000000 0.000000
vn -0.100000 -0.000000 0.000000
vn -0.100000 -0.000000 0.000000
vn -0.100000 -0.000000 0.000000
vn -0.100000 -0.000000 0.000000
vn -0.100000 -0.000000 0.000000
vn -0.100000 -0.000000 0.000000
vn -0.100000 -0.000000 0.000000
vn -0.100000 -0.000000 0.000000
vn -0.100000 -0.000000 0.000000
vn -0.100000 -0.000000 0.000000
vn -0.100000 -0.000000 0.000000
vn -0.100000 -0.000000 0.000000
vn -0.100000 -0.000000 0.000000
vn -0.100000 -0.000000 0.000000
vn -0.100000 -0.000000 0.000000
vn -0.100000 -0.000000 0.000000
vn -0.100000 -0.000000 0.000000
vn -0.100000 -0.000000 0.000000
vn -0.100000 -0.000000 0.000000
vn -0.100000 -0.000000 0.000000
vn -0.100000 -0.000000 0.000000
vn -0.100000 -0.000000 0.000000
vn -0.100000 -0.000000 0.000000
vn -0.100000 -0.000000 0.000000
vn -0.100000 -0.000000 0.000000
vn -0.100000 -0.000000 0.000000
vn -0.100000 -0.000000 0.000000
vn -0.100000 -0.000000 0.000000
vn -0.100000 -0.000000 0.000000
vn -0.100000 -0.000000 0.000000
vn -0.100000 -0.000000 0.000000
vn -0.100000 -0.000000 0.000000
vn -0.100000 -0.000000 0.000000
vn -0.100000 -0.000000 0.000000
vn -0.100000 -0.000000 0.000000
vn -0.100000 -0.000000 0.000000
vn -0.100000 -0.000000 0.000000
vn -0.100000 -0.000000 0.000000
vn -0.100000 -0.000000 0.000000
vn -0.100000 -0.000000 0.000000
vn -0.100000 -0.000000 0.000000
vn -0.100000 -0.000000 0.000000
vn -0.100000 -0.000000 0.000000
vn -0.100000 -0.000000 0.000000
vn -0.100000 -0.000000 0.000000
f 1141/2104/1966 1195/2105/1967 1140/2106/1968
f 1140/2106/1968 1195/2105/1967 1196/2107/1969
f 1140/2106/1968 1196/2107/1969 1171/2108/1970
f 1171/2108/1970 1196/2107/1969 1197/2109/1971
f 1171/2108/1970 1197/2109/1971 1170/2110/1972
f 1170/2110/1972 1197/2109/1971 1198/2111/1973
f 1170/2110/1972 1198/2111/1973 1169/2112/1974
f 1169/2112/1974 1198/2111/1973 1199/2113/1975
f 1169/2112/1974 1199/2113/1975 1168/2114/1976
f 1168/2114/1976 1199/2113/1975 1200/2115/1977
f 1168/2114/1976 1200/2115/1977 1167/2116/1978
f 1167/2116/1978 1200/2115/1977 1201/2117/1979
f 1167/2116/1978 1201/2117/1979 1166/2118/1980
f 1166/2118/1980 1201/2117/1979 1202/2119/1981
f 1166/2118/1980 1202/2119/1981 1165/2120/1982
f 1165/2120/1982 1202/2119/1981 1203/2121/1983
f 1165/2120/1982 1203/2121/1983 1164/2122/1984
f 1164/2122/1984 1203/2121/1983 1172/2123/1985
f 1164/2122/1984 1172/2123/1985 1163/2124/1986
f 1163/2124/1986 1172/2123/1985 1173/2125/1987
f 1163/2124/1986 1173/2125/1987 1162/2126/1988
f 1162/2126/1988 1173/2125/1987 1174/2127/1989
f 1162/2126/1988 1174/2127/1989 1161/2128/1990
f 1161/2128/1990 1174/2127/1989 1175/2129/1991
f 1161/2128/1990 1175/2129/1991 1160/2130/1992
f 1160/2130/1992 1175/2129/1991 1176/2131/1993
f 1160/2130/1992 1176/2131/1993 1159/2132/1994
f 1159/2132/1994 1176/2131/1993 1177/2133/1995
f 1159/2132/1994 1177/2133/1995 1158/2134/1996
f 1158/2134/1996 1177/2133/1995 1178/2135/1997
f 1158/2134/1996 1178/2135/1997 1157/2136/1998
f 1157/2136/1998 1178/2135/1997 1179/2137/1999
f 1157/2136/1998 1179/2137/1999 1156/2138/2000
f 1156/2138/2000 1179/2137/1999 1180/2139/2001
f 1156/2138/2000 1180/2139/2001 1155/2140/2002
f 1155/2140/2002 1180/2139/2001 1181/2141/2003
f 1155/2140/2002 1181/2141/2003 1154/2142/2004
f 1154/2142/2004 1181/2141/2003 1182/2143/2005
f 1154/2142/2004 1182/2143/2005 1153/2144/2006
f 1153/2144/2006 1182/2143/2005 1183/2145/2007
f 1153/2144/2006 1183/2145/2007 1152/2146/2008
f 1152/2146/2008 1183/2145/2007 1184/2147/2009
f 1152/2146/2008 1184/2147/2009 1151/2148/2010
f 1151/2148/2010 1184/2147/2009 1185/2149/2011
f 1151/2148/2010 1185/2149/2011 1150/2150/2012
f 1150/2150/2012 1185/2149/2011 1186/2151/2013
f 1150/2150/2012 1186/2151/2013 1149/2152/2014
f 1149/2152/2014 1186/2151/2013 1187/2153/2015
f 1149/2152/2014 1187/2153/2015 1148/2154/2016
f 1148/2154/2016 1187/2153/2015 1188/2155/2017
f 1148/2156/2016 1188/2157/2017 1147/2158/2018
f 1147/2158/2018 1188/2157/2017 1189/2159/2019
f 1147/2158/2018 1189/2159/2019 1146/2160/2020
f 1146/2160/2020 1189/2159/2019 1190/2161/2021
f 1146/2160/2020 1190/2161/2021 1145/2162/2022
f 1145/2162/2022 1190/2161/2021 1191/2163/2023
f 1145/2162/2022 1191/2163/2023 1144/2164/2024
f 1144/2164/2024 1191/2163/2023 1192/2165/2025
f 1144/2164/2024 1192/2165/2025 1143/2166/2026
f 1143/2166/2026 1192/2165/2025 1193/2167/2027
f 1143/2166/2026 1193/2167/2027 1142/2168/2028
f 1142/2168/2028 1193/2167/2027 1194/2169/2029
f 1142/2168/2028 1194/2169/2029 1141/2104/1966
f 1141/2104/1966 1194/2169/2029 1195/2105/1967
f 1279/2170/2030 1204/2171/2031 1294/2172/2032
f 1294/2172/2032 1204/2171/2031 1205/2173/2033
f 1294/2172/2032 1205/2173/2033 1285/2174/2034
f 1285/2174/2034 1205/2173/2033 1206/2175/2035
f 1285/2174/2034 1206/2175/2035 1207/2176/2036
f 1207/2176/2036 1208/2177/2037 1285/2174/2034
f 1285/2174/2034 1208/2177/2037 1209/2178/2038
f 1285/2174/2034 1209/2178/2038 1295/2179/2039
f 1295/2179/2039 1209/2178/2038 1210/2180/2040
f 1295/2179/2039 1210/2180/2040 1300/2181/2041
f 1300/2181/2041 1210/2180/2040 1211/2182/2042
f 1300/2181/2041 1211/2182/2042 1305/2183/2043
f 1305/2183/2043 1211/2182/2042 1212/2184/2044
f 1305/2183/2043 1212/2184/2044 1213/2185/2045
f 1305/2183/2043 1213/2185/2045 1310/2186/2046
f 1310/2186/2046 1213/2185/2045 1214/2187/2047
f 1310/2186/2046 1214/2187/2047 1215/2188/2048
f 1310/2186/2046 1215/2188/2048 1315/2189/2049
f 1315/2189/2049 1215/2188/2048 1216/2190/2050
f 1315/2189/2049 1216/2190/2050 1217/2191/2051
f 1315/2189/2049 1217/2191/2051 1320/2192/2052
f 1320/2192/2052 1217/2191/2051 1218/2193/2053
f 1320/2192/2052 1218/2193/2053 1325/2194/2054
f 1325/2194/2054 1218/2193/2053 1219/2195/2055
f 1325/2194/2054 1219/2195/2055 1220/2196/2056
f 1325/2194/2054 1220/2196/2056 1330/2197/2057
f 1330/2197/2057 1220/2196/2056 1221/2198/2058
f 1330/2197/2057 1221/2198/2058 1222/2199/2059
f 1222/2199/2059 1223/2200/2060 1330/2197/2057
f 1330/2197/2057 1223/2200/2060 1335/2201/2061
f 1330/2197/2057 1335/2201/2061 1336/2202/2062
f 1336/2202/2062 1335/2201/2061 1341/2203/2063
f 1336/2202/2062 1341/2203/2063 1342/2204/2064
f 1342/2204/2064 1341/2203/2063 1347/2205/2065
f 1342/2204/2064 1347/2205/2065 1348/2206/2066
f 1348/2206/2066 1347/2205/2065 1353/2207/2067
f 1348/2206/2066 1353/2207/2067 1354/2208/2068
f 1354/2208/2068 1353/2207/2067 1359/2209/2069
f 1354/2208/2068 1359/2209/2069 1202/2210/1981
f 1202/2210/1981 1359/2209/2069 1203/2211/1983
f 1203/2211/1983 1359/2209/2069 1364/2212/2070
f 1203/2211/1983 1364/2212/2070 1172/2213/1985
f 1172/2213/1985 1364/2212/2070 1284/2214/2071
f 1172/2215/1985 1284/2216/2071 1173/2217/1987
f 1173/2217/1987 1284/2216/2071 1369/2218/2072
f 1173/2217/1987 1369/2218/2072 1174/2219/1989
f 1174/2219/1989 1369/2218/2072 1374/2220/2073
f 1174/2219/1989 1374/2220/2073 1175/2221/1991
f 1175/2221/1991 1374/2220/2073 1379/2222/2074
f 1175/2221/1991 1379/2222/2074 1176/2223/1993
f 1176/2223/1993 1379/2222/2074 1384/2224/2075
f 1176/2223/1993 1384/2224/2075 1177/2225/1995
f 1177/2225/1995 1384/2224/2075 1389/2226/2076
f 1177/2225/1995 1389/2226/2076 1178/2227/1997
f 1178/2227/1997 1389/2226/2076 1394/2228/2077
f 1178/2227/1997 1394/2228/2077 1179/2229/1999
f 1179/2229/1999 1394/2228/2077 1399/2230/2078
f 1179/2229/1999 1399/2230/2078 1404/2231/2079
f 1404/2231/2079 1399/2230/2078 1403/2232/2080
f 1404/2231/2079 1403/2232/2080 1408/2233/2081
f 1408/2233/2081 1403/2232/2080 1407/2234/2082
f 1408/2233/2081 1407/2234/2082 1413/2235/2083
f 1413/2235/2083 1407/2234/2082 1412/2236/2084
f 1413/2235/2083 1412/2236/2084 1418/2237/2085
f 1418/2237/2085 1412/2236/2084 1417/2238/2086
f 1418/2237/2085 1417/2238/2086 1423/2239/2087
f 1423/2239/2087 1417/2238/2086 1422/2240/2088
f 1423/2239/2087 1422/2240/2088 1428/2241/2089
f 1428/2241/2089 1422/2240/2088 1427/2242/2090
f 1428/2241/2089 1427/2242/2090 1433/2243/2091
f 1433/2243/2091 1427/2242/2090 1432/2244/2092
f 1433/2243/2091 1432/2244/2092 1438/2245/2093
f 1438/2245/2093 1432/2244/2092 1437/2246/2094
f 1438/2245/2093 1437/2246/2094 1292/2247/2095
f 1292/2247/2095 1437/2246/2094 1293/2248/2096
f 1292/2247/2095 1293/2248/2096 1286/2249/2097
f 1286/2249/2097 1293/2248/2096 1285/2174/2034
f 1286/2249/2097 1285/2174/2034 1296/2250/2098
f 1296/2250/2098 1285/2174/2034 1295/2179/2039
f 1296/2250/2098 1295/2179/2039 1301/2251/2099
f 1301/2251/2099 1295/2179/2039 1300/2181/2041
f 1301/2251/2099 1300/2181/2041 1306/2252/2100
f 1306/2252/2100 1300/2181/2041 1305/2183/2043
f 1306/2252/2100 1305/2183/2043 1311/2253/2101
f 1311/2253/2101 1305/2183/2043 1310/2186/2046
f 1311/2253/2101 1310/2186/2046 1316/2254/2102
f 1316/2254/2102 1310/2186/2046 1315/2189/2049
f 1316/2254/2102 1315/2189/2049 1321/2255/2103
f 1321/2255/2103 1315/2189/2049 1320/2192/2052
f 1321/2255/2103 1320/2192/2052 1326/2256/2104
f 1326/2256/2104 1320/2192/2052 1325/2194/2054
f 1326/2256/2104 1325/2194/2054 1331/2257/2105
f 1331/2257/2105 1325/2194/2054 1330/2197/2057
f 1331/2257/2105 1330/2197/2057 1336/2202/2062
f 1223/2200/2060 1224/2258/2106 1335/2201/2061
f 1335/2201/2061 1224/2258/2106 1225/2259/2107
f 1335/2201/2061 1225/2259/2107 1226/2260/2108
f 1335/2201/2061 1226/2260/2108 1340/2261/2109
f 1340/2261/2109 1226/2260/2108 1227/2262/2110
f 1340/2261/2109 1227/2262/2110 1228/2263/2111
f 1228/2263/2111 1229/2264/2112 1340/2261/2109
f 1340/2261/2109 1229/2264/2112 1230/2265/2113
f 1340/2261/2109 1230/2265/2113 1231/2266/2114
f 1340/2261/2109 1231/2266/2114 1345/2267/2115
f 1345/2267/2115 1231/2266/2114 1232/2268/2116
f 1345/2267/2115 1232/2268/2116 1350/2269/2117
f 1350/2269/2117 1232/2268/2116 1233/2270/2118
f 1350/2269/2117 1233/2270/2118 1234/2271/2119
f 1234/2271/2119 1235/2272/2120 1350/2269/2117
f 1350/2269/2117 1235/2272/2120 1236/2273/2121
f 1350/2269/2117 1236/2273/2121 1355/2274/2122
f 1355/2274/2122 1236/2273/2121 1237/2275/2123
f 1355/2274/2122 1237/2275/2123 1360/2276/2124
f 1360/2276/2124 1237/2275/2123 1238/2277/2125
f 1360/2276/2124 1238/2277/2125 1239/2278/2126
f 1360/2276/2124 1239/2278/2126 1280/2279/2127
f 1280/2279/2127 1239/2278/2126 1240/2280/2128
f 1280/2279/2127 1240/2280/2128 1241/2281/2129
f 1241/2281/2129 1242/2282/2130 1280/2279/2127
f 1280/2283/2127 1242/2284/2130 1243/2285/2131
f 1280/2283/2127 1243/2285/2131 1365/2286/2132
f 1365/2286/2132 1243/2285/2131 1244/2287/2133
f 1365/2286/2132 1244/2287/2133 1245/2288/2134
f 1245/2288/2134 1246/2289/2135 1365/2286/2132
f 1365/2286/2132 1246/2289/2135 1247/2290/2136
f 1365/2286/2132 1247/2290/2136 1370/2291/2137
f 1370/2291/2137 1247/2290/2136 1248/2292/2138
f 1370/2291/2137 1248/2292/2138 1375/2293/2139
f 1375/2293/2139 1248/2292/2138 1249/2294/2140
f 1375/2293/2139 1249/2294/2140 1380/2295/2141
f 1380/2295/2141 1249/2294/2140 1250/2296/2142
f 1380/2295/2141 1250/2296/2142 1251/2297/2143
f 1380/2295/2141 1251/2297/2143 1385/2298/2144
f 1385/2298/2144 1251/2297/2143 1252/2299/2145
f 1385/2298/2144 1252/2299/2145 1253/2300/2146
f 1385/2298/2144 1253/2300/2146 1390/2301/2147
f 1390/2301/2147 1253/2300/2146 1254/2302/2148
f 1390/2301/2147 1254/2302/2148 1255/2303/2149
f 1390/2301/2147 1255/2303/2149 1395/2304/2150
f 1395/2304/2150 1255/2303/2149 1256/2305/2151
f 1395/2304/2150 1256/2305/2151 1400/2306/2152
f 1400/2306/2152 1256/2305/2151 1257/2307/2153
f 1400/2306/2152 1257/2307/2153 1258/2308/2154
f 1400/2306/2152 1258/2308/2154 1405/2309/2155
f 1405/2309/2155 1258/2308/2154 1259/2310/2156
f 1405/2309/2155 1259/2310/2156 1260/2311/2157
f 1260/2311/2157 1261/2312/2158 1405/2309/2155
f 1405/2309/2155 1261/2312/2158 1410/2313/2159
f 1405/2309/2155 1410/2313/2159 1411/2314/2160
f 1411/2314/2160 1410/2313/2159 1416/2315/2161
f 1411/2314/2160 1416/2315/2161 1417/2238/2086
f 1417/2238/2086 1416/2315/2161 1422/2240/2088
f 1261/2312/2158 1262/2316/2162 1410/2313/2159
f 1410/2313/2159 1262/2316/2162 1263/2317/2163
f 1410/2313/2159 1263/2317/2163 1264/2318/2164
f 1410/2313/2159 1264/2318/2164 1415/2319/2165
f 1415/2319/2165 1264/2318/2164 1265/2320/2166
f 1415/2319/2165 1265/2320/2166 1266/2321/2167
f 1266/2321/2167 1267/2322/2168 1415/2319/2165
f 1415/2319/2165 1267/2322/2168 1268/2323/2169
f 1415/2319/2165 1268/2323/2169 1269/2324/2170
f 1415/2319/2165 1269/2324/2170 1420/2325/2171
f 1420/2325/2171 1269/2324/2170 1270/2326/2172
f 1420/2325/2171 1270/2326/2172 1425/2327/2173
f 1425/2327/2173 1270/2326/2172 1271/2328/2174
f 1425/2327/2173 1271/2328/2174 1272/2329/2175
f 1272/2329/2175 1273/2330/2176 1425/2327/2173
f 1425/2327/2173 1273/2330/2176 1274/2331/2177
f 1425/2327/2173 1274/2331/2177 1430/2332/2178
f 1430/2332/2178 1274/2331/2177 1275/2333/2179
f 1430/2332/2178 1275/2333/2179 1435/2334/2180
f 1435/2334/2180 1275/2333/2179 1276/2335/2181
f 1435/2334/2180 1276/2335/2181 1277/2336/2182
f 1435/2334/2180 1277/2336/2182 1294/2172/2032
f 1294/2172/2032 1277/2336/2182 1278/2337/2183
f 1294/2172/2032 1278/2337/2183 1279/2170/2030
f 1202/2210/1981 1201/2338/1979 1354/2208/2068
f 1354/2208/2068 1201/2338/1979 1349/2339/2184
f 1354/2208/2068 1349/2339/2184 1348/2206/2066
f 1348/2206/2066 1349/2339/2184 1343/2340/2185
f 1348/2206/2066 1343/2340/2185 1342/2204/2064
f 1342/2204/2064 1343/2340/2185 1337/2341/2186
f 1342/2204/2064 1337/2341/2186 1336/2202/2062
f 1336/2202/2062 1337/2341/2186 1331/2257/2105
f 1201/2338/1979 1200/2342/1977 1349/2339/2184
f 1349/2339/2184 1200/2342/1977 1344/2343/2187
f 1349/2339/2184 1344/2343/2187 1343/2340/2185
f 1343/2340/2185 1344/2343/2187 1338/2344/2188
f 1343/2340/2185 1338/2344/2188 1337/2341/2186
f 1337/2341/2186 1338/2344/2188 1332/2345/2189
f 1337/2341/2186 1332/2345/2189 1331/2257/2105
f 1331/2257/2105 1332/2345/2189 1326/2256/2104
f 1200/2342/1977 1199/2346/1975 1344/2343/2187
f 1344/2343/2187 1199/2346/1975 1339/2347/2190
f 1344/2343/2187 1339/2347/2190 1338/2344/2188
f 1338/2344/2188 1339/2347/2190 1333/2348/2191
f 1338/2344/2188 1333/2348/2191 1332/2345/2189
f 1332/2345/2189 1333/2348/2191 1327/2349/2192
f 1332/2345/2189 1327/2349/2192 1326/2256/2104
f 1326/2256/2104 1327/2349/2192 1321/2255/2103
f 1199/2346/1975 1198/2350/1973 1339/2347/2190
f 1339/2347/2190 1198/2350/1973 1334/2351/2193
f 1339/2347/2190 1334/2351/2193 1333/2348/2191
f 1333/2348/2191 1334/2351/2193 1328/2352/2194
f 1333/2348/2191 1328/2352/2194 1327/2349/2192
f 1327/2349/2192 1328/2352/2194 1322/2353/2195
f 1327/2349/2192 1322/2353/2195 1321/2255/2103
f 1321/2255/2103 1322/2353/2195 1316/2254/2102
f 1198/2350/1973 1197/2354/1971 1334/2351/2193
f 1334/2351/2193 1197/2354/1971 1329/2355/2196
f 1334/2351/2193 1329/2355/2196 1328/2352/2194
f 1328/2352/2194 1329/2355/2196 1323/2356/2197
f 1328/2352/2194 1323/2356/2197 1322/2353/2195
f 1322/2353/2195 1323/2356/2197 1317/2357/2198
f 1322/2353/2195 1317/2357/2198 1316/2254/2102
f 1316/2254/2102 1317/2357/2198 1311/2253/2101
f 1197/2354/1971 1196/2358/1969 1329/2355/2196
f 1329/2355/2196 1196/2358/1969 1324/2359/2199
f 1329/2355/2196 1324/2359/2199 1323/2356/2197
f 1323/2356/2197 1324/2359/2199 1318/2360/2200
f 1323/2356/2197 1318/2360/2200 1317/2357/2198
f 1317/2357/2198 1318/2360/2200 1312/2361/2201
f 1317/2357/2198 1312/2361/2201 1311/2253/2101
f 1311/2253/2101 1312/2361/2201 1306/2252/2100
f 1196/2358/1969 1195/2362/1967 1324/2359/2199
f 1324/2359/2199 1195/2362/1967 1319/2363/2202
f 1324/2359/2199 1319/2363/2202 1318/2360/2200
f 1318/2360/2200 1319/2363/2202 1313/2364/2203
f 1318/2360/2200 1313/2364/2203 1312/2361/2201
f 1312/2361/2201 1313/2364/2203 1307/2365/2204
f 1312/2361/2201 1307/2365/2204 1306/2252/2100
f 1306/2252/2100 1307/2365/2204 1301/2251/2099
f 1195/2362/1967 1194/2366/2029 1319/2363/2202
f 1319/2363/2202 1194/2366/2029 1314/2367/2205
f 1319/2363/2202 1314/2367/2205 1313/2364/2203
f 1313/2364/2203 1314/2367/2205 1308/2368/2206
f 1313/2364/2203 1308/2368/2206 1307/2365/2204
f 1307/2365/2204 1308/2368/2206 1302/2369/2207
f 1307/2365/2204 1302/2369/2207 1301/2251/2099
f 1301/2251/2099 1302/2369/2207 1296/2250/2098
f 1194/2366/2029 1193/2370/2027 1314/2367/2205
f 1314/2367/2205 1193/2370/2027 1309/2371/2208
f 1314/2367/2205 1309/2371/2208 1308/2368/2206
f 1308/2368/2206 1309/2371/2208 1303/2372/2209
f 1308/2368/2206 1303/2372/2209 1302/2369/2207
f 1302/2369/2207 1303/2372/2209 1297/2373/2210
f 1302/2369/2207 1297/2373/2210 1296/2250/2098
f 1296/2250/2098 1297/2373/2210 1286/2249/2097
f 1193/2370/2027 1192/2374/2025 1309/2371/2208
f 1309/2371/2208 1192/2374/2025 1304/2375/2211
f 1309/2371/2208 1304/2375/2211 1303/2372/2209
f 1303/2372/2209 1304/2375/2211 1298/2376/2212
f 1303/2372/2209 1298/2376/2212 1297/2373/2210
f 1297/2373/2210 1298/2376/2212 1287/2377/2213
f 1297/2373/2210 1287/2377/2213 1286/2249/2097
f 1286/2249/2097 1287/2377/2213 1292/2247/2095
f 1192/2374/2025 1191/2378/2023 1304/2375/2211
f 1304/2375/2211 1191/2378/2023 1299/2379/2214
f 1304/2375/2211 1299/2379/2214 1298/2376/2212
f 1298/2376/2212 1299/2379/2214 1288/2380/2215
f 1298/2376/2212 1288/2380/2215 1287/2377/2213
f 1287/2377/2213 1288/2380/2215 1291/2381/2216
f 1287/2377/2213 1291/2381/2216 1292/2247/2095
f 1292/2247/2095 1291/2381/2216 1438/2245/2093
f 1191/2378/2023 1190/2382/2021 1299/2379/2214
f 1299/2379/2214 1190/2382/2021 1289/2383/2217
f 1299/2379/2214 1289/2383/2217 1288/2380/2215
f 1288/2380/2215 1289/2383/2217 1290/2384/2218
f 1288/2380/2215 1290/2384/2218 1291/2381/2216
f 1291/2381/2216 1290/2384/2218 1439/2385/2219
f 1291/2381/2216 1439/2385/2219 1438/2245/2093
f 1438/2245/2093 1439/2385/2219 1433/2243/2091
f 1190/2382/2021 1189/2386/2019 1289/2383/2217
f 1289/2383/2217 1189/2386/2019 1188/2387/2017
f 1289/2383/2217 1188/2387/2017 1290/2384/2218
f 1290/2384/2218 1188/2387/2017 1187/2388/2015
f 1290/2384/2218 1187/2388/2015 1439/2385/2219
f 1439/2385/2219 1187/2388/2015 1434/2389/2220
f 1439/2385/2219 1434/2389/2220 1433/2243/2091
f 1433/2243/2091 1434/2389/2220 1428/2241/2089
f 1187/2388/2015 1186/2390/2013 1434/2389/2220
f 1434/2389/2220 1186/2390/2013 1429/2391/2221
f 1434/2389/2220 1429/2391/2221 1428/2241/2089
f 1428/2241/2089 1429/2391/2221 1423/2239/2087
f 1186/2390/2013 1185/2392/2011 1429/2391/2221
f 1429/2391/2221 1185/2392/2011 1424/2393/2222
f 1429/2391/2221 1424/2393/2222 1423/2239/2087
f 1423/2239/2087 1424/2393/2222 1418/2237/2085
f 1185/2392/2011 1184/2394/2009 1424/2393/2222
f 1424/2393/2222 1184/2394/2009 1419/2395/2223
f 1424/2393/2222 1419/2395/2223 1418/2237/2085
f 1418/2237/2085 1419/2395/2223 1413/2235/2083
f 1184/2394/2009 1183/2396/2007 1419/2395/2223
f 1419/2395/2223 1183/2396/2007 1414/2397/2224
f 1419/2395/2223 1414/2397/2224 1413/2235/2083
f 1413/2235/2083 1414/2397/2224 1408/2233/2081
f 1183/2396/2007 1182/2398/2005 1414/2397/2224
f 1414/2397/2224 1182/2398/2005 1409/2399/2225
f 1414/2397/2224 1409/2399/2225 1408/2233/2081
f 1408/2233/2081 1409/2399/2225 1404/2231/2079
f 1182/2398/2005 1181/2400/2003 1409/2399/2225
f 1409/2399/2225 1181/2400/2003 1180/2401/2001
f 1409/2399/2225 1180/2401/2001 1404/2231/2079
f 1404/2231/2079 1180/2401/2001 1179/2229/1999
f 1280/2279/2127 1281/2402/2226 1360/2276/2124
f 1360/2276/2124 1281/2402/2226 1361/2403/2227
f 1360/2276/2124 1361/2403/2227 1355/2274/2122
f 1355/2274/2122 1361/2403/2227 1356/2404/2228
f 1355/2274/2122 1356/2404/2228 1350/2269/2117
f 1350/2269/2117 1356/2404/2228 1351/2405/2229
f 1350/2269/2117 1351/2405/2229 1345/2267/2115
f 1345/2267/2115 1351/2405/2229 1346/2406/2230
f 1345/2267/2115 1346/2406/2230 1340/2261/2109
f 1340/2261/2109 1346/2406/2230 1341/2203/2063
f 1340/2261/2109 1341/2203/2063 1335/2201/2061
f 1281/2402/2226 1282/2407/2231 1361/2403/2227
f 1361/2403/2227 1282/2407/2231 1362/2408/2232
f 1361/2403/2227 1362/2408/2232 1356/2404/2228
f 1356/2404/2228 1362/2408/2232 1357/2409/2233
f 1356/2404/2228 1357/2409/2233 1351/2405/2229
f 1351/2405/2229 1357/2409/2233 1352/2410/2234
f 1351/2405/2229 1352/2410/2234 1346/2406/2230
f 1346/2406/2230 1352/2410/2234 1347/2205/2065
f 1346/2406/2230 1347/2205/2065 1341/2203/2063
f 1281/2411/2226 1280/2283/2127 1366/2412/2235
f 1366/2412/2235 1280/2283/2127 1365/2286/2132
f 1366/2412/2235 1365/2286/2132 1371/2413/2236
f 1371/2413/2236 1365/2286/2132 1370/2291/2137
f 1371/2413/2236 1370/2291/2137 1376/2414/2237
f 1376/2414/2237 1370/2291/2137 1375/2293/2139
f 1376/2414/2237 1375/2293/2139 1381/2415/2238
f 1381/2415/2238 1375/2293/2139 1380/2295/2141
f 1381/2415/2238 1380/2295/2141 1386/2416/2239
f 1386/2416/2239 1380/2295/2141 1385/2298/2144
f 1386/2416/2239 1385/2298/2144 1391/2417/2240
f 1391/2417/2240 1385/2298/2144 1390/2301/2147
f 1391/2417/2240 1390/2301/2147 1396/2418/2241
f 1396/2418/2241 1390/2301/2147 1395/2304/2150
f 1396/2418/2241 1395/2304/2150 1400/2306/2152
f 1282/2407/2231 1283/2419/2242 1362/2408/2232
f 1362/2408/2232 1283/2419/2242 1363/2420/2243
f 1362/2408/2232 1363/2420/2243 1357/2409/2233
f 1357/2409/2233 1363/2420/2243 1358/2421/2244
f 1357/2409/2233 1358/2421/2244 1352/2410/2234
f 1352/2410/2234 1358/2421/2244 1353/2207/2067
f 1352/2410/2234 1353/2207/2067 1347/2205/2065
f 1282/2422/2231 1281/2411/2226 1367/2423/2245
f 1367/2423/2245 1281/2411/2226 1366/2412/2235
f 1367/2423/2245 1366/2412/2235 1372/2424/2246
f 1372/2424/2246 1366/2412/2235 1371/2413/2236
f 1372/2424/2246 1371/2413/2236 1377/2425/2247
f 1377/2425/2247 1371/2413/2236 1376/2414/2237
f 1377/2425/2247 1376/2414/2237 1382/2426/2248
f 1382/2426/2248 1376/2414/2237 1381/2415/2238
f 1382/2426/2248 1381/2415/2238 1387/2427/2249
f 1387/2427/2249 1381/2415/2238 1386/2416/2239
f 1387/2427/2249 1386/2416/2239 1392/2428/2250
f 1392/2428/2250 1386/2416/2239 1391/2417/2240
f 1392/2428/2250 1391/2417/2240 1397/2429/2251
f 1397/2429/2251 1391/2417/2240 1396/2418/2241
f 1397/2429/2251 1396/2418/2241 1401/2430/2252
f 1401/2430/2252 1396/2418/2241 1400/2306/2152
f 1401/2430/2252 1400/2306/2152 1405/2309/2155
f 1283/2419/2242 1284/2214/2071 1363/2420/2243
f 1363/2420/2243 1284/2214/2071 1364/2212/2070
f 1363/2420/2243 1364/2212/2070 1358/2421/2244
f 1358/2421/2244 1364/2212/2070 1359/2209/2069
f 1358/2421/2244 1359/2209/2069 1353/2207/2067
f 1283/2431/2242 1282/2422/2231 1368/2432/2253
f 1368/2432/2253 1282/2422/2231 1367/2423/2245
f 1368/2432/2253 1367/2423/2245 1373/2433/2254
f 1373/2433/2254 1367/2423/2245 1372/2424/2246
f 1373/2433/2254 1372/2424/2246 1378/2434/2255
f 1378/2434/2255 1372/2424/2246 1377/2425/2247
f 1378/2434/2255 1377/2425/2247 1383/2435/2256
f 1383/2435/2256 1377/2425/2247 1382/2426/2248
f 1383/2435/2256 1382/2426/2248 1388/2436/2257
f 1388/2436/2257 1382/2426/2248 1387/2427/2249
f 1388/2436/2257 1387/2427/2249 1393/2437/2258
f 1393/2437/2258 1387/2427/2249 1392/2428/2250
f 1393/2437/2258 1392/2428/2250 1398/2438/2259
f 1398/2438/2259 1392/2428/2250 1397/2429/2251
f 1398/2438/2259 1397/2429/2251 1402/2439/2260
f 1402/2439/2260 1397/2429/2251 1401/2430/2252
f 1402/2439/2260 1401/2430/2252 1406/2440/2261
f 1406/2440/2261 1401/2430/2252 1405/2309/2155
f 1406/2440/2261 1405/2309/2155 1411/2314/2160
f 1284/2216/2071 1283/2431/2242 1369/2218/2072
f 1369/2218/2072 1283/2431/2242 1368/2432/2253
f 1369/2218/2072 1368/2432/2253 1374/2220/2073
f 1374/2220/2073 1368/2432/2253 1373/2433/2254
f 1374/2220/2073 1373/2433/2254 1379/2222/2074
f 1379/2222/2074 1373/2433/2254 1378/2434/2255
f 1379/2222/2074 1378/2434/2255 1384/2224/2075
f 1384/2224/2075 1378/2434/2255 1383/2435/2256
f 1384/2224/2075 1383/2435/2256 1389/2226/2076
f 1389/2226/2076 1383/2435/2256 1388/2436/2257
f 1389/2226/2076 1388/2436/2257 1394/2228/2077
f 1394/2228/2077 1388/2436/2257 1393/2437/2258
f 1394/2228/2077 1393/2437/2258 1399/2230/2078
f 1399/2230/2078 1393/2437/2258 1398/2438/2259
f 1399/2230/2078 1398/2438/2259 1403/2232/2080
f 1403/2232/2080 1398/2438/2259 1402/2439/2260
f 1403/2232/2080 1402/2439/2260 1407/2234/2082
f 1407/2234/2082 1402/2439/2260 1406/2440/2261
f 1407/2234/2082 1406/2440/2261 1412/2236/2084
f 1412/2236/2084 1406/2440/2261 1411/2314/2160
f 1412/2236/2084 1411/2314/2160 1417/2238/2086
f 1294/2172/2032 1285/2174/2034 1293/2248/2096
f 1294/2172/2032 1293/2248/2096 1436/2441/2262
f 1436/2441/2262 1293/2248/2096 1437/2246/2094
f 1436/2441/2262 1437/2246/2094 1431/2442/2263
f 1431/2442/2263 1437/2246/2094 1432/2244/2092
f 1431/2442/2263 1432/2244/2092 1426/2443/2264
f 1426/2443/2264 1432/2244/2092 1427/2242/2090
f 1426/2443/2264 1427/2242/2090 1421/2444/2265
f 1421/2444/2265 1427/2242/2090 1422/2240/2088
f 1421/2444/2265 1422/2240/2088 1416/2315/2161
f 1421/2444/2265 1416/2315/2161 1415/2319/2165
f 1415/2319/2165 1416/2315/2161 1410/2313/2159
f 1426/2443/2264 1421/2444/2265 1420/2325/2171
f 1420/2325/2171 1421/2444/2265 1415/2319/2165
f 1431/2442/2263 1426/2443/2264 1425/2327/2173
f 1425/2327/2173 1426/2443/2264 1420/2325/2171
f 1436/2441/2262 1431/2442/2263 1430/2332/2178
f 1430/2332/2178 1431/2442/2263 1425/2327/2173
f 1294/2172/2032 1436/2441/2262 1435/2334/2180
f 1435/2334/2180 1436/2441/2262 1430/2332/2178
f 1171/2445/1970 1499/2446/2266 1140/2447/1968
f 1140/2447/1968 1499/2446/2266 1508/2448/2267
f 1140/2447/1968 1508/2448/2267 1141/2449/1966
f 1141/2449/1966 1508/2448/2267 1649/2450/2268
f 1141/2449/1966 1649/2450/2268 1142/2451/2028
f 1142/2451/2028 1649/2450/2268 1644/2452/2269
f 1142/2451/2028 1644/2452/2269 1143/2453/2026
f 1143/2453/2026 1644/2452/2269 1639/2454/2270
f 1143/2453/2026 1639/2454/2270 1144/2455/2024
f 1144/2455/2024 1639/2454/2270 1634/2456/2271
f 1144/2455/2024 1634/2456/2271 1145/2457/2022
f 1145/2457/2022 1634/2456/2271 1629/2458/2272
f 1145/2457/2022 1629/2458/2272 1146/2459/2020
f 1146/2459/2020 1629/2458/2272 1624/2460/2273
f 1146/2459/2020 1624/2460/2273 1147/2461/2018
f 1147/2461/2018 1624/2460/2273 1619/2462/2274
f 1147/2461/2018 1619/2462/2274 1148/2463/2016
f 1148/2463/2016 1619/2462/2274 1614/2464/2275
f 1148/2463/2016 1614/2464/2275 1149/2465/2014
f 1149/2465/2014 1614/2464/2275 1609/2466/2276
f 1149/2465/2014 1609/2466/2276 1150/2467/2012
f 1150/2467/2012 1609/2466/2276 1604/2468/2277
f 1150/2467/2012 1604/2468/2277 1151/2469/2010
f 1151/2469/2010 1604/2468/2277 1599/2470/2278
f 1151/2469/2010 1599/2470/2278 1152/2471/2008
f 1152/2471/2008 1599/2470/2278 1594/2472/2279
f 1152/2471/2008 1594/2472/2279 1153/2473/2006
f 1153/2473/2006 1594/2472/2279 1589/2474/2280
f 1153/2473/2006 1589/2474/2280 1154/2475/2004
f 1154/2475/2004 1589/2474/2280 1584/2476/2281
f 1154/2475/2004 1584/2476/2281 1155/2477/2002
f 1155/2477/2002 1584/2476/2281 1579/2478/2282
f 1155/2477/2002 1579/2478/2282 1156/2479/2000
f 1156/2479/2000 1579/2478/2282 1494/2480/2283
f 1156/2481/2000 1494/2482/2283 1157/2483/1998
f 1157/2483/1998 1494/2482/2283 1574/2484/2284
f 1157/2483/1998 1574/2484/2284 1158/2485/1996
f 1158/2485/1996 1574/2484/2284 1569/2486/2285
f 1158/2485/1996 1569/2486/2285 1159/2487/1994
f 1159/2487/1994 1569/2486/2285 1564/2488/2286
f 1159/2487/1994 1564/2488/2286 1160/2489/1992
f 1160/2489/1992 1564/2488/2286 1559/2490/2287
f 1160/2489/1992 1559/2490/2287 1161/2491/1990
f 1161/2491/1990 1559/2490/2287 1554/2492/2288
f 1161/2491/1990 1554/2492/2288 1162/2493/1988
f 1162/2493/1988 1554/2492/2288 1549/2494/2289
f 1162/2493/1988 1549/2494/2289 1163/2495/1986
f 1163/2495/1986 1549/2494/2289 1544/2496/2290
f 1163/2495/1986 1544/2496/2290 1164/2497/1984
f 1164/2497/1984 1544/2496/2290 1539/2498/2291
f 1164/2497/1984 1539/2498/2291 1165/2499/1982
f 1165/2499/1982 1539/2498/2291 1534/2500/2292
f 1165/2499/1982 1534/2500/2292 1166/2501/1980
f 1166/2501/1980 1534/2500/2292 1529/2502/2293
f 1166/2501/1980 1529/2502/2293 1167/2503/1978
f 1167/2503/1978 1529/2502/2293 1524/2504/2294
f 1167/2503/1978 1524/2504/2294 1168/2505/1976
f 1168/2505/1976 1524/2504/2294 1519/2506/2295
f 1168/2505/1976 1519/2506/2295 1169/2507/1974
f 1169/2507/1974 1519/2506/2295 1514/2508/2296
f 1169/2507/1974 1514/2508/2296 1170/2509/1972
f 1170/2509/1972 1514/2508/2296 1509/2510/2297
f 1170/2509/1972 1509/2510/2297 1171/2445/1970
f 1171/2445/1970 1509/2510/2297 1499/2446/2266
f 1441/2511/2298 1538/2512/2299 1440/2513/2300
f 1440/2513/2300 1538/2512/2299 1543/2514/2301
f 1440/2513/2300 1543/2514/2301 1493/2515/2302
f 1493/2515/2302 1543/2514/2301 1492/2516/2303
f 1492/2516/2303 1543/2514/2301 1491/2517/2304
f 1491/2517/2304 1543/2514/2301 1548/2518/2305
f 1491/2517/2304 1548/2518/2305 1490/2519/2306
f 1490/2519/2306 1548/2518/2305 1489/2520/2307
f 1489/2520/2307 1548/2518/2305 1553/2521/2308
f 1489/2520/2307 1553/2521/2308 1488/2522/2309
f 1488/2522/2309 1553/2521/2308 1558/2523/2310
f 1488/2522/2309 1558/2523/2310 1487/2524/2311
f 1487/2524/2311 1558/2523/2310 1486/2525/2312
f 1486/2525/2312 1558/2523/2310 1485/2526/2313
f 1485/2526/2313 1558/2523/2310 1484/2527/2314
f 1484/2527/2314 1558/2523/2310 1563/2528/2315
f 1484/2527/2314 1563/2528/2315 1483/2529/2316
f 1483/2529/2316 1563/2528/2315 1568/2530/2317
f 1483/2529/2316 1568/2530/2317 1482/2531/2318
f 1482/2531/2318 1568/2530/2317 1481/2532/2319
f 1481/2532/2319 1568/2530/2317 1480/2533/2320
f 1480/2533/2320 1568/2530/2317 1479/2534/2321
f 1479/2534/2321 1568/2530/2317 1478/2535/2322
f 1478/2535/2322 1568/2530/2317 1573/2536/2323
f 1478/2535/2322 1573/2536/2323 1477/2537/2324
f 1477/2537/2324 1573/2536/2323 1476/2538/2325
f 1476/2538/2325 1573/2536/2323 1475/2539/2326
f 1475/2539/2326 1573/2536/2323 1578/2540/2327
f 1475/2539/2326 1578/2540/2327 1474/2541/2328
f 1474/2541/2328 1578/2540/2327 1473/2542/2329
f 1473/2542/2329 1578/2540/2327 1472/2543/2330
f 1472/2543/2330 1578/2540/2327 1498/2544/2331
f 1472/2543/2330 1498/2544/2331 1471/2545/2332
f 1471/2546/2332 1498/2547/2331 1470/2548/2333
f 1470/2548/2333 1498/2547/2331 1583/2549/2334
f 1470/2548/2333 1583/2549/2334 1469/2550/2335
f 1469/2550/2335 1583/2549/2334 1588/2551/2336
f 1469/2550/2335 1588/2551/2336 1468/2552/2337
f 1468/2552/2337 1588/2551/2336 1467/2553/2338
f 1467/2553/2338 1588/2551/2336 1593/2554/2339
f 1467/2553/2338 1593/2554/2339 1466/2555/2340
f 1466/2555/2340 1593/2554/2339 1465/2556/2341
f 1465/2556/2341 1593/2554/2339 1598/2557/2342
f 1465/2556/2341 1598/2557/2342 1464/2558/2343
f 1464/2558/2343 1598/2557/2342 1463/2559/2344
f 1463/2559/2344 1598/2557/2342 1603/2560/2345
f 1463/2559/2344 1603/2560/2345 1462/2561/2346
f 1462/2561/2346 1603/2560/2345 1608/2562/2347
f 1462/2561/2346 1608/2562/2347 1461/2563/2348
f 1461/2563/2348 1608/2562/2347 1613/2564/2349
f 1461/2563/2348 1613/2564/2349 1460/2565/2350
f 1460/2565/2350 1613/2564/2349 1459/2566/2351
f 1459/2566/2351 1613/2564/2349 1458/2567/2352
f 1458/2567/2352 1613/2564/2349 1457/2568/2353
f 1457/2568/2353 1613/2564/2349 1618/2569/2354
f 1457/2568/2353 1618/2569/2354 1456/2570/2355
f 1456/2570/2355 1618/2569/2354 1455/2571/2356
f 1455/2571/2356 1618/2569/2354 1623/2572/2357
f 1455/2571/2356 1623/2572/2357 1454/2573/2358
f 1454/2573/2358 1623/2572/2357 1628/2574/2359
f 1454/2573/2358 1628/2574/2359 1453/2575/2360
f 1453/2575/2360 1628/2574/2359 1633/2576/2361
f 1453/2575/2360 1633/2576/2361 1452/2577/2362
f 1452/2577/2362 1633/2576/2361 1638/2578/2363
f 1452/2577/2362 1638/2578/2363 1451/2579/2364
f 1451/2579/2364 1638/2578/2363 1643/2580/2365
f 1451/2579/2364 1643/2580/2365 1450/2581/2366
f 1450/2581/2366 1643/2580/2365 1648/2582/2367
f 1450/2581/2366 1648/2582/2367 1449/2583/2368
f 1449/2583/2368 1648/2582/2367 1653/2584/2369
f 1449/2583/2368 1653/2584/2369 1448/2585/2370
f 1448/2585/2370 1653/2584/2369 1504/2586/2371
f 1448/2585/2370 1504/2586/2371 1447/2587/2372
f 1447/2587/2372 1504/2586/2371 1503/2588/2373
f 1447/2587/2372 1503/2588/2373 1446/2589/2374
f 1446/2589/2374 1503/2588/2373 1513/2590/2375
f 1446/2589/2374 1513/2590/2375 1445/2591/2376
f 1445/2591/2376 1513/2590/2375 1518/2592/2377
f 1445/2591/2376 1518/2592/2377 1444/2593/2378
f 1444/2593/2378 1518/2592/2377 1523/2594/2379
f 1444/2593/2378 1523/2594/2379 1443/2595/2380
f 1443/2595/2380 1523/2594/2379 1528/2596/2381
f 1443/2595/2380 1528/2596/2381 1442/2597/2382
f 1442/2597/2382 1528/2596/2381 1533/2598/2383
f 1442/2597/2382 1533/2598/2383 1441/2511/2298
f 1441/2511/2298 1533/2598/2383 1538/2512/2299
f 1494/2482/2283 1495/2599/2384 1574/2484/2284
f 1574/2484/2284 1495/2599/2384 1575/2600/2385
f 1574/2484/2284 1575/2600/2385 1569/2486/2285
f 1569/2486/2285 1575/2600/2385 1570/2601/2386
f 1569/2486/2285 1570/2601/2386 1564/2488/2286
f 1564/2488/2286 1570/2601/2386 1565/2602/2387
f 1564/2488/2286 1565/2602/2387 1559/2490/2287
f 1559/2490/2287 1565/2602/2387 1560/2603/2388
f 1559/2490/2287 1560/2603/2388 1554/2492/2288
f 1554/2492/2288 1560/2603/2388 1555/2604/2389
f 1554/2492/2288 1555/2604/2389 1549/2494/2289
f 1549/2494/2289 1555/2604/2389 1550/2605/2390
f 1549/2494/2289 1550/2605/2390 1544/2496/2290
f 1544/2496/2290 1550/2605/2390 1545/2606/2391
f 1544/2496/2290 1545/2606/2391 1539/2498/2291
f 1539/2498/2291 1545/2606/2391 1540/2607/2392
f 1539/2498/2291 1540/2607/2392 1534/2500/2292
f 1534/2500/2292 1540/2607/2392 1535/2608/2393
f 1534/2500/2292 1535/2608/2393 1529/2502/2293
f 1529/2502/2293 1535/2608/2393 1530/2609/2394
f 1529/2502/2293 1530/2609/2394 1524/2504/2294
f 1524/2504/2294 1530/2609/2394 1525/2610/2395
f 1524/2504/2294 1525/2610/2395 1519/2506/2295
f 1519/2506/2295 1525/2610/2395 1520/2611/2396
f 1519/2506/2295 1520/2611/2396 1514/2508/2296
f 1514/2508/2296 1520/2611/2396 1515/2612/2397
f 1514/2508/2296 1515/2612/2397 1509/2510/2297
f 1509/2510/2297 1515/2612/2397 1510/2613/2398
f 1509/2510/2297 1510/2613/2398 1499/2446/2266
f 1499/2446/2266 1510/2613/2398 1500/2614/2399
f 1499/2446/2266 1500/2614/2399 1508/2448/2267
f 1508/2448/2267 1500/2614/2399 1507/2615/2400
f 1508/2448/2267 1507/2615/2400 1649/2450/2268
f 1649/2450/2268 1507/2615/2400 1650/2616/2401
f 1649/2450/2268 1650/2616/2401 1644/2452/2269
f 1644/2452/2269 1650/2616/2401 1645/2617/2402
f 1644/2452/2269 1645/2617/2402 1639/2454/2270
f 1639/2454/2270 1645/2617/2402 1640/2618/2403
f 1639/2454/2270 1640/2618/2403 1634/2456/2271
f 1634/2456/2271 1640/2618/2403 1635/2619/2404
f 1634/2456/2271 1635/2619/2404 1629/2458/2272
f 1629/2458/2272 1635/2619/2404 1630/2620/2405
f 1629/2458/2272 1630/2620/2405 1624/2460/2273
f 1624/2460/2273 1630/2620/2405 1625/2621/2406
f 1624/2460/2273 1625/2621/2406 1619/2462/2274
f 1619/2462/2274 1625/2621/2406 1620/2622/2407
f 1619/2462/2274 1620/2622/2407 1614/2464/2275
f 1614/2464/2275 1620/2622/2407 1615/2623/2408
f 1614/2464/2275 1615/2623/2408 1609/2466/2276
f 1609/2466/2276 1615/2623/2408 1610/2624/2409
f 1609/2466/2276 1610/2624/2409 1604/2468/2277
f 1604/2468/2277 1610/2624/2409 1605/2625/2410
f 1604/2468/2277 1605/2625/2410 1599/2470/2278
f 1599/2470/2278 1605/2625/2410 1600/2626/2411
f 1599/2470/2278 1600/2626/2411 1594/2472/2279
f 1594/2472/2279 1600/2626/2411 1595/2627/2412
f 1594/2472/2279 1595/2627/2412 1589/2474/2280
f 1589/2474/2280 1595/2627/2412 1590/2628/2413
f 1589/2474/2280 1590/2628/2413 1584/2476/2281
f 1584/2476/2281 1590/2628/2413 1585/2629/2414
f 1584/2476/2281 1585/2629/2414 1579/2478/2282
f 1579/2478/2282 1585/2629/2414 1580/2630/2415
f 1579/2478/2282 1580/2630/2415 1494/2480/2283
f 1494/2480/2283 1580/2630/2415 1495/2631/2384
f 1495/2599/2384 1496/2632/2416 1575/2600/2385
f 1575/2600/2385 1496/2632/2416 1576/2633/2417
f 1575/2600/2385 1576/2633/2417 1570/2601/2386
f 1570/2601/2386 1576/2633/2417 1571/2634/2418
f 1570/2601/2386 1571/2634/2418 1565/2602/2387
f 1565/2602/2387 1571/2634/2418 1566/2635/2419
f 1565/2602/2387 1566/2635/2419 1560/2603/2388
f 1560/2603/2388 1566/2635/2419 1561/2636/2420
f 1560/2603/2388 1561/2636/2420 1555/2604/2389
f 1555/2604/2389 1561/2636/2420 1556/2637/2421
f 1555/2604/2389 1556/2637/2421 1550/2605/2390
f 1550/2605/2390 1556/2637/2421 1551/2638/2422
f 1550/2605/2390 1551/2638/2422 1545/2606/2391
f 1545/2606/2391 1551/2638/2422 1546/2639/2423
f 1545/2606/2391 1546/2639/2423 1540/2607/2392
f 1540/2607/2392 1546/2639/2423 1541/2640/2424
f 1540/2607/2392 1541/2640/2424 1535/2608/2393
f 1535/2608/2393 1541/2640/2424 1536/2641/2425
f 1535/2608/2393 1536/2641/2425 1530/2609/2394
f 1530/2609/2394 1536/2641/2425 1531/2642/2426
f 1530/2609/2394 1531/2642/2426 1525/2610/2395
f 1525/2610/2395 1531/2642/2426 1526/2643/2427
f 1525/2610/2395 1526/2643/2427 1520/2611/2396
f 1520/2611/2396 1526/2643/2427 1521/2644/2428
f 1520/2611/2396 1521/2644/2428 1515/2612/2397
f 1515/2612/2397 1521/2644/2428 1516/2645/2429
f 1515/2612/2397 1516/2645/2429 1510/2613/2398
f 1510/2613/2398 1516/2645/2429 1511/2646/2430
f 1510/2613/2398 1511/2646/2430 1500/2614/2399
f 1500/2614/2399 1511/2646/2430 1501/2647/2431
f 1500/2614/2399 1501/2647/2431 1507/2615/2400
f 1507/2615/2400 1501/2647/2431 1506/2648/2432
f 1507/2615/2400 1506/2648/2432 1650/2616/2401
f 1650/2616/2401 1506/2648/2432 1651/2649/2433
f 1650/2616/2401 1651/2649/2433 1645/2617/2402
f 1645/2617/2402 1651/2649/2433 1646/2650/2434
f 1645/2617/2402 1646/2650/2434 1640/2618/2403
f 1640/2618/2403 1646/2650/2434 1641/2651/2435
f 1640/2618/2403 1641/2651/2435 1635/2619/2404
f 1635/2619/2404 1641/2651/2435 1636/2652/2436
f 1635/2619/2404 1636/2652/2436 1630/2620/2405
f 1630/2620/2405 1636/2652/2436 1631/2653/2437
f 1630/2620/2405 1631/2653/2437 1625/2621/2406
f 1625/2621/2406 1631/2653/2437 1626/2654/2438
f 1625/2621/2406 1626/2654/2438 1620/2622/2407
f 1620/2622/2407 1626/2654/2438 1621/2655/2439
f 1620/2622/2407 1621/2655/2439 1615/2623/2408
f 1615/2623/2408 1621/2655/2439 1616/2656/2440
f 1615/2623/2408 1616/2656/2440 1610/2624/2409
f 1610/2624/2409 1616/2656/2440 1611/2657/2441
f 1610/2624/2409 1611/2657/2441 1605/2625/2410
f 1605/2625/2410 1611/2657/2441 1606/2658/2442
f 1605/2625/2410 1606/2658/2442 1600/2626/2411
f 1600/2626/2411 1606/2658/2442 1601/2659/2443
f 1600/2626/2411 1601/2659/2443 1595/2627/2412
f 1595/2627/2412 1601/2659/2443 1596/2660/2444
f 1595/2627/2412 1596/2660/2444 1590/2628/2413
f 1590/2628/2413 1596/2660/2444 1591/2661/2445
f 1590/2628/2413 1591/2661/2445 1585/2629/2414
f 1585/2629/2414 1591/2661/2445 1586/2662/2446
f 1585/2629/2414 1586/2662/2446 1580/2630/2415
f 1580/2630/2415 1586/2662/2446 1581/2663/2447
f 1580/2630/2415 1581/2663/2447 1495/2631/2384
f 1495/2631/2384 1581/2663/2447 1496/2664/2416
f 1496/2632/2416 1497/2665/2448 1576/2633/2417
f 1576/2633/2417 1497/2665/2448 1577/2666/2449
f 1576/2633/2417 1577/2666/2449 1571/2634/2418
f 1571/2634/2418 1577/2666/2449 1572/2667/2450
f 1571/2634/2418 1572/2667/2450 1566/2635/2419
f 1566/2635/2419 1572/2667/2450 1567/2668/2451
f 1566/2635/2419 1567/2668/2451 1561/2636/2420
f 1561/2636/2420 1567/2668/2451 1562/2669/2452
f 1561/2636/2420 1562/2669/2452 1556/2637/2421
f 1556/2637/2421 1562/2669/2452 1557/2670/2453
f 1556/2637/2421 1557/2670/2453 1551/2638/2422
f 1551/2638/2422 1557/2670/2453 1552/2671/2454
f 1551/2638/2422 1552/2671/2454 1546/2639/2423
f 1546/2639/2423 1552/2671/2454 1547/2672/2455
f 1546/2639/2423 1547/2672/2455 1541/2640/2424
f 1541/2640/2424 1547/2672/2455 1542/2673/2456
f 1541/2640/2424 1542/2673/2456 1536/2641/2425
f 1536/2641/2425 1542/2673/2456 1537/2674/2457
f 1536/2641/2425 1537/2674/2457 1531/2642/2426
f 1531/2642/2426 1537/2674/2457 1532/2675/2458
f 1531/2642/2426 1532/2675/2458 1526/2643/2427
f 1526/2643/2427 1532/2675/2458 1527/2676/2459
f 1526/2643/2427 1527/2676/2459 1521/2644/2428
f 1521/2644/2428 1527/2676/2459 1522/2677/2460
f 1521/2644/2428 1522/2677/2460 1516/2645/2429
f 1516/2645/2429 1522/2677/2460 1517/2678/2461
f 1516/2645/2429 1517/2678/2461 1511/2646/2430
f 1511/2646/2430 1517/2678/2461 1512/2679/2462
f 1511/2646/2430 1512/2679/2462 1501/2647/2431
f 1501/2647/2431 1512/2679/2462 1502/2680/2463
f 1501/2647/2431 1502/2680/2463 1506/2648/2432
f 1506/2648/2432 1502/2680/2463 1505/2681/2464
f 1506/2648/2432 1505/2681/2464 1651/2649/2433
f 1651/2649/2433 1505/2681/2464 1652/2682/2465
f 1651/2649/2433 1652/2682/2465 1646/2650/2434
f 1646/2650/2434 1652/2682/2465 1647/2683/2466
f 1646/2650/2434 1647/2683/2466 1641/2651/2435
f 1641/2651/2435 1647/2683/2466 1642/2684/2467
f 1641/2651/2435 1642/2684/2467 1636/2652/2436
f 1636/2652/2436 1642/2684/2467 1637/2685/2468
f 1636/2652/2436 1637/2685/2468 1631/2653/2437
f 1631/2653/2437 1637/2685/2468 1632/2686/2469
f 1631/2653/2437 1632/2686/2469 1626/2654/2438
f 1626/2654/2438 1632/2686/2469 1627/2687/2470
f 1626/2654/2438 1627/2687/2470 1621/2655/2439
f 1621/2655/2439 1627/2687/2470 1622/2688/2471
f 1621/2655/2439 1622/2688/2471 1616/2656/2440
f 1616/2656/2440 1622/2688/2471 1617/2689/2472
f 1616/2656/2440 1617/2689/2472 1611/2657/2441
f 1611/2657/2441 1617/2689/2472 1612/2690/2473
f 1611/2657/2441 1612/2690/2473 1606/2658/2442
f 1606/2658/2442 1612/2690/2473 1607/2691/2474
f 1606/2658/2442 1607/2691/2474 1601/2659/2443
f 1601/2659/2443 1607/2691/2474 1602/2692/2475
f 1601/2659/2443 1602/2692/2475 1596/2660/2444
f 1596/2660/2444 1602/2692/2475 1597/2693/2476
f 1596/2660/2444 1597/2693/2476 1591/2661/2445
f 1591/2661/2445 1597/2693/2476 1592/2694/2477
f 1591/2661/2445 1592/2694/2477 1586/2662/2446
f 1586/2662/2446 1592/2694/2477 1587/2695/2478
f 1586/2662/2446 1587/2695/2478 1581/2663/2447
f 1581/2663/2447 1587/2695/2478 1582/2696/2479
f 1581/2663/2447 1582/2696/2479 1496/2664/2416
f 1496/2664/2416 1582/2696/2479 1497/2697/2448
f 1497/2665/2448 1498/2544/2331 1577/2666/2449
f 1577/2666/2449 1498/2544/2331 1578/2540/2327
f 1577/2666/2449 1578/2540/2327 1572/2667/2450
f 1572/2667/2450 1578/2540/2327 1573/2536/2323
f 1572/2667/2450 1573/2536/2323 1567/2668/2451
f 1567/2668/2451 1573/2536/2323 1568/2530/2317
f 1567/2668/2451 1568/2530/2317 1562/2669/2452
f 1562/2669/2452 1568/2530/2317 1563/2528/2315
f 1562/2669/2452 1563/2528/2315 1557/2670/2453
f 1557/2670/2453 1563/2528/2315 1558/2523/2310
f 1557/2670/2453 1558/2523/2310 1552/2671/2454
f 1552/2671/2454 1558/2523/2310 1553/2521/2308
f 1552/2671/2454 1553/2521/2308 1547/2672/2455
f 1547/2672/2455 1553/2521/2308 1548/2518/2305
f 1547/2672/2455 1548/2518/2305 1542/2673/2456
f 1542/2673/2456 1548/2518/2305 1543/2514/2301
f 1542/2673/2456 1543/2514/2301 1537/2674/2457
f 1537/2674/2457 1543/2514/2301 1538/2512/2299
f 1537/2674/2457 1538/2512/2299 1532/2675/2458
f 1532/2675/2458 1538/2512/2299 1533/2598/2383
f 1532/2675/2458 1533/2598/2383 1527/2676/2459
f 1527/2676/2459 1533/2598/2383 1528/2596/2381
f 1527/2676/2459 1528/2596/2381 1522/2677/2460
f 1522/2677/2460 1528/2596/2381 1523/2594/2379
f 1522/2677/2460 1523/2594/2379 1517/2678/2461
f 1517/2678/2461 1523/2594/2379 1518/2592/2377
f 1517/2678/2461 1518/2592/2377 1512/2679/2462
f 1512/2679/2462 1518/2592/2377 1513/2590/2375
f 1512/2679/2462 1513/2590/2375 1502/2680/2463
f 1502/2680/2463 1513/2590/2375 1503/2588/2373
f 1502/2680/2463 1503/2588/2373 1505/2681/2464
f 1505/2681/2464 1503/2588/2373 1504/2586/2371
f 1505/2681/2464 1504/2586/2371 1652/2682/2465
f 1652/2682/2465 1504/2586/2371 1653/2584/2369
f 1652/2682/2465 1653/2584/2369 1647/2683/2466
f 1647/2683/2466 1653/2584/2369 1648/2582/2367
f 1647/2683/2466 1648/2582/2367 1642/2684/2467
f 1642/2684/2467 1648/2582/2367 1643/2580/2365
f 1642/2684/2467 1643/2580/2365 1637/2685/2468
f 1637/2685/2468 1643/2580/2365 1638/2578/2363
f 1637/2685/2468 1638/2578/2363 1632/2686/2469
f 1632/2686/2469 1638/2578/2363 1633/2576/2361
f 1632/2686/2469 1633/2576/2361 1627/2687/2470
f 1627/2687/2470 1633/2576/2361 1628/2574/2359
f 1627/2687/2470 1628/2574/2359 1622/2688/2471
f 1622/2688/2471 1628/2574/2359 1623/2572/2357
f 1622/2688/2471 1623/2572/2357 1617/2689/2472
f 1617/2689/2472 1623/2572/2357 1618/2569/2354
f 1617/2689/2472 1618/2569/2354 1612/2690/2473
f 1612/2690/2473 1618/2569/2354 1613/2564/2349
f 1612/2690/2473 1613/2564/2349 1607/2691/2474
f 1607/2691/2474 1613/2564/2349 1608/2562/2347
f 1607/2691/2474 1608/2562/2347 1602/2692/2475
f 1602/2692/2475 1608/2562/2347 1603/2560/2345
f 1602/2692/2475 1603/2560/2345 1597/2693/2476
f 1597/2693/2476 1603/2560/2345 1598/2557/2342
f 1597/2693/2476 1598/2557/2342 1592/2694/2477
f 1592/2694/2477 1598/2557/2342 1593/2554/2339
f 1592/2694/2477 1593/2554/2339 1587/2695/2478
f 1587/2695/2478 1593/2554/2339 1588/2551/2336
f 1587/2695/2478 1588/2551/2336 1582/2696/2479
f 1582/2696/2479 1588/2551/2336 1583/2549/2334
f 1582/2696/2479 1583/2549/2334 1497/2697/2448
f 1497/2697/2448 1583/2549/2334 1498/2547/2331
f 1655/2698/2480 1705/2699/2481 1654/2700/2482
f 1654/2700/2482 1705/2699/2481 1680/2701/2483
f 1654/2700/2482 1680/2701/2483 1679/2702/2484
f 1679/2702/2484 1680/2701/2483 1681/2703/2485
f 1679/2702/2484 1681/2703/2485 1678/2704/2486
f 1678/2704/2486 1681/2703/2485 1682/2705/2487
f 1678/2704/2486 1682/2705/2487 1677/2706/2488
f 1677/2706/2488 1682/2705/2487 1683/2707/2489
f 1677/2706/2488 1683/2707/2489 1676/2708/2490
f 1676/2708/2490 1683/2707/2489 1684/2709/2491
f 1676/2708/2490 1684/2709/2491 1675/2710/2492
f 1675/2710/2492 1684/2709/2491 1685/2711/2493
f 1675/2710/2492 1685/2711/2493 1674/2712/2494
f 1674/2712/2494 1685/2711/2493 1686/2713/2495
f 1674/2712/2494 1686/2713/2495 1673/2714/2496
f 1673/2714/2496 1686/2713/2495 1687/2715/2497
f 1673/2714/2496 1687/2715/2497 1672/2716/2498
f 1672/2716/2498 1687/2715/2497 1688/2717/2499
f 1672/2716/2498 1688/2717/2499 1671/2718/2500
f 1671/2718/2500 1688/2717/2499 1689/2719/2501
f 1671/2718/2500 1689/2719/2501 1670/2720/2502
f 1670/2720/2502 1689/2719/2501 1690/2721/2503
f 1670/2720/2502 1690/2721/2503 1669/2722/2504
f 1669/2722/2504 1690/2721/2503 1691/2723/2505
f 1669/2722/2504 1691/2723/2505 1668/2724/2506
f 1668/2724/2506 1691/2723/2505 1692/2725/2507
f 1668/2724/2506 1692/2725/2507 1667/2726/2508
f 1667/2726/2508 1692/2725/2507 1693/2727/2509
f 1667/2728/2508 1693/2729/2509 1666/2730/2510
f 1666/2730/2510 1693/2729/2509 1694/2731/2511
f 1666/2730/2510 1694/2731/2511 1665/2732/2512
f 1665/2732/2512 1694/2731/2511 1695/2733/2513
f 1665/2732/2512 1695/2733/2513 1664/2734/2514
f 1664/2734/2514 1695/2733/2513 1696/2735/2515
f 1664/2734/2514 1696/2735/2515 1663/2736/2516
f 1663/2736/2516 1696/2735/2515 1697/2737/2517
f 1663/2736/2516 1697/2737/2517 1662/2738/2518
f 1662/2738/2518 1697/2737/2517 1698/2739/2519
f 1662/2738/2518 1698/2739/2519 1661/2740/2520
f 1661/2740/2520 1698/2739/2519 1699/2741/2521
f 1661/2740/2520 1699/2741/2521 1660/2742/2522
f 1660/2742/2522 1699/2741/2521 1700/2743/2523
f 1660/2742/2522 1700/2743/2523 1659/2744/2524
f 1659/2744/2524 1700/2743/2523 1701/2745/2525
f 1659/2744/2524 1701/2745/2525 1658/2746/2526
f 1658/2746/2526 1701/2745/2525 1702/2747/2527
f 1658/2746/2526 1702/2747/2527 1657/2748/2528
f 1657/2748/2528 1702/2747/2527 1703/2749/2529
f 1657/2748/2528 1703/2749/2529 1656/2750/2530
f 1656/2750/2530 1703/2749/2529 1704/2751/2531
f 1656/2750/2530 1704/2751/2531 1655/2698/2480
f 1655/2698/2480 1704/2751/2531 1705/2699/2481
f 1707/2752/2532 1757/2753/2533 1706/2754/2534
f 1706/2754/2534 1757/2753/2533 1732/2755/2535
f 1706/2754/2534 1732/2755/2535 1731/2756/2536
f 1731/2756/2536 1732/2755/2535 1733/2757/2537
f 1731/2756/2536 1733/2757/2537 1730/2758/2538
f 1730/2758/2538 1733/2757/2537 1734/2759/2539
f 1730/2758/2538 1734/2759/2539 1729/2760/2540
f 1729/2760/2540 1734/2759/2539 1735/2761/2541
f 1729/2760/2540 1735/2761/2541 1728/2762/2542
f 1728/2762/2542 1735/2761/2541 1736/2763/2543
f 1728/2762/2542 1736/2763/2543 1727/2764/2544
f 1727/2764/2544 1736/2763/2543 1737/2765/2545
f 1727/2764/2544 1737/2765/2545 1726/2766/2546
f 1726/2766/2546 1737/2765/2545 1738/2767/2547
f 1726/2766/2546 1738/2767/2547 1725/2768/2548
f 1725/2768/2548 1738/2767/2547 1739/2769/2549
f 1725/2768/2548 1739/2769/2549 1724/2770/2550
f 1724/2770/2550 1739/2769/2549 1740/2771/2551
f 1724/2770/2550 1740/2771/2551 1723/2772/2552
f 1723/2772/2552 1740/2771/2551 1741/2773/2553
f 1723/2772/2552 1741/2773/2553 1722/2774/2554
f 1722/2774/2554 1741/2773/2553 1742/2775/2555
f 1722/2774/2554 1742/2775/2555 1721/2776/2556
f 1721/2776/2556 1742/2775/2555 1743/2777/2557
f 1721/2776/2556 1743/2777/2557 1720/2778/2558
f 1720/2778/2558 1743/2777/2557 1744/2779/2559
f 1720/2778/2558 1744/2779/2559 1719/2780/2560
f 1719/2780/2560 1744/2779/2559 1745/2781/2561
f 1719/2782/2560 1745/2783/2561 1718/2784/2562
f 1718/2784/2562 1745/2783/2561 1746/2785/2563
f 1718/2784/2562 1746/2785/2563 1717/2786/2564
f 1717/2786/2564 1746/2785/2563 1747/2787/2565
f 1717/2786/2564 1747/2787/2565 1716/2788/2566
f 1716/2788/2566 1747/2787/2565 1748/2789/2567
f 1716/2788/2566 1748/2789/2567 1715/2790/2568
f 1715/2790/2568 1748/2789/2567 1749/2791/2569
f 1715/2790/2568 1749/2791/2569 1714/2792/2570
f 1714/2792/2570 1749/2791/2569 1750/2793/2571
f 1714/2792/2570 1750/2793/2571 1713/2794/2572
f 1713/2794/2572 1750/2793/2571 1751/2795/2573
f 1713/2794/2572 1751/2795/2573 1712/2796/2574
f 1712/2796/2574 1751/2795/2573 1752/2797/2575
f 1712/2796/2574 1752/2797/2575 1711/2798/2576
f 1711/2798/2576 1752/2797/2575 1753/2799/2577
f 1711/2798/2576 1753/2799/2577 1710/2800/2578
f 1710/2800/2578 1753/2799/2577 1754/2801/2579
f 1710/2800/2578 1754/2801/2579 1709/2802/2580
f 1709/2802/2580 1754/2801/2579 1755/2803/2581
f 1709/2802/2580 1755/2803/2581 1708/2804/2582
f 1708/2804/2582 1755/2803/2581 1756/2805/2583
f 1708/2804/2582 1756/2805/2583 1707/2752/2532
f 1707/2752/2532 1756/2805/2583 1757/2753/2533
f 1759/2806/2584 1809/2807/2585 1758/2808/2586
f 1758/2808/2586 1809/2807/2585 1784/2809/2587
f 1758/2808/2586 1784/2809/2587 1783/2810/2588
f 1783/2810/2588 1784/2809/2587 1785/2811/2589
f 1783/2810/2588 1785/2811/2589 1782/2812/2590
f 1782/2812/2590 1785/2811/2589 1786/2813/2591
f 1782/2812/2590 1786/2813/2591 1781/2814/2592
f 1781/2814/2592 1786/2813/2591 1787/2815/2593
f 1781/2814/2592 1787/2815/2593 1780/2816/2594
f 1780/2816/2594 1787/2815/2593 1788/2817/2595
f 1780/2816/2594 1788/2817/2595 1779/2818/2596
f 1779/2818/2596 1788/2817/2595 1789/2819/2597
f 1779/2818/2596 1789/2819/2597 1778/2820/2598
f 1778/2820/2598 1789/2819/2597 1790/2821/2599
f 1778/2820/2598 1790/2821/2599 1777/2822/2600
f 1777/2822/2600 1790/2821/2599 1791/2823/2601
f 1777/2822/2600 1791/2823/2601 1776/2824/2602
f 1776/2824/2602 1791/2823/2601 1792/2825/2603
f 1776/2824/2602 1792/2825/2603 1775/2826/2604
f 1775/2826/2604 1792/2825/2603 1793/2827/2605
f 1775/2826/2604 1793/2827/2605 1774/2828/2606
f 1774/2828/2606 1793/2827/2605 1794/2829/2607
f 1774/2828/2606 1794/2829/2607 1773/2830/2608
f 1773/2830/2608 1794/2829/2607 1795/2831/2609
f 1773/2830/2608 1795/2831/2609 1772/2832/2610
f 1772/2832/2610 1795/2831/2609 1796/2833/2611
f 1772/2832/2610 1796/2833/2611 1771/2834/2612
f 1771/2834/2612 1796/2833/2611 1797/2835/2613
f 1771/2836/2612 1797/2837/2613 1770/2838/2614
f 1770/2838/2614 1797/2837/2613 1798/2839/2615
f 1770/2838/2614 1798/2839/2615 1769/2840/2616
f 1769/2840/2616 1798/2839/2615 1799/2841/2617
f 1769/2840/2616 1799/2841/2617 1768/2842/2618
f 1768/2842/2618 1799/2841/2617 1800/2843/2619
f 1768/2842/2618 1800/2843/2619 1767/2844/2620
f 1767/2844/2620 1800/2843/2619 1801/2845/2621
f 1767/2844/2620 1801/2845/2621 1766/2846/2622
f 1766/2846/2622 1801/2845/2621 1802/2847/2623
f 1766/2846/2622 1802/2847/2623 1765/2848/2624
f 1765/2848/2624 1802/2847/2623 1803/2849/2625
f 1765/2848/2624 1803/2849/2625 1764/2850/2626
f 1764/2850/2626 1803/2849/2625 1804/2851/2627
f 1764/2850/2626 1804/2851/2627 1763/2852/2628
f 1763/2852/2628 1804/2851/2627 1805/2853/2629
f 1763/2852/2628 1805/2853/2629 1762/2854/2630
f 1762/2854/2630 1805/2853/2629 1806/2855/2631
f 1762/2854/2630 1806/2855/2631 1761/2856/2632
f 1761/2856/2632 1806/2855/2631 1807/2857/2633
f 1761/2856/2632 1807/2857/2633 1760/2858/2634
f 1760/2858/2634 1807/2857/2633 1808/2859/2635
f 1760/2858/2634 1808/2859/2635 1759/2806/2584
f 1759/2806/2584 1808/2859/2635 1809/2807/2585
f 1811/2860/2636 1861/2861/2637 1810/2862/2638
f 1810/2862/2638 1861/2861/2637 1836/2863/2639
f 1810/2862/2638 1836/2863/2639 1835/2864/2640
f 1835/2864/2640 1836/2863/2639 1837/2865/2641
f 1835/2864/2640 1837/2865/2641 1834/2866/2642
f 1834/2866/2642 1837/2865/2641 1838/2867/2643
f 1834/2866/2642 1838/2867/2643 1833/2868/2644
f 1833/2868/2644 1838/2867/2643 1839/2869/2645
f 1833/2868/2644 1839/2869/2645 1832/2870/2646
f 1832/2870/2646 1839/2869/2645 1840/2871/2647
f 1832/2870/2646 1840/2871/2647 1831/2872/2648
f 1831/2872/2648 1840/2871/2647 1841/2873/2649
f 1831/2872/2648 1841/2873/2649 1830/2874/2650
f 1830/2874/2650 1841/2873/2649 1842/2875/2651
f 1830/2874/2650 1842/2875/2651 1829/2876/2652
f 1829/2876/2652 1842/2875/2651 1843/2877/2653
f 1829/2876/2652 1843/2877/2653 1828/2878/2654
f 1828/2878/2654 1843/2877/2653 1844/2879/2655
f 1828/2878/2654 1844/2879/2655 1827/2880/2656
f 1827/2880/2656 1844/2879/2655 1845/2881/2657
f 1827/2880/2656 1845/2881/2657 1826/2882/2658
f 1826/2882/2658 1845/2881/2657 1846/2883/2659
f 1826/2882/2658 1846/2883/2659 1825/2884/2660
f 1825/2884/2660 1846/2883/2659 1847/2885/2661
f 1825/2884/2660 1847/2885/2661 1824/2886/2662
f 1824/2886/2662 1847/2885/2661 1848/2887/2663
f 1824/2886/2662 1848/2887/2663 1823/2888/2664
f 1823/2888/2664 1848/2887/2663 1849/2889/2665
f 1823/2890/2664 1849/2891/2665 1822/2892/2666
f 1822/2892/2666 1849/2891/2665 1850/2893/2667
f 1822/2892/2666 1850/2893/2667 1821/2894/2668
f 1821/2894/2668 1850/2893/2667 1851/2895/2669
f 1821/2894/2668 1851/2895/2669 1820/2896/2670
f 1820/2896/2670 1851/2895/2669 1852/2897/2671
f 1820/2896/2670 1852/2897/2671 1819/2898/2672
f 1819/2898/2672 1852/2897/2671 1853/2899/2673
f 1819/2898/2672 1853/2899/2673 1818/2900/2674
f 1818/2900/2674 1853/2899/2673 1854/2901/2675
f 1818/2900/2674 1854/2901/2675 1817/2902/2676
f 1817/2902/2676 1854/2901/2675 1855/2903/2677
f 1817/2902/2676 1855/2903/2677 1816/2904/2678
f 1816/2904/2678 1855/2903/2677 1856/2905/2679
f 1816/2904/2678 1856/2905/2679 1815/2906/2680
f 1815/2906/2680 1856/2905/2679 1857/2907/2681
f 1815/2906/2680 1857/2907/2681 1814/2908/2682
f 1814/2908/2682 1857/2907/2681 1858/2909/2683
f 1814/2908/2682 1858/2909/2683 1813/2910/2684
f 1813/2910/2684 1858/2909/2683 1859/2911/2685
f 1813/2910/2684 1859/2911/2685 1812/2912/2686
f 1812/2912/2686 1859/2911/2685 1860/2913/2687
f 1812/2912/2686 1860/2913/2687 1811/2860/2636
f 1811/2860/2636 1860/2913/2687 1861/2861/2637
f 1863/2914/2688 1910/2915/2689 1862/2916/2690
f 1862/2916/2690 1910/2915/2689 1886/2917/2691
f 1862/2916/2690 1886/2917/2691 1887/2918/2692
f 1910/2915/2689 1863/2914/2688 1909/2919/2693
f 1909/2919/2693 1863/2914/2688 1864/2920/2694
f 1909/2919/2693 1864/2920/2694 1908/2921/2695
f 1908/2921/2695 1864/2920/2694 1865/2922/2696
f 1908/2921/2695 1865/2922/2696 1907/2923/2697
f 1907/2923/2697 1865/2922/2696 1866/2924/2698
f 1907/2923/2697 1866/2924/2698 1906/2925/2699
f 1906/2925/2699 1866/2924/2698 1867/2926/2700
f 1906/2925/2699 1867/2926/2700 1905/2927/2701
f 1905/2927/2701 1867/2926/2700 1868/2928/2702
f 1905/2927/2701 1868/2928/2702 1904/2929/2703
f 1904/2929/2703 1868/2928/2702 1869/2930/2704
f 1904/2929/2703 1869/2930/2704 1903/2931/2705
f 1903/2931/2705 1869/2930/2704 1870/2932/2706
f 1903/2931/2705 1870/2932/2706 1902/2933/2707
f 1902/2933/2707 1870/2932/2706 1871/2934/2708
f 1902/2933/2707 1871/2934/2708 1901/2935/2709
f 1901/2935/2709 1871/2934/2708 1872/2936/2710
f 1901/2935/2709 1872/2936/2710 1900/2937/2711
f 1900/2937/2711 1872/2936/2710 1873/2938/2712
f 1900/2937/2711 1873/2938/2712 1899/2939/2713
f 1899/2939/2713 1873/2938/2712 1874/2940/2714
f 1899/2939/2713 1874/2940/2714 1898/2941/2715
f 1898/2942/2715 1874/2943/2714 1875/2944/2716
f 1898/2942/2715 1875/2944/2716 1897/2945/2717
f 1897/2945/2717 1875/2944/2716 1876/2946/2718
f 1897/2945/2717 1876/2946/2718 1896/2947/2719
f 1896/2947/2719 1876/2946/2718 1877/2948/2720
f 1896/2947/2719 1877/2948/2720 1895/2949/2721
f 1895/2949/2721 1877/2948/2720 1878/2950/2722
f 1895/2949/2721 1878/2950/2722 1894/2951/2723
f 1894/2951/2723 1878/2950/2722 1879/2952/2724
f 1894/2951/2723 1879/2952/2724 1893/2953/2725
f 1893/2953/2725 1879/2952/2724 1880/2954/2726
f 1893/2953/2725 1880/2954/2726 1892/2955/2727
f 1892/2955/2727 1880/2954/2726 1881/2956/2728
f 1892/2955/2727 1881/2956/2728 1891/2957/2729
f 1891/2957/2729 1881/2956/2728 1882/2958/2730
f 1891/2957/2729 1882/2958/2730 1890/2959/2731
f 1890/2959/2731 1882/2958/2730 1883/2960/2732
f 1890/2959/2731 1883/2960/2732 1889/2961/2733
f 1889/2961/2733 1883/2960/2732 1884/2962/2734
f 1889/2961/2733 1884/2962/2734 1888/2963/2735
f 1888/2963/2735 1884/2962/2734 1885/2964/2736
f 1888/2963/2735 1885/2964/2736 1887/2918/2692
f 1887/2918/2692 1885/2964/2736 1862/2916/2690
f 1912/2965/2737 1953/2966/2738 1911/2967/2739
f 1911/2967/2739 1953/2966/2738 1954/2968/2740
f 1911/2967/2739 1954/2968/2740 1934/2969/2741
f 1934/2969/2741 1954/2968/2740 1955/2970/2742
f 1934/2969/2741 1955/2970/2742 1933/2971/2743
f 1933/2971/2743 1955/2970/2742 1956/2972/2744
f 1933/2971/2743 1956/2972/2744 1932/2973/2745
f 1932/2973/2745 1956/2972/2744 1957/2974/2746
f 1932/2973/2745 1957/2974/2746 1931/2975/2747
f 1931/2975/2747 1957/2974/2746 1958/2976/2748
f 1931/2975/2747 1958/2976/2748 1930/2977/2749
f 1930/2977/2749 1958/2976/2748 1959/2978/2750
f 1930/2977/2749 1959/2978/2750 1929/2979/2751
f 1929/2979/2751 1959/2978/2750 1935/2980/2752
f 1929/2979/2751 1935/2980/2752 1936/2981/2753
f 1953/2966/2738 1912/2965/2737 1952/2982/2754
f 1952/2982/2754 1912/2965/2737 1913/2983/2755
f 1952/2982/2754 1913/2983/2755 1951/2984/2756
f 1951/2984/2756 1913/2983/2755 1914/2985/2757
f 1951/2984/2756 1914/2985/2757 1950/2986/2758
f 1950/2986/2758 1914/2985/2757 1915/2987/2759
f 1950/2986/2758 1915/2987/2759 1949/2988/2760
f 1949/2988/2760 1915/2987/2759 1916/2989/2761
f 1949/2988/2760 1916/2989/2761 1948/2990/2762
f 1948/2990/2762 1916/2989/2761 1917/2991/2763
f 1948/2990/2762 1917/2991/2763 1947/2992/2764
f 1947/2993/2764 1917/2994/2763 1918/2995/2765
f 1947/2993/2764 1918/2995/2765 1946/2996/2766
f 1946/2996/2766 1918/2995/2765 1919/2997/2767
f 1946/2996/2766 1919/2997/2767 1945/2998/2768
f 1945/2998/2768 1919/2997/2767 1920/2999/2769
f 1945/2998/2768 1920/2999/2769 1944/3000/2770
f 1944/3000/2770 1920/2999/2769 1921/3001/2771
f 1944/3000/2770 1921/3001/2771 1943/3002/2772
f 1943/3002/2772 1921/3001/2771 1922/3003/2773
f 1943/3002/2772 1922/3003/2773 1942/3004/2774
f 1942/3004/2774 1922/3003/2773 1923/3005/2775
f 1942/3004/2774 1923/3005/2775 1941/3006/2776
f 1941/3006/2776 1923/3005/2775 1924/3007/2777
f 1941/3006/2776 1924/3007/2777 1940/3008/2778
f 1940/3008/2778 1924/3007/2777 1925/3009/2779
f 1940/3008/2778 1925/3009/2779 1939/3010/2780
f 1939/3010/2780 1925/3009/2779 1926/3011/2781
f 1939/3010/2780 1926/3011/2781 1938/3012/2782
f 1938/3012/2782 1926/3011/2781 1927/3013/2783
f 1938/3012/2782 1927/3013/2783 1937/3014/2784
f 1937/3014/2784 1927/3013/2783 1928/3015/2785
f 1937/3014/2784 1928/3015/2785 1936/2981/2753
f 1936/2981/2753 1928/3015/2785 1929/2979/2751
f 1961/3016/2786 1875/3017/2787 1960/3018/2788
f 1960/3018/2788 1875/3017/2787 1874/3019/2789
f 1960/3018/2788 1874/3019/2789 1983/3020/2790
f 1983/3020/2790 1874/3019/2789 1873/3021/2791
f 1983/3020/2790 1873/3021/2791 1982/3022/2792
f 1982/3022/2792 1873/3021/2791 1872/3023/2793
f 1982/3022/2792 1872/3023/2793 1981/3024/2794
f 1981/3024/2794 1872/3023/2793 1871/3025/2795
f 1981/3024/2794 1871/3025/2795 1980/3026/2796
f 1980/3026/2796 1871/3025/2795 1870/3027/2797
f 1980/3026/2796 1870/3027/2797 1979/3028/2798
f 1979/3028/2798 1870/3027/2797 1869/3029/2799
f 1979/3028/2798 1869/3029/2799 1978/3030/2800
f 1978/3030/2800 1869/3029/2799 1868/3031/2801
f 1978/3030/2800 1868/3031/2801 1977/3032/2802
f 1977/3032/2802 1868/3031/2801 1867/3033/2803
f 1977/3032/2802 1867/3033/2803 1976/3034/2804
f 1976/3034/2804 1867/3033/2803 1866/3035/2805
f 1976/3034/2804 1866/3035/2805 1975/3036/2806
f 1975/3036/2806 1866/3035/2805 1865/3037/2807
f 1975/3036/2806 1865/3037/2807 1974/3038/2808
f 1974/3038/2808 1865/3037/2807 1864/3039/2809
f 1974/3038/2808 1864/3039/2809 1973/3040/2810
f 1973/3040/2810 1864/3039/2809 1863/3041/2811
f 1973/3040/2810 1863/3041/2811 1972/3042/2812
f 1972/3042/2812 1863/3041/2811 1862/3043/2813
f 1972/3044/2812 1862/3045/2813 1971/3046/2814
f 1971/3046/2814 1862/3045/2813 1885/3047/2815
f 1971/3046/2814 1885/3047/2815 1970/3048/2816
f 1970/3048/2816 1885/3047/2815 1884/3049/2817
f 1970/3048/2816 1884/3049/2817 1969/3050/2818
f 1969/3050/2818 1884/3049/2817 1883/3051/2819
f 1969/3050/2818 1883/3051/2819 1968/3052/2820
f 1968/3052/2820 1883/3051/2819 1882/3053/2821
f 1968/3052/2820 1882/3053/2821 1967/3054/2822
f 1967/3054/2822 1882/3053/2821 1881/3055/2823
f 1967/3054/2822 1881/3055/2823 1966/3056/2824
f 1966/3056/2824 1881/3055/2823 1880/3057/2825
f 1966/3056/2824 1880/3057/2825 1965/3058/2826
f 1965/3058/2826 1880/3057/2825 1879/3059/2827
f 1965/3058/2826 1879/3059/2827 1964/3060/2828
f 1964/3060/2828 1879/3059/2827 1878/3061/2829
f 1964/3060/2828 1878/3061/2829 1963/3062/2830
f 1963/3062/2830 1878/3061/2829 1877/3063/2831
f 1963/3062/2830 1877/3063/2831 1962/3064/2832
f 1962/3064/2832 1877/3063/2831 1876/3065/2833
f 1962/3064/2832 1876/3065/2833 1961/3016/2786
f 1961/3016/2786 1876/3065/2833 1875/3017/2787
f 1985/3066/2834 1918/3067/2835 1984/3068/2836
f 1984/3068/2836 1918/3067/2835 1917/3069/2837
f 1984/3068/2836 1917/3069/2837 2007/3070/2838
f 2007/3070/2838 1917/3069/2837 1916/3071/2839
f 2007/3070/2838 1916/3071/2839 2006/3072/2840
f 2006/3072/2840 1916/3071/2839 1915/3073/2841
f 2006/3072/2840 1915/3073/2841 2005/3074/2842
f 2005/3074/2842 1915/3073/2841 1914/3075/2843
f 2005/3074/2842 1914/3075/2843 2004/3076/2844
f 2004/3076/2844 1914/3075/2843 1913/3077/2845
f 2004/3076/2844 1913/3077/2845 2003/3078/2846
f 2003/3078/2846 1913/3077/2845 1912/3079/2847
f 2003/3078/2846 1912/3079/2847 2002/3080/2848
f 2002/3080/2848 1912/3079/2847 1911/3081/2849
f 2002/3080/2848 1911/3081/2849 2001/3082/2850
f 2001/3082/2850 1911/3081/2849 1934/3083/2851
f 2001/3082/2850 1934/3083/2851 2000/3084/2852
f 2000/3084/2852 1934/3083/2851 1933/3085/2853
f 2000/3084/2852 1933/3085/2853 1999/3086/2854
f 1999/3086/2854 1933/3085/2853 1932/3087/2855
f 1999/3086/2854 1932/3087/2855 1998/3088/2856
f 1998/3088/2856 1932/3087/2855 1931/3089/2857
f 1998/3088/2856 1931/3089/2857 1997/3090/2858
f 1997/3090/2858 1931/3089/2857 1930/3091/2859
f 1997/3090/2858 1930/3091/2859 1996/3092/2860
f 1996/3092/2860 1930/3091/2859 1929/3093/2861
f 1996/3092/2860 1929/3093/2861 1995/3094/2862
f 1995/3094/2862 1929/3093/2861 1928/3095/2863
f 1995/3094/2862 1928/3095/2863 1994/3096/2864
f 1994/3096/2864 1928/3095/2863 1927/3097/2865
f 1994/3096/2864 1927/3097/2865 1993/3098/2866
f 1993/3098/2866 1927/3097/2865 1926/3099/2867
f 1993/3098/2866 1926/3099/2867 1992/3100/2868
f 1992/3100/2868 1926/3099/2867 1925/3101/2869
f 1992/3100/2868 1925/3101/2869 1991/3102/2870
f 1991/3102/2870 1925/3101/2869 1924/3103/2871
f 1991/3102/2870 1924/3103/2871 1990/3104/2872
f 1990/3104/2872 1924/3103/2871 1923/3105/2873
f 1990/3106/2872 1923/3107/2873 1989/3108/2874
f 1989/3108/2874 1923/3107/2873 1922/3109/2875
f 1989/3108/2874 1922/3109/2875 1988/3110/2876
f 1988/3110/2876 1922/3109/2875 1921/3111/2877
f 1988/3110/2876 1921/3111/2877 1987/3112/2878
f 1987/3112/2878 1921/3111/2877 1920/3113/2879
f 1987/3112/2878 1920/3113/2879 1986/3114/2880
f 1986/3114/2880 1920/3113/2879 1919/3115/2881
f 1986/3114/2880 1919/3115/2881 1985/3066/2834
f 1985/3066/2834 1919/3115/2881 1918/3067/2835
f 2009/3116/2882 1967/3117/2883 2008/3118/2884
f 2008/3118/2884 1967/3117/2883 1966/3119/2885
f 2008/3118/2884 1966/3119/2885 2031/3120/2886
f 2031/3120/2886 1966/3119/2885 1965/3121/2887
f 2031/3120/2886 1965/3121/2887 2030/3122/2888
f 2030/3122/2888 1965/3121/2887 1964/3123/2889
f 2030/3122/2888 1964/3123/2889 2029/3124/2890
f 2029/3124/2890 1964/3123/2889 1963/3125/2891
f 2029/3124/2890 1963/3125/2891 2028/3126/2892
f 2028/3126/2892 1963/3125/2891 1962/3127/2893
f 2028/3126/2892 1962/3127/2893 2027/3128/2894
f 2027/3128/2894 1962/3127/2893 1961/3129/2895
f 2027/3128/2894 1961/3129/2895 2026/3130/2896
f 2026/3130/2896 1961/3129/2895 1960/3131/2897
f 2026/3132/2896 1960/3133/2897 2025/3134/2898
f 2025/3134/2898 1960/3133/2897 1983/3135/2899
f 2025/3134/2898 1983/3135/2899 2024/3136/2900
f 2024/3136/2900 1983/3135/2899 1982/3137/2901
f 2024/3136/2900 1982/3137/2901 2023/3138/2902
f 2023/3138/2902 1982/3137/2901 1981/3139/2903
f 2023/3138/2902 1981/3139/2903 2022/3140/2904
f 2022/3140/2904 1981/3139/2903 1980/3141/2905
f 2022/3140/2904 1980/3141/2905 2021/3142/2906
f 2021/3142/2906 1980/3141/2905 1979/3143/2907
f 2021/3142/2906 1979/3143/2907 2020/3144/2908
f 2020/3144/2908 1979/3143/2907 1978/3145/2909
f 2020/3144/2908 1978/3145/2909 2019/3146/2910
f 2019/3146/2910 1978/3145/2909 1977/3147/2911
f 2019/3146/2910 1977/3147/2911 2018/3148/2912
f 2018/3148/2912 1977/3147/2911 1976/3149/2913
f 2018/3148/2912 1976/3149/2913 2017/3150/2914
f 2017/3150/2914 1976/3149/2913 1975/3151/2915
f 2017/3150/2914 1975/3151/2915 2016/3152/2916
f 2016/3152/2916 1975/3151/2915 1974/3153/2917
f 2016/3152/2916 1974/3153/2917 2015/3154/2918
f 2015/3154/2918 1974/3153/2917 1973/3155/2919
f 2015/3154/2918 1973/3155/2919 2014/3156/2920
f 2014/3156/2920 1973/3155/2919 1972/3157/2921
f 2014/3156/2920 1972/3157/2921 2013/3158/2922
f 2013/3158/2922 1972/3157/2921 1971/3159/2923
f 2013/3158/2922 1971/3159/2923 2012/3160/2924
f 2012/3160/2924 1971/3159/2923 1970/3161/2925
f 2012/3160/2924 1970/3161/2925 2011/3162/2926
f 2011/3162/2926 1970/3161/2925 1969/3163/2927
f 2011/3162/2926 1969/3163/2927 2010/3164/2928
f 2010/3164/2928 1969/3163/2927 1968/3165/2929
f 2010/3164/2928 1968/3165/2929 2009/3116/2882
f 2009/3116/2882 1968/3165/2929 1967/3117/2883
f 2007/3166/2930 2055/3167/2931 1984/3168/2932
f 1984/3168/2932 2055/3167/2931 2032/3169/2933
f 1984/3168/2932 2032/3169/2933 1985/3170/2934
f 1985/3170/2934 2032/3169/2933 2033/3171/2935
f 1985/3170/2934 2033/3171/2935 1986/3172/2936
f 1986/3172/2936 2033/3171/2935 2034/3173/2937
f 1986/3172/2936 2034/3173/2937 1987/3174/2938
f 1987/3174/2938 2034/3173/2937 2035/3175/2939
f 1987/3174/2938 2035/3175/2939 1988/3176/2940
f 1988/3176/2940 2035/3175/2939 2036/3177/2941
f 1988/3176/2940 2036/3177/2941 1989/3178/2942
f 1989/3178/2942 2036/3177/2941 2037/3179/2943
f 1989/3178/2942 2037/3179/2943 1990/3180/2944
f 1990/3180/2944 2037/3179/2943 2038/3181/2945
f 1990/3180/2944 2038/3181/2945 1991/3182/2946
f 1991/3182/2946 2038/3181/2945 2039/3183/2947
f 1991/3182/2946 2039/3183/2947 1992/3184/2948
f 1992/3184/2948 2039/3183/2947 2040/3185/2949
f 1992/3184/2948 2040/3185/2949 1993/3186/2950
f 1993/3186/2950 2040/3185/2949 2041/3187/2951
f 1993/3186/2950 2041/3187/2951 1994/3188/2952
f 1994/3188/2952 2041/3187/2951 2042/3189/2953
f 1994/3188/2952 2042/3189/2953 1995/3190/2954
f 1995/3190/2954 2042/3189/2953 2043/3191/2955
f 1995/3190/2954 2043/3191/2955 1996/3192/2956
f 1996/3192/2956 2043/3191/2955 2044/3193/2957
f 1996/3194/2956 2044/3195/2957 1997/3196/2958
f 1997/3196/2958 2044/3195/2957 2045/3197/2959
f 1997/3196/2958 2045/3197/2959 1998/3198/2960
f 1998/3198/2960 2045/3197/2959 2046/3199/2961
f 1998/3198/2960 2046/3199/2961 1999/3200/2962
f 1999/3200/2962 2046/3199/2961 2047/3201/2963
f 1999/3200/2962 2047/3201/2963 2000/3202/2964
f 2000/3202/2964 2047/3201/2963 2048/3203/2965
f 2000/3202/2964 2048/3203/2965 2001/3204/2966
f 2001/3204/2966 2048/3203/2965 2049/3205/2967
f 2001/3204/2966 2049/3205/2967 2002/3206/2968
f 2002/3206/2968 2049/3205/2967 2050/3207/2969
f 2002/3206/2968 2050/3207/2969 2003/3208/2970
f 2003/3208/2970 2050/3207/2969 2051/3209/2971
f 2003/3208/2970 2051/3209/2971 2004/3210/2972
f 2004/3210/2972 2051/3209/2971 2052/3211/2973
f 2004/3210/2972 2052/3211/2973 2005/3212/2974
f 2005/3212/2974 2052/3211/2973 2053/3213/2975
f 2005/3212/2974 2053/3213/2975 2006/3214/2976
f 2006/3214/2976 2053/3213/2975 2054/3215/2977
f 2006/3214/2976 2054/3215/2977 2007/3166/2930
f 2007/3166/2930 2054/3215/2977 2055/3167/2931
f 2031/3216/2978 2079/3217/2979 2008/3218/2980
f 2008/3218/2980 2079/3217/2979 2056/3219/2981
f 2008/3218/2980 2056/3219/2981 2009/3220/2982
f 2009/3220/2982 2056/3219/2981 2057/3221/2983
f 2009/3220/2982 2057/3221/2983 2010/3222/2984
f 2010/3222/2984 2057/3221/2983 2058/3223/2985
f 2010/3222/2984 2058/3223/2985 2011/3224/2986
f 2011/3224/2986 2058/3223/2985 2059/3225/2987
f 2011/3224/2986 2059/3225/2987 2012/3226/2988
f 2012/3226/2988 2059/3225/2987 2060/3227/2989
f 2012/3226/2988 2060/3227/2989 2013/3228/2990
f 2013/3228/2990 2060/3227/2989 2061/3229/2991
f 2013/3228/2990 2061/3229/2991 2014/3230/2992
f 2014/3230/2992 2061/3229/2991 2062/3231/2993
f 2014/3230/2992 2062/3231/2993 2015/3232/2994
f 2015/3232/2994 2062/3231/2993 2063/3233/2995
f 2015/3232/2994 2063/3233/2995 2016/3234/2996
f 2016/3234/2996 2063/3233/2995 2064/3235/2997
f 2016/3234/2996 2064/3235/2997 2017/3236/2998
f 2017/3236/2998 2064/3235/2997 2065/3237/2999
f 2017/3236/2998 2065/3237/2999 2018/3238/3000
f 2018/3238/3000 2065/3237/2999 2066/3239/3001
f 2018/3238/3000 2066/3239/3001 2019/3240/3002
f 2019/3240/3002 2066/3239/3001 2067/3241/3003
f 2019/3240/3002 2067/3241/3003 2020/3242/3004
f 2020/3242/3004 2067/3241/3003 2068/3243/3005
f 2020/3244/3004 2068/3245/3005 2021/3246/3006
f 2021/3246/3006 2068/3245/3005 2069/3247/3007
f 2021/3246/3006 2069/3247/3007 2022/3248/3008
f 2022/3248/3008 2069/3247/3007 2070/3249/3009
f 2022/3248/3008 2070/3249/3009 2023/3250/3010
f 2023/3250/3010 2070/3249/3009 2071/3251/3011
f 2023/3250/3010 2071/3251/3011 2024/3252/3012
f 2024/3252/3012 2071/3251/3011 2072/3253/3013
f 2024/3252/3012 2072/3253/3013 2025/3254/3014
f 2025/3254/3014 2072/3253/3013 2073/3255/3015
f 2025/3254/3014 2073/3255/3015 2026/3256/3016
f 2026/3256/3016 2073/3255/3015 2074/3257/3017
f 2026/3256/3016 2074/3257/3017 2027/3258/3018
f 2027/3258/3018 2074/3257/3017 2075/3259/3019
f 2027/3258/3018 2075/3259/3019 2028/3260/3020
f 2028/3260/3020 2075/3259/3019 2076/3261/3021
f 2028/3260/3020 2076/3261/3021 2029/3262/3022
f 2029/3262/3022 2076/3261/3021 2077/3263/3023
f 2029/3262/3022 2077/3263/3023 2030/3264/3024
f 2030/3264/3024 2077/3263/3023 2078/3265/3025
f 2030/3264/3024 2078/3265/3025 2031/3216/2978
f 2031/3216/2978 2078/3265/3025 2079/3217/2979
f 2055/3266/3026 2103/3267/3027 2032/3268/3028
f 2032/3268/3028 2103/3267/3027 2080/3269/3029
f 2032/3268/3028 2080/3269/3029 2033/3270/3030
f 2033/3270/3030 2080/3269/3029 2081/3271/3031
f 2033/3270/3030 2081/3271/3031 2034/3272/3032
f 2034/3272/3032 2081/3271/3031 2082/3273/3033
f 2034/3272/3032 2082/3273/3033 2035/3274/3034
f 2035/3274/3034 2082/3273/3033 2083/3275/3035
f 2035/3274/3034 2083/3275/3035 2036/3276/3036
f 2036/3276/3036 2083/3275/3035 2084/3277/3037
f 2036/3276/3036 2084/3277/3037 2037/3278/3038
f 2037/3278/3038 2084/3277/3037 2085/3279/3039
f 2037/3278/3038 2085/3279/3039 2038/3280/3040
f 2038/3280/3040 2085/3279/3039 2086/3281/3041
f 2038/3280/3040 2086/3281/3041 2039/3282/3042
f 2039/3282/3042 2086/3281/3041 2087/3283/3043
f 2039/3282/3042 2087/3283/3043 2040/3284/3044
f 2040/3284/3044 2087/3283/3043 2088/3285/3045
f 2040/3284/3044 2088/3285/3045 2041/3286/3046
f 2041/3286/3046 2088/3285/3045 2089/3287/3047
f 2041/3286/3046 2089/3287/3047 2042/3288/3048
f 2042/3288/3048 2089/3287/3047 2090/3289/3049
f 2042/3288/3048 2090/3289/3049 2043/3290/3050
f 2043/3290/3050 2090/3289/3049 2091/3291/3051
f 2043/3290/3050 2091/3291/3051 2044/3292/3052
f 2044/3292/3052 2091/3291/3051 2092/3293/3053
f 2044/3294/3052 2092/3295/3053 2045/3296/3054
f 2045/3296/3054 2092/3295/3053 2093/3297/3055
f 2045/3296/3054 2093/3297/3055 2046/3298/3056
f 2046/3298/3056 2093/3297/3055 2094/3299/3057
f 2046/3298/3056 2094/3299/3057 2047/3300/3058
f 2047/3300/3058 2094/3299/3057 2095/3301/3059
f 2047/3300/3058 2095/3301/3059 2048/3302/3060
f 2048/3302/3060 2095/3301/3059 2096/3303/3061
f 2048/3302/3060 2096/3303/3061 2049/3304/3062
f 2049/3304/3062 2096/3303/3061 2097/3305/3063
f 2049/3304/3062 2097/3305/3063 2050/3306/3064
f 2050/3306/3064 2097/3305/3063 2098/3307/3065
f 2050/3306/3064 2098/3307/3065 2051/3308/3066
f 2051/3308/3066 2098/3307/3065 2099/3309/3067
f 2051/3308/3066 2099/3309/3067 2052/3310/3068
f 2052/3310/3068 2099/3309/3067 2100/3311/3069
f 2052/3310/3068 2100/3311/3069 2053/3312/3070
f 2053/3312/3070 2100/3311/3069 2101/3313/3071
f 2053/3312/3070 2101/3313/3071 2054/3314/3072
f 2054/3314/3072 2101/3313/3071 2102/3315/3073
f 2054/3314/3072 2102/3315/3073 2055/3266/3026
f 2055/3266/3026 2102/3315/3073 2103/3267/3027
f 2105/3316/3074 2129/3317/3075 2104/3318/3076
f 2104/3318/3076 2129/3317/3075 2130/3319/3077
f 2104/3318/3076 2130/3319/3077 2128/3320/3078
f 2128/3320/3078 2130/3319/3077 2131/3321/3079
f 2128/3320/3078 2131/3321/3079 2127/3322/3080
f 2127/3322/3080 2131/3321/3079 2132/3323/3081
f 2127/3322/3080 2132/3323/3081 2126/3324/3082
f 2126/3324/3082 2132/3323/3081 2133/3325/3083
f 2126/3324/3082 2133/3325/3083 2125/3326/3084
f 2125/3326/3084 2133/3325/3083 2134/3327/3085
f 2125/3326/3084 2134/3327/3085 2124/3328/3086
f 2124/3328/3086 2134/3327/3085 2135/3329/3087
f 2124/3328/3086 2135/3329/3087 2123/3330/3088
f 2123/3330/3088 2135/3329/3087 2136/3331/3089
f 2123/3330/3088 2136/3331/3089 2122/3332/3090
f 2122/3332/3090 2136/3331/3089 2137/3333/3091
f 2122/3332/3090 2137/3333/3091 2121/3334/3092
f 2121/3334/3092 2137/3333/3091 2138/3335/3093
f 2121/3334/3092 2138/3335/3093 2120/3336/3094
f 2120/3336/3094 2138/3335/3093 2139/3337/3095
f 2120/3336/3094 2139/3337/3095 2119/3338/3096
f 2119/3338/3096 2139/3337/3095 2140/3339/3097
f 2119/3338/3096 2140/3339/3097 2118/3340/3098
f 2118/3340/3098 2140/3339/3097 2141/3341/3099
f 2118/3340/3098 2141/3341/3099 2117/3342/3100
f 2117/3343/3100 2141/3344/3099 2142/3345/3101
f 2117/3343/3100 2142/3345/3101 2116/3346/3102
f 2116/3346/3102 2142/3345/3101 2143/3347/3103
f 2116/3346/3102 2143/3347/3103 2115/3348/3104
f 2115/3348/3104 2143/3347/3103 2144/3349/3105
f 2115/3348/3104 2144/3349/3105 2114/3350/3106
f 2114/3350/3106 2144/3349/3105 2145/3351/3107
f 2114/3350/3106 2145/3351/3107 2113/3352/3108
f 2113/3352/3108 2145/3351/3107 2146/3353/3109
f 2113/3352/3108 2146/3353/3109 2112/3354/3110
f 2112/3354/3110 2146/3353/3109 2147/3355/3111
f 2112/3354/3110 2147/3355/3111 2111/3356/3112
f 2111/3356/3112 2147/3355/3111 2148/3357/3113
f 2111/3356/3112 2148/3357/3113 2110/3358/3114
f 2110/3358/3114 2148/3357/3113 2149/3359/3115
f 2110/3358/3114 2149/3359/3115 2109/3360/3116
f 2109/3360/3116 2149/3359/3115 2150/3361/3117
f 2109/3360/3116 2150/3361/3117 2108/3362/3118
f 2108/3362/3118 2150/3361/3117 2151/3363/3119
f 2108/3362/3118 2151/3363/3119 2107/3364/3120
f 2107/3364/3120 2151/3363/3119 2152/3365/3121
f 2107/3364/3120 2152/3365/3121 2106/3366/3122
f 2106/3366/3122 2152/3365/3121 2153/3367/3123
f 2106/3366/3122 2153/3367/3123 2105/3316/3074
f 2105/3316/3074 2153/3367/3123 2129/3317/3075
f 2155/3368/3124 2179/3369/3125 2154/3370/3126
f 2154/3370/3126 2179/3369/3125 2180/3371/3127
f 2154/3370/3126 2180/3371/3127 2178/3372/3128
f 2178/3372/3128 2180/3371/3127 2181/3373/3129
f 2178/3372/3128 2181/3373/3129 2177/3374/3130
f 2177/3374/3130 2181/3373/3129 2182/3375/3131
f 2177/3374/3130 2182/3375/3131 2176/3376/3132
f 2176/3376/3132 2182/3375/3131 2183/3377/3133
f 2176/3376/3132 2183/3377/3133 2175/3378/3134
f 2175/3378/3134 2183/3377/3133 2184/3379/3135
f 2175/3378/3134 2184/3379/3135 2174/3380/3136
f 2174/3380/3136 2184/3379/3135 2185/3381/3137
f 2174/3380/3136 2185/3381/3137 2173/3382/3138
f 2173/3382/3138 2185/3381/3137 2186/3383/3139
f 2173/3382/3138 2186/3383/3139 2172/3384/3140
f 2172/3384/3140 2186/3383/3139 2187/3385/3141
f 2172/3384/3140 2187/3385/3141 2171/3386/3142
f 2171/3386/3142 2187/3385/3141 2188/3387/3143
f 2171/3386/3142 2188/3387/3143 2170/3388/3144
f 2170/3388/3144 2188/3387/3143 2189/3389/3145
f 2170/3388/3144 2189/3389/3145 2169/3390/3146
f 2169/3390/3146 2189/3389/3145 2190/3391/3147
f 2169/3390/3146 2190/3391/3147 2168/3392/3148
f 2168/3392/3148 2190/3391/3147 2191/3393/3149
f 2168/3392/3148 2191/3393/3149 2167/3394/3150
f 2167/3395/3150 2191/3396/3149 2192/3397/3151
f 2167/3395/3150 2192/3397/3151 2166/3398/3152
f 2166/3398/3152 2192/3397/3151 2193/3399/3153
f 2166/3398/3152 2193/3399/3153 2165/3400/3154
f 2165/3400/3154 2193/3399/3153 2194/3401/3155
f 2165/3400/3154 2194/3401/3155 2164/3402/3156
f 2164/3402/3156 2194/3401/3155 2195/3403/3157
f 2164/3402/3156 2195/3403/3157 2163/3404/3158
f 2163/3404/3158 2195/3403/3157 2196/3405/3159
f 2163/3404/3158 2196/3405/3159 2162/3406/3160
f 2162/3406/3160 2196/3405/3159 2197/3407/3161
f 2162/3406/3160 2197/3407/3161 2161/3408/3162
f 2161/3408/3162 2197/3407/3161 2198/3409/3163
f 2161/3408/3162 2198/3409/3163 2160/3410/3164
f 2160/3410/3164 2198/3409/3163 2199/3411/3165
f 2160/3410/3164 2199/3411/3165 2159/3412/3166
f 2159/3412/3166 2199/3411/3165 2200/3413/3167
f 2159/3412/3166 2200/3413/3167 2158/3414/3168
f 2158/3414/3168 2200/3413/3167 2201/3415/3169
f 2158/3414/3168 2201/3415/3169 2157/3416/3170
f 2157/3416/3170 2201/3415/3169 2202/3417/3171
f 2157/3416/3170 2202/3417/3171 2156/3418/3172
f 2156/3418/3172 2202/3417/3171 2203/3419/3173
f 2156/3418/3172 2203/3419/3173 2155/3368/3124
f 2155/3368/3124 2203/3419/3173 2179/3369/3125
f 2205/3420/3174 2230/3421/3175 2204/3422/3176
f 2204/3422/3176 2230/3421/3175 2231/3423/3177
f 2204/3422/3176 2231/3423/3177 2229/3424/3178
f 2229/3424/3178 2231/3423/3177 2232/3425/3179
f 2229/3424/3178 2232/3425/3179 2228/3426/3180
f 2228/3426/3180 2232/3425/3179 2233/3427/3181
f 2228/3426/3180 2233/3427/3181 2227/3428/3182
f 2227/3428/3182 2233/3427/3181 2234/3429/3183
f 2227/3428/3182 2234/3429/3183 2226/3430/3184
f 2226/3430/3184 2234/3429/3183 2235/3431/3185
f 2226/3430/3184 2235/3431/3185 2225/3432/3186
f 2225/3432/3186 2235/3431/3185 2236/3433/3187
f 2225/3432/3186 2236/3433/3187 2224/3434/3188
f 2224/3434/3188 2236/3433/3187 2237/3435/3189
f 2224/3434/3188 2237/3435/3189 2223/3436/3190
f 2223/3436/3190 2237/3435/3189 2238/3437/3191
f 2223/3436/3190 2238/3437/3191 2222/3438/3192
f 2222/3438/3192 2238/3437/3191 2239/3439/3193
f 2222/3438/3192 2239/3439/3193 2221/3440/3194
f 2221/3440/3194 2239/3439/3193 2240/3441/3195
f 2221/3440/3194 2240/3441/3195 2220/3442/3196
f 2220/3442/3196 2240/3441/3195 2241/3443/3197
f 2220/3442/3196 2241/3443/3197 2219/3444/3198
f 2219/3444/3198 2241/3443/3197 2242/3445/3199
f 2219/3444/3198 2242/3445/3199 2218/3446/3200
f 2218/3446/3200 2242/3445/3199 2217/3447/3201
f 2217/3447/3201 2242/3445/3199 2243/3448/3202
f 2217/3449/3201 2243/3450/3202 2216/3451/3203
f 2216/3451/3203 2243/3450/3202 2244/3452/3204
f 2216/3451/3203 2244/3452/3204 2245/3453/3205
f 2230/3421/3175 2205/3420/3174 2255/3454/3206
f 2255/3454/3206 2205/3420/3174 2206/3455/3207
f 2255/3454/3206 2206/3455/3207 2254/3456/3208
f 2254/3456/3208 2206/3455/3207 2207/3457/3209
f 2254/3456/3208 2207/3457/3209 2253/3458/3210
f 2253/3458/3210 2207/3457/3209 2208/3459/3211
f 2253/3458/3210 2208/3459/3211 2252/3460/3212
f 2252/3460/3212 2208/3459/3211 2209/3461/3213
f 2252/3460/3212 2209/3461/3213 2251/3462/3214
f 2251/3462/3214 2209/3461/3213 2210/3463/3215
f 2251/3462/3214 2210/3463/3215 2250/3464/3216
f 2250/3464/3216 2210/3463/3215 2211/3465/3217
f 2250/3464/3216 2211/3465/3217 2249/3466/3218
f 2249/3466/3218 2211/3465/3217 2212/3467/3219
f 2249/3466/3218 2212/3467/3219 2248/3468/3220
f 2248/3468/3220 2212/3467/3219 2213/3469/3221
f 2248/3468/3220 2213/3469/3221 2247/3470/3222
f 2247/3470/3222 2213/3469/3221 2214/3471/3223
f 2247/3470/3222 2214/3471/3223 2246/3472/3224
f 2246/3472/3224 2214/3471/3223 2215/3473/3225
f 2246/3472/3224 2215/3473/3225 2245/3453/3205
f 2245/3453/3205 2215/3473/3225 2216/3451/3203
f 1243/3474/3226 1242/3475/2130 1680/3476/3227
f 1680/3476/3227 1242/3475/2130 1241/3477/3228
f 1680/3476/3227 1241/3477/3228 1240/3478/3229
f 1240/3478/3229 1239/3479/3230 1680/3476/3227
f 1680/3476/3227 1239/3479/3230 1681/3480/3231
f 1681/3480/3231 1239/3479/3230 1238/3481/3232
f 1681/3480/3231 1238/3481/3232 1237/3482/3233
f 1681/3480/3231 1237/3482/3233 1682/3483/3234
f 1682/3483/3234 1237/3482/3233 1236/3484/3235
f 1682/3483/3234 1236/3484/3235 1235/3485/3236
f 1235/3485/3236 1234/3486/3237 1682/3483/3234
f 1682/3483/3234 1234/3486/3237 1233/3487/3238
f 1682/3483/3234 1233/3487/3238 1683/3488/3239
f 1683/3488/3239 1233/3487/3238 1232/3489/3240
f 1683/3488/3239 1232/3489/3240 1231/3490/3241
f 1683/3488/3239 1231/3490/3241 1684/3491/3242
f 1684/3491/3242 1231/3490/3241 1230/3492/3243
f 1684/3491/3242 1230/3492/3243 1229/3493/3244
f 1229/3493/3244 1228/3494/3245 1684/3491/3242
f 1684/3491/3242 1228/3494/3245 1227/3495/3246
f 1684/3491/3242 1227/3495/3246 1226/3496/3247
f 1684/3491/3242 1226/3496/3247 1685/3497/3248
f 1685/3497/3248 1226/3496/3247 1225/3498/3249
f 1685/3497/3248 1225/3498/3249 1224/3499/3250
f 1224/3499/3250 1223/3500/3251 1685/3497/3248
f 1685/3497/3248 1223/3500/3251 1222/3501/3252
f 1685/3497/3248 1222/3501/3252 1221/3502/3253
f 1685/3497/3248 1221/3502/3253 1686/3503/3254
f 1686/3503/3254 1221/3502/3253 1220/3504/3255
f 1686/3503/3254 1220/3504/3255 1219/3505/2055
f 1686/3503/3254 1219/3505/2055 1687/3506/3256
f 1687/3506/3256 1219/3505/2055 1218/3507/3257
f 1687/3506/3256 1218/3507/3257 1217/3508/3258
f 1687/3506/3256 1217/3508/3258 1688/3509/3259
f 1688/3509/3259 1217/3508/3258 1216/3510/3260
f 1688/3509/3259 1216/3510/3260 1215/3511/3261
f 1688/3509/3259 1215/3511/3261 1689/3512/3262
f 1689/3512/3262 1215/3511/3261 1214/3513/3263
f 1689/3512/3262 1214/3513/3263 1213/3514/3264
f 1689/3512/3262 1213/3514/3264 1690/3515/3265
f 1690/3515/3265 1213/3514/3264 1212/3516/3266
f 1690/3515/3265 1212/3516/3266 1211/3517/2042
f 1690/3515/3265 1211/3517/2042 1691/3518/3267
f 1691/3518/3267 1211/3517/2042 1210/3519/3268
f 1691/3518/3267 1210/3519/3268 1209/3520/3269
f 1691/3518/3267 1209/3520/3269 1692/3521/3270
f 1692/3521/3270 1209/3520/3269 1208/3522/3271
f 1692/3521/3270 1208/3522/3271 1207/3523/3272
f 1207/3523/3272 1206/3524/3273 1692/3521/3270
f 1692/3521/3270 1206/3524/3273 1205/3525/3274
f 1692/3521/3270 1205/3525/3274 1693/3526/3275
f 1693/3526/3275 1205/3525/3274 1204/3527/3276
f 1693/3526/3275 1204/3527/3276 1279/3528/3277
f 1279/3528/3277 1278/3529/3278 1693/3526/3275
f 1693/3526/3275 1278/3529/3278 1277/3530/3279
f 1693/3526/3275 1277/3530/3279 1694/3531/3280
f 1694/3531/3280 1277/3530/3279 1276/3532/3281
f 1694/3531/3280 1276/3532/3281 1275/3533/3282
f 1694/3531/3280 1275/3533/3282 1695/3534/3283
f 1695/3534/3283 1275/3533/3282 1274/3535/3284
f 1695/3534/3283 1274/3535/3284 1273/3536/3285
f 1273/3536/3285 1272/3537/3286 1695/3534/3283
f 1695/3534/3283 1272/3537/3286 1271/3538/3287
f 1695/3534/3283 1271/3538/3287 1696/3539/3288
f 1696/3539/3288 1271/3538/3287 1270/3540/3289
f 1696/3539/3288 1270/3540/3289 1269/3541/3290
f 1696/3539/3288 1269/3541/3290 1697/3542/3291
f 1697/3542/3291 1269/3541/3290 1268/3543/3292
f 1697/3542/3291 1268/3543/3292 1267/3544/3293
f 1267/3544/3293 1266/3545/3294 1697/3542/3291
f 1697/3542/3291 1266/3545/3294 1265/3546/3295
f 1697/3542/3291 1265/3546/3295 1264/3547/3296
f 1697/3542/3291 1264/3547/3296 1698/3548/3297
f 1698/3548/3297 1264/3547/3296 1263/3549/3298
f 1698/3548/3297 1263/3549/3298 1262/3550/3299
f 1262/3550/3299 1261/3551/3300 1698/3548/3297
f 1698/3548/3297 1261/3551/3300 1260/3552/3301
f 1698/3548/3297 1260/3552/3301 1259/3553/3302
f 1698/3548/3297 1259/3553/3302 1699/3554/3303
f 1699/3554/3303 1259/3553/3302 1258/3555/3304
f 1699/3554/3303 1258/3555/3304 1257/3556/3305
f 1699/3554/3303 1257/3556/3305 1700/3557/3306
f 1700/3557/3306 1257/3556/3305 1256/3558/3307
f 1700/3557/3306 1256/3558/3307 1255/3559/3308
f 1700/3557/3306 1255/3559/3308 1701/3560/3309
f 1701/3560/3309 1255/3559/3308 1254/3561/3310
f 1701/3560/3309 1254/3561/3310 1253/3562/3311
f 1701/3560/3309 1253/3562/3311 1702/3563/3312
f 1702/3563/3312 1253/3562/3311 1252/3564/3313
f 1702/3563/3312 1252/3564/3313 1251/3565/3314
f 1702/3563/3312 1251/3565/3314 1703/3566/3315
f 1703/3566/3315 1251/3565/3314 1250/3567/3316
f 1703/3566/3315 1250/3567/3316 1249/3568/3317
f 1703/3566/3315 1249/3568/3317 1704/3569/3318
f 1704/3569/3318 1249/3568/3317 1248/3570/3319
f 1704/3569/3318 1248/3570/3319 1247/3571/3320
f 1704/3569/3318 1247/3571/3320 1705/3572/3321
f 1705/3572/3321 1247/3571/3320 1246/3573/3322
f 1705/3572/3321 1246/3573/3322 1245/3574/3323
f 1245/3574/3323 1244/3575/3324 1705/3572/3321
f 1705/3572/3321 1244/3575/3324 1243/3474/3226
f 1705/3572/3321 1243/3474/3226 1680/3476/3227
f 1470/3576/3325 1713/3577/3326 1471/3578/2332
f 1471/3578/2332 1713/3577/3326 1712/3579/3327
f 1471/3578/2332 1712/3579/3327 1472/3580/3328
f 1472/3580/3328 1712/3579/3327 1473/3581/3329
f 1473/3581/3329 1712/3579/3327 1711/3582/3330
f 1473/3581/3329 1711/3582/3330 1474/3583/3331
f 1474/3583/3331 1711/3582/3330 1475/3584/3332
f 1475/3584/3332 1711/3582/3330 1476/3585/3333
f 1476/3585/3333 1711/3582/3330 1477/3586/3334
f 1477/3586/3334 1711/3582/3330 1478/3587/3335
f 1478/3587/3335 1711/3582/3330 1710/3588/3336
f 1478/3587/3335 1710/3588/3336 1479/3589/3337
f 1479/3589/3337 1710/3588/3336 1480/3590/3338
f 1480/3590/3338 1710/3588/3336 1481/3591/3339
f 1481/3591/3339 1710/3588/3336 1482/3592/3340
f 1482/3592/3340 1710/3588/3336 1483/3593/3341
f 1483/3593/3341 1710/3588/3336 1709/3594/3342
f 1483/3593/3341 1709/3594/3342 1484/3595/3343
f 1484/3595/3343 1709/3594/3342 1485/3596/3344
f 1485/3596/3344 1709/3594/3342 1708/3597/3345
f 1485/3596/3344 1708/3597/3345 1486/3598/3346
f 1486/3598/3346 1708/3597/3345 1487/3599/3347
f 1487/3599/3347 1708/3597/3345 1488/3600/3348
f 1488/3600/3348 1708/3597/3345 1489/3601/3349
f 1489/3601/3349 1708/3597/3345 1707/3602/3350
f 1489/3601/3349 1707/3602/3350 1490/3603/3351
f 1490/3603/3351 1707/3602/3350 1491/3604/3352
f 1491/3604/3352 1707/3602/3350 1706/3605/3353
f 1491/3604/3352 1706/3605/3353 1492/3606/3354
f 1492/3606/3354 1706/3605/3353 1493/3607/3355
f 1493/3607/3355 1706/3605/3353 1440/3608/3356
f 1440/3608/3356 1706/3605/3353 1441/3609/3357
f 1441/3609/3357 1706/3605/3353 1731/3610/3358
f 1441/3609/3357 1731/3610/3358 1442/3611/3359
f 1442/3611/3359 1731/3610/3358 1730/3612/3360
f 1442/3611/3359 1730/3612/3360 1443/3613/3361
f 1443/3613/3361 1730/3612/3360 1729/3614/3362
f 1443/3613/3361 1729/3614/3362 1444/3615/3363
f 1444/3615/3363 1729/3614/3362 1728/3616/3364
f 1444/3615/3363 1728/3616/3364 1445/3617/3365
f 1445/3617/3365 1728/3616/3364 1446/3618/3366
f 1446/3618/3366 1728/3616/3364 1727/3619/3367
f 1446/3618/3366 1727/3619/3367 1447/3620/3368
f 1447/3620/3368 1727/3619/3367 1726/3621/3369
f 1447/3620/3368 1726/3621/3369 1448/3622/3370
f 1448/3622/3370 1726/3621/3369 1725/3623/3371
f 1448/3622/3370 1725/3623/3371 1449/3624/3372
f 1449/3624/3372 1725/3623/3371 1724/3625/3373
f 1449/3624/3372 1724/3625/3373 1450/3626/3374
f 1450/3626/3374 1724/3625/3373 1723/3627/3375
f 1450/3626/3374 1723/3627/3375 1451/3628/3376
f 1451/3628/3376 1723/3627/3375 1452/3629/3377
f 1452/3629/3377 1723/3627/3375 1722/3630/3378
f 1452/3629/3377 1722/3630/3378 1453/3631/3379
f 1453/3631/3379 1722/3630/3378 1721/3632/3380
f 1453/3631/3379 1721/3632/3380 1454/3633/3381
f 1454/3633/3381 1721/3632/3380 1720/3634/3382
f 1454/3633/3381 1720/3634/3382 1455/3635/3383
f 1455/3635/3383 1720/3634/3382 1719/3636/3384
f 1455/3635/3383 1719/3636/3384 1456/3637/3385
f 1456/3637/3385 1719/3636/3384 1457/3638/3386
f 1457/3638/3386 1719/3636/3384 1718/3639/3387
f 1457/3638/3386 1718/3639/3387 1458/3640/3388
f 1458/3640/3388 1718/3639/3387 1459/3641/3389
f 1459/3641/3389 1718/3639/3387 1460/3642/3390
f 1460/3642/3390 1718/3639/3387 1461/3643/3391
f 1461/3643/3391 1718/3639/3387 1717/3644/3392
f 1461/3643/3391 1717/3644/3392 1462/3645/3393
f 1462/3645/3393 1717/3644/3392 1463/3646/2344
f 1463/3646/2344 1717/3644/3392 1716/3647/3394
f 1463/3646/2344 1716/3647/3394 1464/3648/3395
f 1464/3648/3395 1716/3647/3394 1465/3649/3396
f 1465/3649/3396 1716/3647/3394 1715/3650/3397
f 1465/3649/3396 1715/3650/3397 1466/3651/3398
f 1466/3651/3398 1715/3650/3397 1467/3652/3399
f 1467/3652/3399 1715/3650/3397 1714/3653/3400
f 1467/3652/3399 1714/3653/3400 1468/3654/3401
f 1468/3654/3401 1714/3653/3400 1469/3655/3402
f 1469/3655/3402 1714/3653/3400 1713/3577/3326
f 1469/3655/3402 1713/3577/3326 1470/3576/3325
f 1679/3656/3403 1759/3657/3404 1654/3658/3405
f 1654/3658/3405 1759/3657/3404 1758/3659/3406
f 1654/3658/3405 1758/3659/3406 1783/3660/3407
f 1759/3657/3404 1679/3656/3403 1760/3661/3408
f 1760/3661/3408 1679/3656/3403 1678/3662/3409
f 1760/3661/3408 1678/3662/3409 1761/3663/3410
f 1761/3663/3410 1678/3662/3409 1677/3664/3411
f 1761/3663/3410 1677/3664/3411 1762/3665/3412
f 1762/3665/3412 1677/3664/3411 1676/3666/3413
f 1762/3665/3412 1676/3666/3413 1763/3667/3414
f 1763/3667/3414 1676/3666/3413 1675/3668/3415
f 1763/3667/3414 1675/3668/3415 1764/3669/3416
f 1764/3669/3416 1675/3668/3415 1674/3670/3417
f 1764/3669/3416 1674/3670/3417 1673/3671/3418
f 1764/3669/3416 1673/3671/3418 1765/3672/3419
f 1765/3672/3419 1673/3671/3418 1672/3673/3420
f 1765/3672/3419 1672/3673/3420 1766/3674/3421
f 1766/3674/3421 1672/3673/3420 1671/3675/3422
f 1766/3674/3421 1671/3675/3422 1767/3676/3423
f 1767/3676/3423 1671/3675/3422 1670/3677/3424
f 1767/3676/3423 1670/3677/3424 1768/3678/3425
f 1768/3678/3425 1670/3677/3424 1669/3679/3426
f 1768/3678/3425 1669/3679/3426 1769/3680/3427
f 1769/3680/3427 1669/3679/3426 1668/3681/3428
f 1769/3680/3427 1668/3681/3428 1770/3682/3429
f 1770/3682/3429 1668/3681/3428 1667/3683/3430
f 1770/3682/3429 1667/3683/3430 1771/3684/3431
f 1771/3684/3431 1667/3683/3430 1772/3685/3432
f 1772/3685/3432 1667/3683/3430 1666/3686/3433
f 1772/3685/3432 1666/3686/3433 1773/3687/3434
f 1773/3687/3434 1666/3686/3433 1665/3688/3435
f 1773/3687/3434 1665/3688/3435 1774/3689/3436
f 1774/3689/3436 1665/3688/3435 1664/3690/3437
f 1774/3689/3436 1664/3690/3437 1775/3691/3438
f 1775/3691/3438 1664/3690/3437 1663/3692/3439
f 1775/3691/3438 1663/3692/3439 1776/3693/3440
f 1776/3693/3440 1663/3692/3439 1662/3694/3441
f 1776/3693/3440 1662/3694/3441 1777/3695/3442
f 1777/3695/3442 1662/3694/3441 1661/3696/3443
f 1777/3695/3442 1661/3696/3443 1660/3697/3444
f 1777/3695/3442 1660/3697/3444 1778/3698/3445
f 1778/3698/3445 1660/3697/3444 1659/3699/3446
f 1778/3698/3445 1659/3699/3446 1779/3700/3447
f 1779/3700/3447 1659/3699/3446 1658/3701/3448
f 1779/3700/3447 1658/3701/3448 1780/3702/3449
f 1780/3702/3449 1658/3701/3448 1657/3703/3450
f 1780/3702/3449 1657/3703/3450 1781/3704/3451
f 1781/3704/3451 1657/3703/3450 1656/3705/3452
f 1781/3704/3451 1656/3705/3452 1782/3706/3453
f 1782/3706/3453 1656/3705/3452 1655/3707/3454
f 1782/3706/3453 1655/3707/3454 1783/3660/3407
f 1783/3660/3407 1655/3707/3454 1654/3658/3405
f 1757/3708/3455 1837/3709/3456 1732/3710/3457
f 1732/3710/3457 1837/3709/3456 1836/3711/3458
f 1732/3710/3457 1836/3711/3458 1861/3712/3459
f 1837/3709/3456 1757/3708/3455 1838/3713/3460
f 1838/3713/3460 1757/3708/3455 1756/3714/3461
f 1838/3713/3460 1756/3714/3461 1839/3715/3462
f 1839/3715/3462 1756/3714/3461 1755/3716/3463
f 1839/3715/3462 1755/3716/3463 1840/3717/3464
f 1840/3717/3464 1755/3716/3463 1754/3718/3465
f 1840/3717/3464 1754/3718/3465 1841/3719/3466
f 1841/3719/3466 1754/3718/3465 1753/3720/3467
f 1841/3719/3466 1753/3720/3467 1842/3721/3468
f 1842/3721/3468 1753/3720/3467 1752/3722/3469
f 1842/3721/3468 1752/3722/3469 1751/3723/3470
f 1842/3721/3468 1751/3723/3470 1843/3724/3471
f 1843/3724/3471 1751/3723/3470 1750/3725/3472
f 1843/3724/3471 1750/3725/3472 1844/3726/3473
f 1844/3726/3473 1750/3725/3472 1749/3727/3474
f 1844/3726/3473 1749/3727/3474 1845/3728/3475
f 1845/3728/3475 1749/3727/3474 1748/3729/3476
f 1845/3728/3475 1748/3729/3476 1846/3730/3477
f 1846/3730/3477 1748/3729/3476 1747/3731/3478
f 1846/3730/3477 1747/3731/3478 1847/3732/3479
f 1847/3732/3479 1747/3731/3478 1746/3733/3480
f 1847/3732/3479 1746/3733/3480 1848/3734/3481
f 1848/3734/3481 1746/3733/3480 1745/3735/3482
f 1848/3734/3481 1745/3735/3482 1849/3736/3483
f 1849/3736/3483 1745/3735/3482 1850/3737/3484
f 1850/3737/3484 1745/3735/3482 1744/3738/3485
f 1850/3737/3484 1744/3738/3485 1851/3739/3486
f 1851/3739/3486 1744/3738/3485 1743/3740/3487
f 1851/3739/3486 1743/3740/3487 1852/3741/3488
f 1852/3741/3488 1743/3740/3487 1742/3742/3489
f 1852/3741/3488 1742/3742/3489 1853/3743/3490
f 1853/3743/3490 1742/3742/3489 1741/3744/3491
f 1853/3743/3490 1741/3744/3491 1854/3745/3492
f 1854/3745/3492 1741/3744/3491 1740/3746/3493
f 1854/3745/3492 1740/3746/3493 1855/3747/3494
f 1855/3747/3494 1740/3746/3493 1739/3748/3495
f 1855/3747/3494 1739/3748/3495 1738/3749/3496
f 1855/3747/3494 1738/3749/3496 1856/3750/3497
f 1856/3750/3497 1738/3749/3496 1737/3751/3498
f 1856/3750/3497 1737/3751/3498 1857/3752/3499
f 1857/3752/3499 1737/3751/3498 1736/3753/3500
f 1857/3752/3499 1736/3753/3500 1858/3754/3501
f 1858/3754/3501 1736/3753/3500 1735/3755/3502
f 1858/3754/3501 1735/3755/3502 1859/3756/3503
f 1859/3756/3503 1735/3755/3502 1734/3757/3504
f 1859/3756/3503 1734/3757/3504 1860/3758/3505
f 1860/3758/3505 1734/3757/3504 1733/3759/3506
f 1860/3758/3505 1733/3759/3506 1861/3712/3459
f 1861/3712/3459 1733/3759/3506 1732/3710/3457
f 1785/3760/3507 1784/3761/3508 1886/3762/3509
f 1886/3762/3509 1784/3761/3508 1809/3763/3510
f 1886/3762/3509 1809/3763/3510 1887/3764/3511
f 1887/3764/3511 1809/3763/3510 1808/3765/3512
f 1887/3764/3511 1808/3765/3512 1888/3766/3513
f 1888/3766/3513 1808/3765/3512 1807/3767/3514
f 1888/3766/3513 1807/3767/3514 1889/3768/3515
f 1889/3768/3515 1807/3767/3514 1806/3769/3516
f 1889/3768/3515 1806/3769/3516 1890/3770/3517
f 1890/3770/3517 1806/3769/3516 1805/3771/3518
f 1890/3770/3517 1805/3771/3518 1891/3772/3519
f 1891/3772/3519 1805/3771/3518 1804/3773/3520
f 1891/3772/3519 1804/3773/3520 1892/3774/3521
f 1892/3774/3521 1804/3773/3520 1803/3775/3522
f 1892/3774/3521 1803/3775/3522 1893/3776/3523
f 1893/3776/3523 1803/3775/3522 1802/3777/3524
f 1893/3776/3523 1802/3777/3524 1894/3778/3525
f 1894/3778/3525 1802/3777/3524 1801/3779/3526
f 1894/3778/3525 1801/3779/3526 1895/3780/3527
f 1895/3780/3527 1801/3779/3526 1800/3781/3528
f 1895/3780/3527 1800/3781/3528 1896/3782/3529
f 1896/3782/3529 1800/3781/3528 1799/3783/3530
f 1896/3782/3529 1799/3783/3530 1897/3784/3531
f 1897/3784/3531 1799/3783/3530 1798/3785/3532
f 1897/3784/3531 1798/3785/3532 1898/3786/3533
f 1898/3786/3533 1798/3785/3532 1797/3787/3534
f 1898/3786/3533 1797/3787/3534 1899/3788/3535
f 1899/3788/3535 1797/3787/3534 1796/3789/3536
f 1899/3788/3535 1796/3789/3536 1900/3790/3537
f 1900/3790/3537 1796/3789/3536 1795/3791/3538
f 1900/3790/3537 1795/3791/3538 1901/3792/3539
f 1901/3792/3539 1795/3791/3538 1794/3793/3540
f 1901/3792/3539 1794/3793/3540 1902/3794/3541
f 1902/3794/3541 1794/3793/3540 1793/3795/3542
f 1902/3794/3541 1793/3795/3542 1903/3796/3543
f 1903/3796/3543 1793/3795/3542 1792/3797/3544
f 1903/3796/3543 1792/3797/3544 1904/3798/3545
f 1904/3798/3545 1792/3797/3544 1791/3799/3546
f 1904/3798/3545 1791/3799/3546 1905/3800/3547
f 1905/3800/3547 1791/3799/3546 1790/3801/3548
f 1905/3800/3547 1790/3801/3548 1906/3802/3549
f 1906/3802/3549 1790/3801/3548 1789/3803/3550
f 1906/3802/3549 1789/3803/3550 1907/3804/3551
f 1907/3804/3551 1789/3803/3550 1788/3805/3552
f 1907/3804/3551 1788/3805/3552 1908/3806/3553
f 1908/3806/3553 1788/3805/3552 1787/3807/3554
f 1908/3806/3553 1787/3807/3554 1909/3808/3555
f 1909/3808/3555 1787/3807/3554 1786/3809/3556
f 1909/3808/3555 1786/3809/3556 1910/3810/3557
f 1910/3810/3557 1786/3809/3556 1785/3760/3507
f 1910/3810/3557 1785/3760/3507 1886/3762/3509
f 1835/3811/3558 1948/3812/3559 1810/3813/3560
f 1810/3813/3560 1948/3812/3559 1947/3814/3561
f 1810/3813/3560 1947/3814/3561 1811/3815/3562
f 1811/3815/3562 1947/3814/3561 1946/3816/3563
f 1811/3815/3562 1946/3816/3563 1812/3817/3564
f 1812/3817/3564 1946/3816/3563 1945/3818/3565
f 1812/3817/3564 1945/3818/3565 1813/3819/3566
f 1813/3819/3566 1945/3818/3565 1944/3820/3567
f 1813/3819/3566 1944/3820/3567 1814/3821/3568
f 1814/3821/3568 1944/3820/3567 1943/3822/3569
f 1814/3821/3568 1943/3822/3569 1815/3823/3570
f 1815/3823/3570 1943/3822/3569 1942/3824/3571
f 1815/3823/3570 1942/3824/3571 1816/3825/3572
f 1816/3825/3572 1942/3824/3571 1941/3826/3573
f 1816/3825/3572 1941/3826/3573 1817/3827/3574
f 1817/3827/3574 1941/3826/3573 1940/3828/3575
f 1817/3827/3574 1940/3828/3575 1818/3829/3576
f 1818/3829/3576 1940/3828/3575 1939/3830/3577
f 1818/3829/3576 1939/3830/3577 1819/3831/3578
f 1819/3831/3578 1939/3830/3577 1938/3832/3579
f 1819/3831/3578 1938/3832/3579 1820/3833/3580
f 1820/3833/3580 1938/3832/3579 1937/3834/3581
f 1820/3833/3580 1937/3834/3581 1821/3835/3582
f 1821/3835/3582 1937/3834/3581 1936/3836/3583
f 1821/3835/3582 1936/3836/3583 1822/3837/3584
f 1822/3837/3584 1936/3836/3583 1935/3838/3585
f 1822/3837/3584 1935/3838/3585 1823/3839/3586
f 1823/3839/3586 1935/3838/3585 1824/3840/3587
f 1824/3840/3587 1935/3838/3585 1959/3841/3588
f 1824/3840/3587 1959/3841/3588 1825/3842/3589
f 1825/3842/3589 1959/3841/3588 1958/3843/3590
f 1825/3842/3589 1958/3843/3590 1826/3844/3591
f 1826/3844/3591 1958/3843/3590 1957/3845/3592
f 1826/3844/3591 1957/3845/3592 1827/3846/3593
f 1827/3846/3593 1957/3845/3592 1956/3847/3594
f 1827/3846/3593 1956/3847/3594 1828/3848/3595
f 1828/3848/3595 1956/3847/3594 1955/3849/3596
f 1828/3848/3595 1955/3849/3596 1829/3850/3597
f 1829/3850/3597 1955/3849/3596 1954/3851/3598
f 1829/3850/3597 1954/3851/3598 1830/3852/3599
f 1830/3852/3599 1954/3851/3598 1953/3853/3600
f 1830/3852/3599 1953/3853/3600 1831/3854/3601
f 1831/3854/3601 1953/3853/3600 1952/3855/3602
f 1831/3854/3601 1952/3855/3602 1832/3856/3603
f 1832/3856/3603 1952/3855/3602 1951/3857/3604
f 1832/3856/3603 1951/3857/3604 1833/3858/3605
f 1833/3858/3605 1951/3857/3604 1950/3859/3606
f 1833/3858/3605 1950/3859/3606 1834/3860/3607
f 1834/3860/3607 1950/3859/3606 1949/3861/3608
f 1834/3860/3607 1949/3861/3608 1835/3811/3558
f 1835/3811/3558 1949/3861/3608 1948/3812/3559
f 2130/3862/3609 2129/3863/3610 2062/3864/3611
f 2062/3864/3611 2129/3863/3610 2153/3865/3612
f 2062/3864/3611 2153/3865/3612 2063/3866/3613
f 2063/3866/3613 2153/3865/3612 2152/3867/3614
f 2063/3866/3613 2152/3867/3614 2064/3868/3615
f 2064/3868/3615 2152/3867/3614 2151/3869/3616
f 2064/3868/3615 2151/3869/3616 2065/3870/3617
f 2065/3870/3617 2151/3869/3616 2150/3871/3618
f 2065/3870/3617 2150/3871/3618 2066/3872/3619
f 2066/3872/3619 2150/3871/3618 2149/3873/3620
f 2066/3872/3619 2149/3873/3620 2067/3874/3621
f 2067/3874/3621 2149/3873/3620 2148/3875/3622
f 2067/3874/3621 2148/3875/3622 2068/3876/3623
f 2068/3876/3623 2148/3875/3622 2147/3877/3624
f 2068/3876/3623 2147/3877/3624 2069/3878/3625
f 2069/3878/3625 2147/3877/3624 2146/3879/3626
f 2069/3878/3625 2146/3879/3626 2070/3880/3627
f 2070/3880/3627 2146/3879/3626 2145/3881/3628
f 2070/3880/3627 2145/3881/3628 2071/3882/3629
f 2071/3882/3629 2145/3881/3628 2144/3883/3630
f 2071/3882/3629 2144/3883/3630 2072/3884/3631
f 2072/3884/3631 2144/3883/3630 2143/3885/3632
f 2072/3884/3631 2143/3885/3632 2073/3886/3633
f 2073/3886/3633 2143/3885/3632 2142/3887/3634
f 2073/3886/3633 2142/3887/3634 2074/3888/3635
f 2074/3888/3635 2142/3887/3634 2141/3889/3636
f 2074/3888/3635 2141/3889/3636 2075/3890/3637
f 2075/3890/3637 2141/3889/3636 2140/3891/3638
f 2075/3890/3637 2140/3891/3638 2076/3892/3639
f 2076/3892/3639 2140/3891/3638 2139/3893/3640
f 2076/3892/3639 2139/3893/3640 2077/3894/3641
f 2077/3894/3641 2139/3893/3640 2138/3895/3642
f 2077/3894/3641 2138/3895/3642 2078/3896/3643
f 2078/3896/3643 2138/3895/3642 2137/3897/3644
f 2078/3896/3643 2137/3897/3644 2079/3898/3645
f 2079/3898/3645 2137/3897/3644 2136/3899/3646
f 2079/3898/3645 2136/3899/3646 2056/3900/3647
f 2056/3900/3647 2136/3899/3646 2135/3901/3648
f 2056/3900/3647 2135/3901/3648 2057/3902/3649
f 2057/3902/3649 2135/3901/3648 2134/3903/3650
f 2057/3902/3649 2134/3903/3650 2058/3904/3651
f 2058/3904/3651 2134/3903/3650 2133/3905/3652
f 2058/3904/3651 2133/3905/3652 2059/3906/3653
f 2059/3906/3653 2133/3905/3652 2132/3907/3654
f 2059/3906/3653 2132/3907/3654 2060/3908/3655
f 2060/3908/3655 2132/3907/3654 2131/3909/3656
f 2060/3908/3655 2131/3909/3656 2061/3910/3657
f 2061/3910/3657 2131/3909/3656 2130/3862/3609
f 2061/3910/3657 2130/3862/3609 2062/3864/3611
f 2155/3911/3658 2154/3912/3659 2080/3913/3660
f 2080/3913/3660 2154/3912/3659 2178/3914/3661
f 2080/3913/3660 2178/3914/3661 2081/3915/3662
f 2081/3915/3662 2178/3914/3661 2177/3916/3663
f 2081/3915/3662 2177/3916/3663 2082/3917/3664
f 2082/3917/3664 2177/3916/3663 2176/3918/3665
f 2082/3917/3664 2176/3918/3665 2083/3919/3666
f 2083/3919/3666 2176/3918/3665 2175/3920/3667
f 2083/3919/3666 2175/3920/3667 2084/3921/3668
f 2084/3921/3668 2175/3920/3667 2174/3922/3669
f 2084/3921/3668 2174/3922/3669 2085/3923/3670
f 2085/3923/3670 2174/3922/3669 2173/3924/3671
f 2085/3923/3670 2173/3924/3671 2086/3925/3672
f 2086/3925/3672 2173/3924/3671 2172/3926/3673
f 2086/3925/3672 2172/3926/3673 2087/3927/3674
f 2087/3927/3674 2172/3926/3673 2171/3928/3675
f 2087/3927/3674 2171/3928/3675 2088/3929/3676
f 2088/3929/3676 2171/3928/3675 2170/3930/3677
f 2088/3929/3676 2170/3930/3677 2089/3931/3678
f 2089/3931/3678 2170/3930/3677 2169/3932/3679
f 2089/3931/3678 2169/3932/3679 2090/3933/3680
f 2090/3933/3680 2169/3932/3679 2168/3934/3681
f 2090/3933/3680 2168/3934/3681 2091/3935/3682
f 2091/3935/3682 2168/3934/3681 2167/3936/3683
f 2091/3935/3682 2167/3936/3683 2092/3937/3684
f 2092/3937/3684 2167/3936/3683 2166/3938/3685
f 2092/3937/3684 2166/3938/3685 2093/3939/3686
f 2093/3939/3686 2166/3938/3685 2165/3940/3687
f 2093/3939/3686 2165/3940/3687 2094/3941/3688
f 2094/3941/3688 2165/3940/3687 2164/3942/3689
f 2094/3941/3688 2164/3942/3689 2095/3943/3690
f 2095/3943/3690 2164/3942/3689 2163/3944/3691
f 2095/3943/3690 2163/3944/3691 2096/3945/3692
f 2096/3945/3692 2163/3944/3691 2162/3946/3693
f 2096/3945/3692 2162/3946/3693 2097/3947/3694
f 2097/3947/3694 2162/3946/3693 2161/3948/3695
f 2097/3947/3694 2161/3948/3695 2098/3949/3696
f 2098/3949/3696 2161/3948/3695 2160/3950/3697
f 2098/3949/3696 2160/3950/3697 2099/3951/3698
f 2099/3951/3698 2160/3950/3697 2159/3952/3699
f 2099/3951/3698 2159/3952/3699 2100/3953/3700
f 2100/3953/3700 2159/3952/3699 2158/3954/3701
f 2100/3953/3700 2158/3954/3701 2101/3955/3702
f 2101/3955/3702 2158/3954/3701 2157/3956/3703
f 2101/3955/3702 2157/3956/3703 2102/3957/3704
f 2102/3957/3704 2157/3956/3703 2156/3958/3705
f 2102/3957/3704 2156/3958/3705 2103/3959/3706
f 2103/3959/3706 2156/3958/3705 2155/3911/3658
f 2103/3959/3706 2155/3911/3658 2080/3913/3660
f 2231/3960/3707 2230/3961/3708 2104/3962/3709
f 2104/3962/3709 2230/3961/3708 2255/3963/3710
f 2104/3962/3709 2255/3963/3710 2105/3964/3711
f 2105/3964/3711 2255/3963/3710 2254/3965/3712
f 2105/3964/3711 2254/3965/3712 2106/3966/3713
f 2106/3966/3713 2254/3965/3712 2253/3967/3714
f 2106/3966/3713 2253/3967/3714 2107/3968/3715
f 2107/3968/3715 2253/3967/3714 2252/3969/3716
f 2107/3968/3715 2252/3969/3716 2108/3970/3717
f 2108/3970/3717 2252/3969/3716 2251/3971/3718
f 2108/3970/3717 2251/3971/3718 2109/3972/3719
f 2109/3972/3719 2251/3971/3718 2250/3973/3720
f 2109/3972/3719 2250/3973/3720 2110/3974/3721
f 2110/3974/3721 2250/3973/3720 2249/3975/3722
f 2110/3974/3721 2249/3975/3722 2111/3976/3723
f 2111/3976/3723 2249/3975/3722 2248/3977/3724
f 2111/3976/3723 2248/3977/3724 2112/3978/3725
f 2112/3978/3725 2248/3977/3724 2247/3979/3726
f 2112/3978/3725 2247/3979/3726 2113/3980/3727
f 2113/3980/3727 2247/3979/3726 2246/3981/3728
f 2113/3980/3727 2246/3981/3728 2114/3982/3729
f 2114/3982/3729 2246/3981/3728 2245/3983/3730
f 2114/3982/3729 2245/3983/3730 2115/3984/3731
f 2115/3984/3731 2245/3983/3730 2244/3985/3732
f 2115/3984/3731 2244/3985/3732 2116/3986/3733
f 2116/3986/3733 2244/3985/3732 2243/3987/3734
f 2116/3986/3733 2243/3987/3734 2117/3988/3735
f 2117/3988/3735 2243/3987/3734 2242/3989/3736
f 2117/3988/3735 2242/3989/3736 2118/3990/3737
f 2118/3990/3737 2242/3989/3736 2241/3991/3738
f 2118/3990/3737 2241/3991/3738 2119/3992/3739
f 2119/3992/3739 2241/3991/3738 2240/3993/3740
f 2119/3992/3739 2240/3993/3740 2120/3994/3741
f 2120/3994/3741 2240/3993/3740 2239/3995/3742
f 2120/3994/3741 2239/3995/3742 2121/3996/3743
f 2121/3996/3743 2239/3995/3742 2238/3997/3744
f 2121/3996/3743 2238/3997/3744 2122/3998/3745
f 2122/3998/3745 2238/3997/3744 2237/3999/3746
f 2122/3998/3745 2237/3999/3746 2123/4000/3747
f 2123/4000/3747 2237/3999/3746 2236/4001/3748
f 2123/4000/3747 2236/4001/3748 2124/4002/3749
f 2124/4002/3749 2236/4001/3748 2235/4003/3750
f 2124/4002/3749 2235/4003/3750 2125/4004/3751
f 2125/4004/3751 2235/4003/3750 2234/4005/3752
f 2125/4004/3751 2234/4005/3752 2126/4006/3753
f 2126/4006/3753 2234/4005/3752 2233/4007/3754
f 2126/4006/3753 2233/4007/3754 2127/4008/3755
f 2127/4008/3755 2233/4007/3754 2232/4009/3756
f 2127/4008/3755 2232/4009/3756 2128/4010/3757
f 2128/4010/3757 2232/4009/3756 2231/3960/3707
f 2128/4010/3757 2231/3960/3707 2104/3962/3709
f 2205/4011/3758 2204/4012/3759 2179/4013/3760
f 2179/4013/3760 2204/4012/3759 2229/4014/3761
f 2179/4013/3760 2229/4014/3761 2180/4015/3762
f 2180/4015/3762 2229/4014/3761 2228/4016/3763
f 2180/4015/3762 2228/4016/3763 2181/4017/3764
f 2181/4017/3764 2228/4016/3763 2227/4018/3765
f 2181/4017/3764 2227/4018/3765 2182/4019/3766
f 2182/4019/3766 2227/4018/3765 2226/4020/3767
f 2182/4019/3766 2226/4020/3767 2183/4021/3768
f 2183/4021/3768 2226/4020/3767 2225/4022/3769
f 2183/4021/3768 2225/4022/3769 2184/4023/3770
f 2184/4023/3770 2225/4022/3769 2224/4024/3771
f 2184/4023/3770 2224/4024/3771 2185/4025/3772
f 2185/4025/3772 2224/4024/3771 2223/4026/3773
f 2185/4025/3772 2223/4026/3773 2186/4027/3774
f 2186/4027/3774 2223/4026/3773 2222/4028/3775
f 2186/4027/3774 2222/4028/3775 2187/4029/3776
f 2187/4029/3776 2222/4028/3775 2221/4030/3777
f 2187/4029/3776 2221/4030/3777 2188/4031/3778
f 2188/4031/3778 2221/4030/3777 2220/4032/3779
f 2188/4031/3778 2220/4032/3779 2189/4033/3780
f 2189/4033/3780 2220/4032/3779 2219/4034/3781
f 2189/4033/3780 2219/4034/3781 2190/4035/3782
f 2190/4035/3782 2219/4034/3781 2218/4036/3783
f 2190/4035/3782 2218/4036/3783 2191/4037/3784
f 2191/4037/3784 2218/4036/3783 2217/4038/3785
f 2191/4037/3784 2217/4038/3785 2192/4039/3786
f 2192/4039/3786 2217/4038/3785 2216/4040/3787
f 2192/4039/3786 2216/4040/3787 2193/4041/3788
f 2193/4041/3788 2216/4040/3787 2215/4042/3789
f 2193/4041/3788 2215/4042/3789 2194/4043/3790
f 2194/4043/3790 2215/4042/3789 2214/4044/3791
f 2194/4043/3790 2214/4044/3791 2195/4045/3792
f 2195/4045/3792 2214/4044/3791 2213/4046/3793
f 2195/4045/3792 2213/4046/3793 2196/4047/3794
f 2196/4047/3794 2213/4046/3793 2212/4048/3795
f 2196/4047/3794 2212/4048/3795 2197/4049/3796
f 2197/4049/3796 2212/4048/3795 2211/4050/3797
f 2197/4049/3796 2211/4050/3797 2198/4051/3798
f 2198/4051/3798 2211/4050/3797 2210/4052/3799
f 2198/4051/3798 2210/4052/3799 2199/4053/3800
f 2199/4053/3800 2210/4052/3799 2209/4054/3801
f 2199/4053/3800 2209/4054/3801 2200/4055/3802
f 2200/4055/3802 2209/4054/3801 2208/4056/3803
f 2200/4055/3802 2208/4056/3803 2201/4057/3804
f 2201/4057/3804 2208/4056/3803 2207/4058/3805
f 2201/4057/3804 2207/4058/3805 2202/4059/3806
f 2202/4059/3806 2207/4058/3805 2206/4060/3807
f 2202/4059/3806 2206/4060/3807 2203/4061/3808
f 2203/4061/3808 2206/4060/3807 2205/4011/3758
f 2203/4061/3808 2205/4011/3758 2179/4013/3760
# 2255 vertices
# 4061 texture params
# 3808 normals
# 4522 facets

# 4 groups
