# WaveFront *.obj file (generated by Autodesk ATF)

mtllib FerramentaDobrar.mtl

g Corpo1

v 417.866849 36.275799 35.158132
v 419.738289 35.083560 35.158132
v 421.854534 34.416311 35.158132
v 424.071368 34.319521 35.158132
v 426.237715 34.799789 35.158132
v 428.205944 35.824384 35.158132
v 429.841922 37.323482 35.158132
v 431.034160 39.194921 35.158132
v 431.701410 41.311167 35.158132
v 431.798199 43.528000 35.158132
v 431.317931 45.694348 35.158132
v 430.293336 47.662576 35.158132
v 428.794239 49.298554 35.158132
v 426.922799 50.490793 35.158132
v 424.806554 51.158042 35.158132
v 422.589720 51.254831 35.158132
v 420.423373 50.774564 35.158132
v 418.455144 49.749969 35.158132
v 416.819166 48.250871 35.158132
v 415.626928 46.379432 35.158132
v 414.959678 44.263186 35.158132
v 414.862889 42.046353 35.158132
v 415.343157 39.880005 35.158132
v 416.367752 37.911777 35.158132
v 417.866849 36.275799 17.158132
v 416.367752 37.911777 17.158132
v 415.343157 39.880005 17.158132
v 414.862889 42.046353 17.158132
v 414.959678 44.263186 17.158132
v 415.626928 46.379432 17.158132
v 416.819166 48.250871 17.158132
v 418.455144 49.749969 17.158132
v 420.423373 50.774564 17.158132
v 422.589720 51.254831 17.158132
v 424.806554 51.158042 17.158132
v 426.922799 50.490793 17.158132
v 428.794239 49.298554 17.158132
v 430.293336 47.662576 17.158132
v 431.317931 45.694348 17.158132
v 431.798199 43.528000 17.158132
v 431.701410 41.311167 17.158132
v 431.034160 39.194921 17.158132
v 429.841922 37.323482 17.158132
v 428.205944 35.824384 17.158132
v 426.237715 34.799789 17.158132
v 424.071368 34.319521 17.158132
v 421.854534 34.416311 17.158132
v 419.738289 35.083560 17.158132
v 401.475765 16.741665 35.158132
v 403.347205 15.549427 35.158132
v 405.463450 14.882177 35.158132
v 407.680284 14.785388 35.158132
v 409.846631 15.265656 35.158132
v 411.814860 16.290251 35.158132
v 413.450838 17.789348 35.158132
v 414.643076 19.660788 35.158132
v 415.310326 21.777034 35.158132
v 415.407115 23.993867 35.158132
v 414.926847 26.160214 35.158132
v 413.902252 28.128443 35.158132
v 412.403155 29.764421 35.158132
v 410.531715 30.956659 35.158132
v 408.415469 31.623909 35.158132
v 406.198636 31.720698 35.158132
v 404.032289 31.240430 35.158132
v 402.064060 30.215835 35.158132
v 400.428082 28.716738 35.158132
v 399.235844 26.845298 35.158132
v 398.568594 24.729053 35.158132
v 398.471805 22.512219 35.158132
v 398.952073 20.345872 35.158132
v 399.976668 18.377643 35.158132
v 401.475765 16.741665 17.158132
v 399.976668 18.377643 17.158132
v 398.952073 20.345872 17.158132
v 398.471805 22.512219 17.158132
v 398.568594 24.729053 17.158132
v 399.235844 26.845298 17.158132
v 400.428082 28.716738 17.158132
v 402.064060 30.215835 17.158132
v 404.032289 31.240430 17.158132
v 406.198636 31.720698 17.158132
v 408.415469 31.623909 17.158132
v 410.531715 30.956659 17.158132
v 412.403155 29.764421 17.158132
v 413.902252 28.128443 17.158132
v 414.926847 26.160214 17.158132
v 415.407115 23.993867 17.158132
v 415.310326 21.777034 17.158132
v 414.643076 19.660788 17.158132
v 413.450838 17.789348 17.158132
v 411.814860 16.290251 17.158132
v 409.846631 15.265656 17.158132
v 407.680284 14.785388 17.158132
v 405.463450 14.882177 17.158132
v 403.347205 15.549427 17.158132
v 427.747780 17.737266 9.158132
v 427.377415 18.141449 9.158132
v 427.124280 18.627717 9.158132
v 427.005626 19.162932 9.158132
v 427.029538 19.710620 9.158132
v 427.194388 20.233457 9.158132
v 427.488941 20.695813 9.158132
v 427.893124 21.066178 9.158132
v 428.379392 21.319314 9.158132
v 428.914607 21.437968 9.158132
v 429.462296 21.414055 9.158132
v 429.985133 21.249205 9.158132
v 430.447488 20.954652 9.158132
v 430.817854 20.550470 9.158132
v 431.070989 20.064201 9.158132
v 431.189643 19.528986 9.158132
v 431.165731 18.981298 9.158132
v 431.000881 18.458461 9.158132
v 430.706328 17.996105 9.158132
v 430.302145 17.625740 9.158132
v 429.815877 17.372605 9.158132
v 429.280661 17.253950 9.158132
v 428.732973 17.277863 9.158132
v 428.210136 17.442713 9.158132
v 427.747780 17.737266 37.158132
v 428.210136 17.442713 37.158132
v 428.732973 17.277863 37.158132
v 429.280661 17.253950 37.158132
v 429.815877 17.372605 37.158132
v 430.302145 17.625740 37.158132
v 430.706328 17.996105 37.158132
v 431.000881 18.458461 37.158132
v 431.165731 18.981298 37.158132
v 431.189643 19.528986 37.158132
v 431.070989 20.064201 37.158132
v 430.817854 20.550470 37.158132
v 430.447488 20.954652 37.158132
v 429.985133 21.249205 37.158132
v 429.462296 21.414055 37.158132
v 428.914607 21.437968 37.158132
v 428.379392 21.319314 37.158132
v 427.893124 21.066178 37.158132
v 427.488941 20.695813 37.158132
v 427.194388 20.233457 37.158132
v 427.029538 19.710620 37.158132
v 427.005626 19.162932 37.158132
v 427.124280 18.627717 37.158132
v 427.377415 18.141449 37.158132
v 430.447488 20.954652 18.491466
v 430.447488 20.954652 27.824799
v 427.377415 18.141449 18.491466
v 427.377415 18.141449 27.824799
v 427.747780 17.737266 27.824799
v 427.747780 17.737266 18.491466
v 427.124280 18.627717 18.491466
v 427.124280 18.627717 27.824799
v 427.005626 19.162932 18.491466
v 427.005626 19.162932 27.824799
v 427.029538 19.710620 18.491466
v 427.029538 19.710620 27.824799
v 427.194388 20.233457 18.491466
v 427.194388 20.233457 27.824799
v 427.488941 20.695813 18.491466
v 427.488941 20.695813 27.824799
v 427.893124 21.066178 18.491466
v 427.893124 21.066178 27.824799
v 428.379392 21.319314 18.491466
v 428.379392 21.319314 27.824799
v 428.914607 21.437968 18.491466
v 428.914607 21.437968 27.824799
v 429.462296 21.414055 18.491466
v 429.462296 21.414055 27.824799
v 429.985133 21.249205 18.491466
v 429.985133 21.249205 27.824799
v 430.817854 20.550470 18.491466
v 430.817854 20.550470 27.824799
v 431.070989 20.064201 18.491466
v 431.070989 20.064201 27.824799
v 431.189643 19.528986 18.491466
v 431.189643 19.528986 27.824799
v 431.165731 18.981298 18.491466
v 431.165731 18.981298 27.824799
v 431.000881 18.458461 18.491466
v 431.000881 18.458461 27.824799
v 430.706328 17.996105 18.491466
v 430.706328 17.996105 27.824799
v 430.302145 17.625740 18.491466
v 430.302145 17.625740 27.824799
v 429.815877 17.372605 18.491466
v 429.815877 17.372605 27.824799
v 429.280661 17.253950 18.491466
v 429.280661 17.253950 27.824799
v 428.732973 17.277863 18.491466
v 428.732973 17.277863 27.824799
v 428.210136 17.442713 18.491466
v 428.210136 17.442713 27.824799
v 386.131139 28.768820 9.158132
v 386.501505 28.364638 9.158132
v 386.754640 27.878369 9.158132
v 386.873294 27.343154 9.158132
v 386.849382 26.795466 9.158132
v 386.684532 26.272629 9.158132
v 386.389979 25.810273 9.158132
v 385.985796 25.439908 9.158132
v 385.499528 25.186773 9.158132
v 384.964313 25.068118 9.158132
v 384.416624 25.092031 9.158132
v 383.893787 25.256881 9.158132
v 383.431432 25.551434 9.158132
v 383.061066 25.955617 9.158132
v 382.807931 26.441885 9.158132
v 382.689277 26.977100 9.158132
v 382.713189 27.524788 9.158132
v 382.878039 28.047625 9.158132
v 383.172592 28.509981 9.158132
v 383.576775 28.880346 9.158132
v 384.063043 29.133482 9.158132
v 384.598258 29.252136 9.158132
v 385.145947 29.228223 9.158132
v 385.668784 29.063373 9.158132
v 386.131139 28.768820 37.158132
v 385.668784 29.063373 37.158132
v 385.145947 29.228223 37.158132
v 384.598258 29.252136 37.158132
v 384.063043 29.133482 37.158132
v 383.576775 28.880346 37.158132
v 383.172592 28.509981 37.158132
v 382.878039 28.047625 37.158132
v 382.713189 27.524788 37.158132
v 382.689277 26.977100 37.158132
v 382.807931 26.441885 37.158132
v 383.061066 25.955617 37.158132
v 383.431432 25.551434 37.158132
v 383.893787 25.256881 37.158132
v 384.416624 25.092031 37.158132
v 384.964313 25.068118 37.158132
v 385.499528 25.186773 37.158132
v 385.985796 25.439908 37.158132
v 386.389979 25.810273 37.158132
v 386.684532 26.272629 37.158132
v 386.849382 26.795466 37.158132
v 386.873294 27.343154 37.158132
v 386.754640 27.878369 37.158132
v 386.501505 28.364638 37.158132
v 383.431432 25.551434 18.491466
v 383.431432 25.551434 27.824799
v 386.501505 28.364638 18.491466
v 386.501505 28.364638 27.824799
v 386.131139 28.768820 27.824799
v 386.131139 28.768820 18.491466
v 386.754640 27.878369 18.491466
v 386.754640 27.878369 27.824799
v 386.873294 27.343154 18.491466
v 386.873294 27.343154 27.824799
v 386.849382 26.795466 18.491466
v 386.849382 26.795466 27.824799
v 386.684532 26.272629 18.491466
v 386.684532 26.272629 27.824799
v 386.389979 25.810273 18.491466
v 386.389979 25.810273 27.824799
v 385.985796 25.439908 18.491466
v 385.985796 25.439908 27.824799
v 385.499528 25.186773 18.491466
v 385.499528 25.186773 27.824799
v 384.964313 25.068118 18.491466
v 384.964313 25.068118 27.824799
v 384.416624 25.092031 18.491466
v 384.416624 25.092031 27.824799
v 383.893787 25.256881 18.491466
v 383.893787 25.256881 27.824799
v 383.061066 25.955617 18.491466
v 383.061066 25.955617 27.824799
v 382.807931 26.441885 18.491466
v 382.807931 26.441885 27.824799
v 382.689277 26.977100 18.491466
v 382.689277 26.977100 27.824799
v 382.713189 27.524788 18.491466
v 382.713189 27.524788 27.824799
v 382.878039 28.047625 18.491466
v 382.878039 28.047625 27.824799
v 383.172592 28.509981 18.491466
v 383.172592 28.509981 27.824799
v 383.576775 28.880346 18.491466
v 383.576775 28.880346 27.824799
v 384.063043 29.133482 18.491466
v 384.063043 29.133482 27.824799
v 384.598258 29.252136 18.491466
v 384.598258 29.252136 27.824799
v 385.145947 29.228223 18.491466
v 385.145947 29.228223 27.824799
v 385.668784 29.063373 18.491466
v 385.668784 29.063373 27.824799
v 385.406075 -2.409446 37.158132
v 382.240669 0.620771 37.158132
v 379.497866 4.038232 37.158132
v 377.224597 7.784465 37.158132
v 375.459757 11.795368 37.158132
v 374.233544 16.002316 37.158132
v 373.566938 20.333326 37.158132
v 373.471345 24.714293 37.158132
v 373.948400 29.070257 37.158132
v 374.989942 33.326687 37.158132
v 376.578149 37.410755 37.158132
v 378.685847 41.252580 37.158132
v 381.276971 44.786428 37.158132
v 384.307188 47.951834 37.158132
v 387.724649 50.694637 37.158132
v 391.470881 52.967906 37.158132
v 395.481785 54.732746 37.158132
v 399.688733 55.958959 37.158132
v 404.019743 56.625566 37.158132
v 408.400709 56.721159 37.158132
v 412.756674 56.244103 37.158132
v 417.013104 55.202561 37.158132
v 421.097172 53.614354 37.158132
v 424.938997 51.506657 37.158132
v 428.472845 48.915532 37.158132
v 431.638251 45.885315 37.158132
v 434.381053 42.467854 37.158132
v 436.654323 38.721622 37.158132
v 438.419163 34.710718 37.158132
v 439.645376 30.503770 37.158132
v 440.311982 26.172760 37.158132
v 440.407575 21.791794 37.158132
v 439.930520 17.435829 37.158132
v 438.888978 13.179399 37.158132
v 437.300771 9.095331 37.158132
v 435.193073 5.253506 37.158132
v 432.601949 1.719658 37.158132
v 429.571732 -1.445748 37.158132
v 426.154271 -4.188550 37.158132
v 422.408038 -6.461820 37.158132
v 418.397135 -8.226660 37.158132
v 414.190187 -9.452873 37.158132
v 409.859177 -10.119479 37.158132
v 405.478210 -10.215072 37.158132
v 401.122246 -9.738017 37.158132
v 396.865816 -8.696475 37.158132
v 392.781748 -7.108268 37.158132
v 388.939923 -5.000570 37.158132
v 384.763287 -3.175490 36.158132
v 388.402623 -5.843962 36.158132
v 392.359130 -8.014576 36.158132
v 396.565110 -9.650192 36.158132
v 400.948598 -10.722824 36.158132
v 405.434591 -11.214121 36.158132
v 409.946333 -11.115674 36.158132
v 414.406627 -10.429169 36.158132
v 418.739155 -9.166352 36.158132
v 422.869787 -7.348831 36.158132
v 426.727847 -5.007702 36.158132
v 430.247322 -2.183025 36.158132
v 433.367993 1.076871 36.158132
v 436.036465 4.716207 36.158132
v 438.207079 8.672713 36.158132
v 439.842695 12.878693 36.158132
v 440.915327 17.262181 36.158132
v 441.406624 21.748174 36.158132
v 441.308177 26.259916 36.158132
v 440.621672 30.720210 36.158132
v 439.358855 35.052738 36.158132
v 437.541334 39.183370 36.158132
v 435.200205 43.041430 36.158132
v 432.375528 46.560905 36.158132
v 429.115632 49.681576 36.158132
v 425.476296 52.350048 36.158132
v 421.519790 54.520662 36.158132
v 417.313810 56.156278 36.158132
v 412.930322 57.228911 36.158132
v 408.444329 57.720207 36.158132
v 403.932587 57.621760 36.158132
v 399.472293 56.935255 36.158132
v 395.139765 55.672439 36.158132
v 391.009133 53.854917 36.158132
v 387.151073 51.513789 36.158132
v 383.631598 48.689111 36.158132
v 380.510927 45.429216 36.158132
v 377.842455 41.789880 36.158132
v 375.671841 37.833373 36.158132
v 374.036225 33.627393 36.158132
v 372.963592 29.243905 36.158132
v 372.472296 24.757912 36.158132
v 372.570743 20.246170 36.158132
v 373.257248 15.785876 36.158132
v 374.520065 11.453348 36.158132
v 376.337586 7.322716 36.158132
v 378.678714 3.464656 36.158132
v 381.503392 -0.054819 36.158132
v 393.238792 41.929009 31.158132
v 394.208796 40.870435 31.158132
v 394.871769 39.596875 31.158132
v 395.182531 38.195121 31.158132
v 395.119903 36.760699 31.158132
v 394.688153 35.391364 31.158132
v 393.916704 34.180432 31.158132
v 392.858130 33.210428 31.158132
v 391.584571 32.547455 31.158132
v 390.182817 32.236693 31.158132
v 388.748395 32.299322 31.158132
v 387.379060 32.731072 31.158132
v 386.168128 33.502520 31.158132
v 385.198124 34.561094 31.158132
v 384.535151 35.834654 31.158132
v 384.224389 37.236408 31.158132
v 384.287017 38.670829 31.158132
v 384.718767 40.040165 31.158132
v 385.490216 41.251096 31.158132
v 386.548790 42.221101 31.158132
v 387.822349 42.884074 31.158132
v 389.224103 43.194835 31.158132
v 390.658525 43.132207 31.158132
v 392.027860 42.700457 31.158132
v 393.238792 41.929009 37.158132
v 392.027860 42.700457 37.158132
v 390.658525 43.132207 37.158132
v 389.224103 43.194835 37.158132
v 387.822349 42.884074 37.158132
v 386.548790 42.221101 37.158132
v 385.490216 41.251096 37.158132
v 384.718767 40.040165 37.158132
v 384.287017 38.670829 37.158132
v 384.224389 37.236408 37.158132
v 384.535151 35.834654 37.158132
v 385.198124 34.561094 37.158132
v 386.168128 33.502520 37.158132
v 387.379060 32.731072 37.158132
v 388.748395 32.299322 37.158132
v 390.182817 32.236693 37.158132
v 391.584571 32.547455 37.158132
v 392.858130 33.210428 37.158132
v 393.916704 34.180432 37.158132
v 394.688153 35.391364 37.158132
v 395.119903 36.760699 37.158132
v 395.182531 38.195121 37.158132
v 394.871769 39.596875 37.158132
v 394.208796 40.870435 37.158132
v 391.792520 40.205409 9.158132
v 392.365704 39.579888 9.158132
v 392.757461 38.827330 9.158132
v 392.941093 37.999020 9.158132
v 392.904085 37.151408 9.158132
v 392.648960 36.342255 9.158132
v 392.193104 35.626705 9.158132
v 391.567583 35.053520 9.158132
v 390.815025 34.661763 9.158132
v 389.986716 34.478132 9.158132
v 389.139103 34.515139 9.158132
v 388.329951 34.770264 9.158132
v 387.614400 35.226120 9.158132
v 387.041216 35.851641 9.158132
v 386.649459 36.604199 9.158132
v 386.465827 37.432508 9.158132
v 386.502835 38.280121 9.158132
v 386.757960 39.089274 9.158132
v 387.213816 39.804824 9.158132
v 387.839337 40.378008 9.158132
v 388.591895 40.769765 9.158132
v 389.420204 40.953397 9.158132
v 390.267817 40.916390 9.158132
v 391.076969 40.661265 9.158132
v 391.792520 40.205409 31.158132
v 391.076969 40.661265 31.158132
v 390.267817 40.916390 31.158132
v 389.420204 40.953397 31.158132
v 388.591895 40.769765 31.158132
v 387.839337 40.378008 31.158132
v 387.213816 39.804824 31.158132
v 386.757960 39.089274 31.158132
v 386.502835 38.280121 31.158132
v 386.465827 37.432508 31.158132
v 386.649459 36.604199 31.158132
v 387.041216 35.851641 31.158132
v 387.614400 35.226120 31.158132
v 388.329951 34.770264 31.158132
v 389.139103 34.515139 31.158132
v 389.986716 34.478132 31.158132
v 390.815025 34.661763 31.158132
v 391.567583 35.053520 31.158132
v 392.193104 35.626705 31.158132
v 392.648960 36.342255 31.158132
v 392.904085 37.151408 31.158132
v 392.941093 37.999020 31.158132
v 392.757461 38.827330 31.158132
v 392.365704 39.579888 31.158132
v 387.614400 35.226120 20.158132
v 392.365704 39.579888 20.158132
v 391.792520 40.205409 20.158132
v 392.757461 38.827330 20.158132
v 392.941093 37.999020 20.158132
v 392.904085 37.151408 20.158132
v 392.648960 36.342255 20.158132
v 392.193104 35.626705 20.158132
v 391.567583 35.053520 20.158132
v 390.815025 34.661763 20.158132
v 389.986716 34.478132 20.158132
v 389.139103 34.515139 20.158132
v 388.329951 34.770264 20.158132
v 387.041216 35.851641 20.158132
v 386.649459 36.604199 20.158132
v 386.465827 37.432508 20.158132
v 386.502835 38.280121 20.158132
v 386.757960 39.089274 20.158132
v 387.213816 39.804824 20.158132
v 387.839337 40.378008 20.158132
v 388.591895 40.769765 20.158132
v 389.420204 40.953397 20.158132
v 390.267817 40.916390 20.158132
v 391.076969 40.661265 20.158132
v 427.710792 13.003566 31.158132
v 428.680796 11.944992 31.158132
v 429.343769 10.671433 31.158132
v 429.654531 9.269678 31.158132
v 429.591903 7.835257 31.158132
v 429.160153 6.465921 31.158132
v 428.388704 5.254990 31.158132
v 427.330130 4.284986 31.158132
v 426.056571 3.622012 31.158132
v 424.654816 3.311251 31.158132
v 423.220395 3.373879 31.158132
v 421.851059 3.805629 31.158132
v 420.640128 4.577077 31.158132
v 419.670124 5.635651 31.158132
v 419.007151 6.909211 31.158132
v 418.696389 8.310965 31.158132
v 418.759017 9.745387 31.158132
v 419.190767 11.114722 31.158132
v 419.962215 12.325654 31.158132
v 421.020790 13.295658 31.158132
v 422.294349 13.958631 31.158132
v 423.696103 14.269393 31.158132
v 425.130525 14.206765 31.158132
v 426.499860 13.775015 31.158132
v 427.710792 13.003566 37.158132
v 426.499860 13.775015 37.158132
v 425.130525 14.206765 37.158132
v 423.696103 14.269393 37.158132
v 422.294349 13.958631 37.158132
v 421.020790 13.295658 37.158132
v 419.962215 12.325654 37.158132
v 419.190767 11.114722 37.158132
v 418.759017 9.745387 37.158132
v 418.696389 8.310965 37.158132
v 419.007151 6.909211 37.158132
v 419.670124 5.635651 37.158132
v 420.640128 4.577077 37.158132
v 421.851059 3.805629 37.158132
v 423.220395 3.373879 37.158132
v 424.654816 3.311251 37.158132
v 426.056571 3.622012 37.158132
v 427.330130 4.284986 37.158132
v 428.388704 5.254990 37.158132
v 429.160153 6.465921 37.158132
v 429.591903 7.835257 37.158132
v 429.654531 9.269678 37.158132
v 429.343769 10.671433 37.158132
v 428.680796 11.944992 37.158132
v 426.264520 11.279966 9.158132
v 426.837704 10.654445 9.158132
v 427.229461 9.901887 9.158132
v 427.413093 9.073578 9.158132
v 427.376085 8.225965 9.158132
v 427.120960 7.416813 9.158132
v 426.665104 6.701262 9.158132
v 426.039583 6.128078 9.158132
v 425.287025 5.736321 9.158132
v 424.458716 5.552689 9.158132
v 423.611103 5.589697 9.158132
v 422.801951 5.844822 9.158132
v 422.086400 6.300677 9.158132
v 421.513216 6.926198 9.158132
v 421.121459 7.678756 9.158132
v 420.937827 8.507066 9.158132
v 420.974835 9.354678 9.158132
v 421.229960 10.163831 9.158132
v 421.685815 10.879382 9.158132
v 422.311336 11.452566 9.158132
v 423.063894 11.844323 9.158132
v 423.892204 12.027955 9.158132
v 424.739816 11.990947 9.158132
v 425.548969 11.735822 9.158132
v 426.264520 11.279966 31.158132
v 425.548969 11.735822 31.158132
v 424.739816 11.990947 31.158132
v 423.892204 12.027955 31.158132
v 423.063894 11.844323 31.158132
v 422.311336 11.452566 31.158132
v 421.685815 10.879382 31.158132
v 421.229960 10.163831 31.158132
v 420.974835 9.354678 31.158132
v 420.937827 8.507066 31.158132
v 421.121459 7.678756 31.158132
v 421.513216 6.926198 31.158132
v 422.086400 6.300677 31.158132
v 422.801951 5.844822 31.158132
v 423.611103 5.589697 31.158132
v 424.458716 5.552689 31.158132
v 425.287025 5.736321 31.158132
v 426.039583 6.128078 31.158132
v 426.665104 6.701262 31.158132
v 427.120960 7.416813 31.158132
v 427.376085 8.225965 31.158132
v 427.413093 9.073578 31.158132
v 427.229461 9.901887 31.158132
v 426.837704 10.654445 31.158132
v 422.086400 6.300677 20.158132
v 426.837704 10.654445 20.158132
v 426.264520 11.279966 20.158132
v 427.229461 9.901887 20.158132
v 427.413093 9.073578 20.158132
v 427.376085 8.225965 20.158132
v 427.120960 7.416813 20.158132
v 426.665104 6.701262 20.158132
v 426.039583 6.128078 20.158132
v 425.287025 5.736321 20.158132
v 424.458716 5.552689 20.158132
v 423.611103 5.589697 20.158132
v 422.801951 5.844822 20.158132
v 421.513216 6.926198 20.158132
v 421.121459 7.678756 20.158132
v 420.937827 8.507066 20.158132
v 420.974835 9.354678 20.158132
v 421.229960 10.163831 20.158132
v 421.685815 10.879382 20.158132
v 422.311336 11.452566 20.158132
v 423.063894 11.844323 20.158132
v 423.892204 12.027955 20.158132
v 424.739816 11.990947 20.158132
v 425.548969 11.735822 20.158132
v 435.824066 42.119138 17.158132
v 433.410353 45.378635 17.158132
v 430.630788 48.332337 17.158132
v 427.523787 50.939420 17.158132
v 424.132292 53.163852 17.158132
v 420.503177 54.974890 17.158132
v 420.503177 54.974890 5.458132
v 416.353781 56.443713 5.458132
v 412.051138 57.372257 5.458132
v 407.665287 57.745407 5.458132
v 403.267621 57.557090 5.458132
v 398.929725 56.810369 5.458132
v 394.722212 55.517402 5.458132
v 390.713572 53.699234 5.458132
v 386.969058 51.385463 5.458132
v 383.549622 48.613750 5.458132
v 380.510927 45.429216 5.458132
v 377.902436 41.883696 5.458132
v 375.766611 38.034907 5.458132
v 374.138219 33.945498 5.458132
v 373.043766 29.682036 5.458132
v 372.501069 25.313923 5.458132
v 372.518961 20.912263 5.458132
v 373.097151 16.548707 5.458132
v 374.226227 12.294284 5.458132
v 375.887811 8.218248 5.458132
v 378.054854 4.386948 5.458132
v 378.054854 4.386948 17.158132
v 380.468567 1.127451 17.158132
v 383.248132 -1.826251 17.158132
v 386.355133 -4.433334 17.158132
v 389.746627 -6.657766 17.158132
v 393.375743 -8.468804 17.158132
v 393.375743 -8.468804 5.458132
v 397.525139 -9.937627 5.458132
v 401.827782 -10.866171 5.458132
v 406.213633 -11.239321 5.458132
v 410.611299 -11.051003 5.458132
v 414.949195 -10.304283 5.458132
v 419.156707 -9.011316 5.458132
v 423.165348 -7.193148 5.458132
v 426.909862 -4.879376 5.458132
v 430.329298 -2.107664 5.458132
v 433.367993 1.076871 5.458132
v 435.976484 4.622390 5.458132
v 438.112309 8.471179 5.458132
v 439.740701 12.560589 5.458132
v 440.835154 16.824050 5.458132
v 441.377851 21.192163 5.458132
v 441.359959 25.593823 5.458132
v 440.781769 29.957379 5.458132
v 439.652693 34.211803 5.458132
v 437.991109 38.287839 5.458132
v 435.824066 42.119138 5.458132
v 411.760367 28.998376 35.158132
v 413.083100 27.554866 35.158132
v 413.987155 25.818194 35.158132
v 414.410920 23.906711 35.158132
v 414.325518 21.950682 35.158132
v 413.736768 20.083406 35.158132
v 412.684793 18.432136 35.158132
v 411.241283 17.109403 35.158132
v 409.504611 16.205348 35.158132
v 407.593128 15.781583 35.158132
v 405.637099 15.866985 35.158132
v 403.769823 16.455735 35.158132
v 402.118553 17.507710 35.158132
v 400.795820 18.951220 35.158132
v 399.891765 20.687892 35.158132
v 399.468000 22.599375 35.158132
v 399.553402 24.555404 35.158132
v 400.142152 26.422680 35.158132
v 401.194127 28.073950 35.158132
v 402.637637 29.396683 35.158132
v 404.374309 30.300738 35.158132
v 406.285792 30.724503 35.158132
v 408.241821 30.639101 35.158132
v 410.109097 30.050352 35.158132
v 411.760367 28.998376 37.158132
v 410.109097 30.050352 37.158132
v 408.241821 30.639101 37.158132
v 406.285792 30.724503 37.158132
v 404.374309 30.300738 37.158132
v 402.637637 29.396683 37.158132
v 401.194127 28.073950 37.158132
v 400.142152 26.422680 37.158132
v 399.553402 24.555404 37.158132
v 399.468000 22.599375 37.158132
v 399.891765 20.687892 37.158132
v 400.795820 18.951220 37.158132
v 402.118553 17.507710 37.158132
v 403.769823 16.455735 37.158132
v 405.637099 15.866985 37.158132
v 407.593128 15.781583 37.158132
v 409.504611 16.205348 37.158132
v 411.241283 17.109403 37.158132
v 412.684793 18.432136 37.158132
v 413.736768 20.083406 37.158132
v 414.325518 21.950682 37.158132
v 414.410920 23.906711 37.158132
v 413.987155 25.818194 37.158132
v 413.083100 27.554866 37.158132
v 428.151451 48.532510 35.158132
v 429.474184 47.089000 35.158132
v 430.378239 45.352327 35.158132
v 430.802004 43.440844 35.158132
v 430.716602 41.484815 35.158132
v 430.127852 39.617539 35.158132
v 429.075877 37.966269 35.158132
v 427.632367 36.643536 35.158132
v 425.895695 35.739482 35.158132
v 423.984212 35.315716 35.158132
v 422.028183 35.401118 35.158132
v 420.160907 35.989868 35.158132
v 418.509637 37.041843 35.158132
v 417.186904 38.485353 35.158132
v 416.282849 40.222025 35.158132
v 415.859084 42.133508 35.158132
v 415.944486 44.089538 35.158132
v 416.533236 45.956813 35.158132
v 417.585211 47.608083 35.158132
v 419.028721 48.930817 35.158132
v 420.765393 49.834871 35.158132
v 422.676876 50.258637 35.158132
v 424.632905 50.173235 35.158132
v 426.500181 49.584485 35.158132
v 428.151451 48.532510 37.158132
v 426.500181 49.584485 37.158132
v 424.632905 50.173235 37.158132
v 422.676876 50.258637 37.158132
v 420.765393 49.834871 37.158132
v 419.028721 48.930817 37.158132
v 417.585211 47.608083 37.158132
v 416.533236 45.956813 37.158132
v 415.944486 44.089538 37.158132
v 415.859084 42.133508 37.158132
v 416.282849 40.222025 37.158132
v 417.186904 38.485353 37.158132
v 418.509637 37.041843 37.158132
v 420.160907 35.989868 37.158132
v 422.028183 35.401118 37.158132
v 423.984212 35.315716 37.158132
v 425.895695 35.739482 37.158132
v 427.632367 36.643536 37.158132
v 429.075877 37.966269 37.158132
v 430.127852 39.617539 37.158132
v 430.716602 41.484815 37.158132
v 430.802004 43.440844 37.158132
v 430.378239 45.352327 37.158132
v 429.474184 47.089000 37.158132
v 433.461094 39.303057 5.158132
v 435.622499 41.878920 5.158132
v 437.756656 38.083431 5.158132
v 439.391254 34.047536 5.158132
v 440.499794 29.836657 5.158132
v 441.064307 25.519055 5.158132
v 441.075642 21.164720 5.158132
v 440.533614 16.844237 5.158132
v 439.447011 12.627645 5.158132
v 437.833447 8.583294 5.158132
v 435.719079 4.776746 5.158132
v 433.138180 1.269707 5.158132
v 430.132589 -1.880973 5.158132
v 426.751027 -4.624220 5.158132
v 423.048312 -6.915565 5.158132
v 419.084465 -8.717863 5.158132
v 414.923743 -10.001900 5.158132
v 410.633592 -10.746860 5.158132
v 406.283557 -10.940667 5.158132
v 401.944155 -10.580179 5.158132
v 397.685729 -9.671241 5.158132
v 393.577310 -8.228586 5.158132
v 395.738715 -5.652723 5.158132
v 399.822692 -6.918990 5.158132
v 404.042059 -7.611258 5.158132
v 408.316548 -7.716355 5.158132
v 412.564839 -7.232283 5.158132
v 416.706111 -6.168251 5.158132
v 420.661579 -4.544501 5.158132
v 424.355995 -2.391923 5.158132
v 427.719075 0.248530 5.158132
v 430.686838 3.326627 5.158132
v 433.202825 6.783809 5.158132
v 435.219171 10.554306 5.158132
v 436.697518 14.566386 5.158132
v 437.609739 18.743724 5.158132
v 437.938482 23.006848 5.158132
v 437.677492 27.274656 5.158132
v 436.831734 31.465955 5.158132
v 435.417299 35.501010 5.158132
v 432.780683 38.492176 9.158132
v 432.780683 38.492176 6.158132
v 434.617169 34.826480 6.158132
v 435.936696 30.944618 6.158132
v 436.714619 26.919094 6.158132
v 436.936407 22.825097 6.158132
v 436.597920 18.739093 6.158132
v 435.705478 14.737399 6.158132
v 434.275751 10.894759 6.158132
v 432.335442 7.282944 6.158132
v 429.920793 3.969415 6.158132
v 427.076904 1.016061 6.158132
v 423.856891 -1.521955 6.158132
v 420.320899 -3.597229 6.158132
v 416.534971 -5.170999 6.158132
v 412.569820 -6.213871 6.158132
v 408.499506 -6.706367 6.158132
v 404.400055 -6.639287 6.158132
v 400.348033 -6.013885 6.158132
v 396.419125 -4.841842 6.158132
v 396.419125 -4.841842 9.158132
v 400.348033 -6.013885 9.158132
v 404.400055 -6.639287 9.158132
v 408.499506 -6.706367 9.158132
v 412.569820 -6.213871 9.158132
v 416.534971 -5.170999 9.158132
v 420.320899 -3.597229 9.158132
v 423.856891 -1.521955 9.158132
v 427.076904 1.016061 9.158132
v 429.920793 3.969415 9.158132
v 432.335442 7.282944 9.158132
v 434.275751 10.894759 9.158132
v 435.705478 14.737399 9.158132
v 436.597920 18.739093 9.158132
v 436.936407 22.825097 9.158132
v 436.714619 26.919094 9.158132
v 435.936696 30.944618 9.158132
v 434.617169 34.826480 9.158132
v 380.417826 7.203029 5.158132
v 378.256421 4.627167 5.158132
v 376.122264 8.422655 5.158132
v 374.487666 12.458551 5.158132
v 373.379126 16.669429 5.158132
v 372.814613 20.987031 5.158132
v 372.803278 25.341366 5.158132
v 373.345306 29.661849 5.158132
v 374.431908 33.878442 5.158132
v 376.045473 37.922792 5.158132
v 378.159841 41.729340 5.158132
v 380.740740 45.236379 5.158132
v 383.746331 48.387059 5.158132
v 387.127893 51.130306 5.158132
v 390.830608 53.421651 5.158132
v 394.794455 55.223949 5.158132
v 398.955177 56.507986 5.158132
v 403.245328 57.252946 5.158132
v 407.595363 57.446753 5.158132
v 411.934765 57.086265 5.158132
v 416.193191 56.177327 5.158132
v 420.301610 54.734672 5.158132
v 418.140205 52.158809 5.158132
v 414.056228 53.425077 5.158132
v 409.836860 54.117344 5.158132
v 405.562372 54.222441 5.158132
v 401.314081 53.738369 5.158132
v 397.172809 52.674337 5.158132
v 393.217341 51.050587 5.158132
v 389.522925 48.898009 5.158132
v 386.159845 46.257556 5.158132
v 383.192082 43.179459 5.158132
v 380.676095 39.722277 5.158132
v 378.659749 35.951780 5.158132
v 377.181402 31.939700 5.158132
v 376.269181 27.762362 5.158132
v 375.940438 23.499238 5.158132
v 376.201428 19.231431 5.158132
v 377.047185 15.040131 5.158132
v 378.461621 11.005076 5.158132
v 381.098236 8.013910 9.158132
v 381.098236 8.013910 6.158132
v 379.261751 11.679606 6.158132
v 377.942224 15.561468 6.158132
v 377.164301 19.586992 6.158132
v 376.942512 23.680989 6.158132
v 377.281000 27.766994 6.158132
v 378.173442 31.768687 6.158132
v 379.603169 35.611328 6.158132
v 381.543477 39.223142 6.158132
v 383.958127 42.536671 6.158132
v 386.802016 45.490025 6.158132
v 390.022029 48.028041 6.158132
v 393.558021 50.103315 6.158132
v 397.343949 51.677085 6.158132
v 401.309100 52.719958 6.158132
v 405.379413 53.212453 6.158132
v 409.478865 53.145374 6.158132
v 413.530887 52.519971 6.158132
v 417.459795 51.347928 6.158132
v 417.459795 51.347928 9.158132
v 413.530887 52.519971 9.158132
v 409.478865 53.145374 9.158132
v 405.379413 53.212453 9.158132
v 401.309100 52.719958 9.158132
v 397.343949 51.677085 9.158132
v 393.558021 50.103315 9.158132
v 390.022029 48.028041 9.158132
v 386.802016 45.490025 9.158132
v 383.958127 42.536671 9.158132
v 381.543477 39.223142 9.158132
v 379.603169 35.611328 9.158132
v 378.173442 31.768687 9.158132
v 377.281000 27.766994 9.158132
v 376.942512 23.680989 9.158132
v 377.164301 19.586992 9.158132
v 377.942224 15.561468 9.158132
v 379.261751 11.679606 9.158132
v 433.234431 39.032931 5.491698
v 433.007628 38.762637 5.825031
v 396.192181 -5.112303 5.825031
v 395.965378 -5.382597 5.491698
v 380.644489 7.473155 5.491698
v 380.871292 7.743449 5.825031
v 417.686739 51.618390 5.825031
v 417.913542 51.888683 5.491698
vt 0.000000 -0.222529 0.000000
vt 1.800000 -0.222529 0.000000
vt 0.000000 0.000000 0.000000
vt 1.800000 0.000000 0.000000
vt 0.000000 0.222529 0.000000
vt 1.800000 0.222529 0.000000
vt 0.000000 0.445059 0.000000
vt 1.800000 0.445059 0.000000
vt 0.000000 0.667588 0.000000
vt 1.800000 0.667588 0.000000
vt 0.000000 0.890118 0.000000
vt 1.800000 0.890118 0.000000
vt 0.000000 1.112647 0.000000
vt 1.800000 1.112647 0.000000
vt 0.000000 1.335177 0.000000
vt 1.800000 1.335177 0.000000
vt 0.000000 1.557706 0.000000
vt 1.800000 1.557706 0.000000
vt 0.000000 1.780236 0.000000
vt 1.800000 1.780236 0.000000
vt 0.000000 2.002765 0.000000
vt 1.800000 2.002765 0.000000
vt 0.000000 2.225295 0.000000
vt 1.800000 2.225295 0.000000
vt 0.000000 2.447824 0.000000
vt 1.800000 2.447824 0.000000
vt 0.000000 2.670354 0.000000
vt 1.800000 2.670354 0.000000
vt 0.000000 -2.670354 0.000000
vt 1.800000 -2.670354 0.000000
vt 0.000000 -2.447824 0.000000
vt 1.800000 -2.447824 0.000000
vt 0.000000 -2.225295 0.000000
vt 1.800000 -2.225295 0.000000
vt 0.000000 -2.002765 0.000000
vt 1.800000 -2.002765 0.000000
vt 0.000000 -1.780236 0.000000
vt 1.800000 -1.780236 0.000000
vt 0.000000 -1.557706 0.000000
vt 1.800000 -1.557706 0.000000
vt 0.000000 -1.335177 0.000000
vt 1.800000 -1.335177 0.000000
vt 0.000000 -1.112647 0.000000
vt 1.800000 -1.112647 0.000000
vt 0.000000 -0.890118 0.000000
vt 1.800000 -0.890118 0.000000
vt 0.000000 -0.667588 0.000000
vt 1.800000 -0.667588 0.000000
vt 0.000000 -0.445059 0.000000
vt 1.800000 -0.445059 0.000000
vt 0.000000 -0.222529 0.000000
vt 1.800000 -0.222529 0.000000
vt 0.000000 0.000000 0.000000
vt 1.800000 0.000000 0.000000
vt 0.000000 0.222529 0.000000
vt 1.800000 0.222529 0.000000
vt 0.000000 0.445059 0.000000
vt 1.800000 0.445059 0.000000
vt 0.000000 0.667588 0.000000
vt 1.800000 0.667588 0.000000
vt 0.000000 0.890118 0.000000
vt 1.800000 0.890118 0.000000
vt 0.000000 1.112647 0.000000
vt 1.800000 1.112647 0.000000
vt 0.000000 1.335177 0.000000
vt 1.800000 1.335177 0.000000
vt 0.000000 1.557706 0.000000
vt 1.800000 1.557706 0.000000
vt 0.000000 1.780236 0.000000
vt 1.800000 1.780236 0.000000
vt 0.000000 2.002765 0.000000
vt 1.800000 2.002765 0.000000
vt 0.000000 2.225295 0.000000
vt 1.800000 2.225295 0.000000
vt 0.000000 2.447824 0.000000
vt 1.800000 2.447824 0.000000
vt 0.000000 2.670354 0.000000
vt 1.800000 2.670354 0.000000
vt 0.000000 -2.670354 0.000000
vt 1.800000 -2.670354 0.000000
vt 0.000000 -2.447824 0.000000
vt 1.800000 -2.447824 0.000000
vt 0.000000 -2.225295 0.000000
vt 1.800000 -2.225295 0.000000
vt 0.000000 -2.002765 0.000000
vt 1.800000 -2.002765 0.000000
vt 0.000000 -1.780236 0.000000
vt 1.800000 -1.780236 0.000000
vt 0.000000 -1.557706 0.000000
vt 1.800000 -1.557706 0.000000
vt 0.000000 -1.335177 0.000000
vt 1.800000 -1.335177 0.000000
vt 0.000000 -1.112647 0.000000
vt 1.800000 -1.112647 0.000000
vt 0.000000 -0.890118 0.000000
vt 1.800000 -0.890118 0.000000
vt 0.000000 -0.667588 0.000000
vt 1.800000 -0.667588 0.000000
vt 0.000000 -0.445059 0.000000
vt 1.800000 -0.445059 0.000000
vt -2.800000 -0.054978 0.000000
vt -1.866667 -0.054978 0.000000
vt -2.800000 0.000000 0.000000
vt -1.866667 0.000000 0.000000
vt -2.800000 0.054978 0.000000
vt -1.866667 0.054978 0.000000
vt -2.800000 0.109956 0.000000
vt -1.866667 0.109956 0.000000
vt -2.800000 0.164934 0.000000
vt -1.866667 0.164934 0.000000
vt -2.800000 0.219911 0.000000
vt -1.866667 0.219911 0.000000
vt -2.800000 0.274889 0.000000
vt -1.866667 0.274889 0.000000
vt -2.800000 0.329867 0.000000
vt -1.866667 0.329867 0.000000
vt -2.800000 0.384845 0.000000
vt -1.866667 0.384845 0.000000
vt -2.800000 0.439823 0.000000
vt -1.866667 0.439823 0.000000
vt -2.800000 0.494801 0.000000
vt -1.866667 0.494801 0.000000
vt -2.800000 0.549779 0.000000
vt -1.866667 0.549779 0.000000
vt -2.800000 0.604757 0.000000
vt -1.866667 0.604757 0.000000
vt -2.800000 0.659734 0.000000
vt -1.866667 0.659734 0.000000
vt -2.800000 -0.659734 0.000000
vt -1.866667 -0.659734 0.000000
vt -2.800000 -0.604757 0.000000
vt -1.866667 -0.604757 0.000000
vt -2.800000 -0.549779 0.000000
vt -1.866667 -0.549779 0.000000
vt -2.800000 -0.494801 0.000000
vt -1.866667 -0.494801 0.000000
vt -2.800000 -0.439823 0.000000
vt -1.866667 -0.439823 0.000000
vt -2.800000 -0.384845 0.000000
vt -1.866667 -0.384845 0.000000
vt -2.800000 -0.329867 0.000000
vt -1.866667 -0.329867 0.000000
vt -2.800000 -0.274889 0.000000
vt -1.866667 -0.274889 0.000000
vt -2.800000 -0.219911 0.000000
vt -1.866667 -0.219911 0.000000
vt -2.800000 -0.164934 0.000000
vt -1.866667 -0.164934 0.000000
vt -2.800000 -0.109956 0.000000
vt -1.866667 -0.109956 0.000000
vt 0.000000 0.054978 0.000000
vt -0.933333 0.054978 0.000000
vt 0.000000 0.000000 0.000000
vt -0.933333 0.000000 0.000000
vt 0.000000 -0.054978 0.000000
vt -0.933333 -0.054978 0.000000
vt 0.000000 -0.109956 0.000000
vt -0.933333 -0.109956 0.000000
vt 0.000000 -0.164934 0.000000
vt -0.933333 -0.164934 0.000000
vt 0.000000 -0.219911 0.000000
vt -0.933333 -0.219911 0.000000
vt 0.000000 -0.274889 0.000000
vt -0.933333 -0.274889 0.000000
vt 0.000000 -0.329867 0.000000
vt -0.933333 -0.329867 0.000000
vt 0.000000 -0.384845 0.000000
vt -0.933333 -0.384845 0.000000
vt 0.000000 -0.439823 0.000000
vt -0.933333 -0.439823 0.000000
vt 0.000000 -0.494801 0.000000
vt -0.933333 -0.494801 0.000000
vt 0.000000 -0.549779 0.000000
vt -0.933333 -0.549779 0.000000
vt 0.000000 -0.604757 0.000000
vt -0.933333 -0.604757 0.000000
vt 0.000000 -0.659734 0.000000
vt -0.933333 -0.659734 0.000000
vt 0.000000 0.659734 0.000000
vt -0.933333 0.659734 0.000000
vt 0.000000 0.604757 0.000000
vt -0.933333 0.604757 0.000000
vt 0.000000 0.549779 0.000000
vt -0.933333 0.549779 0.000000
vt 0.000000 0.494801 0.000000
vt -0.933333 0.494801 0.000000
vt 0.000000 0.439823 0.000000
vt -0.933333 0.439823 0.000000
vt 0.000000 0.384845 0.000000
vt -0.933333 0.384845 0.000000
vt 0.000000 0.329867 0.000000
vt -0.933333 0.329867 0.000000
vt 0.000000 0.274889 0.000000
vt -0.933333 0.274889 0.000000
vt 0.000000 0.219911 0.000000
vt -0.933333 0.219911 0.000000
vt 0.000000 0.164934 0.000000
vt -0.933333 0.164934 0.000000
vt 0.000000 0.109956 0.000000
vt -0.933333 0.109956 0.000000
vt -2.800000 -0.054978 0.000000
vt -1.866667 -0.054978 0.000000
vt -2.800000 0.000000 0.000000
vt -1.866667 0.000000 0.000000
vt -2.800000 0.054978 0.000000
vt -1.866667 0.054978 0.000000
vt -2.800000 0.109956 0.000000
vt -1.866667 0.109956 0.000000
vt -2.800000 0.164934 0.000000
vt -1.866667 0.164934 0.000000
vt -2.800000 0.219911 0.000000
vt -1.866667 0.219911 0.000000
vt -2.800000 0.274889 0.000000
vt -1.866667 0.274889 0.000000
vt -2.800000 0.329867 0.000000
vt -1.866667 0.329867 0.000000
vt -2.800000 0.384845 0.000000
vt -1.866667 0.384845 0.000000
vt -2.800000 0.439823 0.000000
vt -1.866667 0.439823 0.000000
vt -2.800000 0.494801 0.000000
vt -1.866667 0.494801 0.000000
vt -2.800000 0.549779 0.000000
vt -1.866667 0.549779 0.000000
vt -2.800000 0.604757 0.000000
vt -1.866667 0.604757 0.000000
vt -2.800000 0.659734 0.000000
vt -1.866667 0.659734 0.000000
vt -2.800000 -0.659734 0.000000
vt -1.866667 -0.659734 0.000000
vt -2.800000 -0.604757 0.000000
vt -1.866667 -0.604757 0.000000
vt -2.800000 -0.549779 0.000000
vt -1.866667 -0.549779 0.000000
vt -2.800000 -0.494801 0.000000
vt -1.866667 -0.494801 0.000000
vt -2.800000 -0.439823 0.000000
vt -1.866667 -0.439823 0.000000
vt -2.800000 -0.384845 0.000000
vt -1.866667 -0.384845 0.000000
vt -2.800000 -0.329867 0.000000
vt -1.866667 -0.329867 0.000000
vt -2.800000 -0.274889 0.000000
vt -1.866667 -0.274889 0.000000
vt -2.800000 -0.219911 0.000000
vt -1.866667 -0.219911 0.000000
vt -2.800000 -0.164934 0.000000
vt -1.866667 -0.164934 0.000000
vt -2.800000 -0.109956 0.000000
vt -1.866667 -0.109956 0.000000
vt 0.000000 0.054978 0.000000
vt -0.933333 0.054978 0.000000
vt 0.000000 0.000000 0.000000
vt -0.933333 0.000000 0.000000
vt 0.000000 -0.054978 0.000000
vt -0.933333 -0.054978 0.000000
vt 0.000000 -0.109956 0.000000
vt -0.933333 -0.109956 0.000000
vt 0.000000 -0.164934 0.000000
vt -0.933333 -0.164934 0.000000
vt 0.000000 -0.219911 0.000000
vt -0.933333 -0.219911 0.000000
vt 0.000000 -0.274889 0.000000
vt -0.933333 -0.274889 0.000000
vt 0.000000 -0.329867 0.000000
vt -0.933333 -0.329867 0.000000
vt 0.000000 -0.384845 0.000000
vt -0.933333 -0.384845 0.000000
vt 0.000000 -0.439823 0.000000
vt -0.933333 -0.439823 0.000000
vt 0.000000 -0.494801 0.000000
vt -0.933333 -0.494801 0.000000
vt 0.000000 -0.549779 0.000000
vt -0.933333 -0.549779 0.000000
vt 0.000000 -0.604757 0.000000
vt -0.933333 -0.604757 0.000000
vt 0.000000 -0.659734 0.000000
vt -0.933333 -0.659734 0.000000
vt 0.000000 0.659734 0.000000
vt -0.933333 0.659734 0.000000
vt 0.000000 0.604757 0.000000
vt -0.933333 0.604757 0.000000
vt 0.000000 0.549779 0.000000
vt -0.933333 0.549779 0.000000
vt 0.000000 0.494801 0.000000
vt -0.933333 0.494801 0.000000
vt 0.000000 0.439823 0.000000
vt -0.933333 0.439823 0.000000
vt 0.000000 0.384845 0.000000
vt -0.933333 0.384845 0.000000
vt 0.000000 0.329867 0.000000
vt -0.933333 0.329867 0.000000
vt 0.000000 0.274889 0.000000
vt -0.933333 0.274889 0.000000
vt 0.000000 0.219911 0.000000
vt -0.933333 0.219911 0.000000
vt 0.000000 0.164934 0.000000
vt -0.933333 0.164934 0.000000
vt 0.000000 0.109956 0.000000
vt -0.933333 0.109956 0.000000
vt -0.000000 0.445059 0.000000
vt -0.141421 0.445059 0.000000
vt -0.000000 0.000000 0.000000
vt -0.141421 0.000000 0.000000
vt -0.000000 -0.445059 0.000000
vt -0.141421 -0.445059 0.000000
vt -0.000000 -0.890118 0.000000
vt -0.141421 -0.890118 0.000000
vt -0.000000 -1.335177 0.000000
vt -0.141421 -1.335177 0.000000
vt -0.000000 -1.780236 0.000000
vt -0.141421 -1.780236 0.000000
vt -0.000000 -2.225295 0.000000
vt -0.141421 -2.225295 0.000000
vt -0.000000 -2.670354 0.000000
vt -0.141421 -2.670354 0.000000
vt -0.000000 -3.115413 0.000000
vt -0.141421 -3.115413 0.000000
vt -0.000000 -3.560472 0.000000
vt -0.141421 -3.560472 0.000000
vt -0.000000 -4.005531 0.000000
vt -0.141421 -4.005531 0.000000
vt -0.000000 -4.450590 0.000000
vt -0.141421 -4.450590 0.000000
vt -0.000000 -4.895649 0.000000
vt -0.141421 -4.895649 0.000000
vt -0.000000 -5.340708 0.000000
vt -0.141421 -5.340708 0.000000
vt 0.000000 -5.785766 0.000000
vt -0.141421 -5.785766 0.000000
vt -0.000000 -6.230825 0.000000
vt -0.141421 -6.230825 0.000000
vt -0.000000 -6.675884 0.000000
vt -0.141421 -6.675884 0.000000
vt -0.000000 -7.120943 0.000000
vt -0.141421 -7.120943 0.000000
vt -0.000000 -7.566002 0.000000
vt -0.141421 -7.566002 0.000000
vt -0.000000 -8.011061 0.000000
vt -0.141421 -8.011061 0.000000
vt -0.000000 -8.456120 0.000000
vt -0.141421 -8.456120 0.000000
vt -0.000000 -8.901179 0.000000
vt -0.141421 -8.901179 0.000000
vt -0.000000 -9.346238 0.000000
vt -0.141421 -9.346238 0.000000
vt -0.000000 -9.791297 0.000000
vt -0.141421 -9.791297 0.000000
vt -0.000000 -10.236356 0.000000
vt -0.141421 -10.236356 0.000000
vt -0.000000 -10.681415 0.000000
vt -0.141421 -10.681415 0.000000
vt -0.000000 10.681415 0.000000
vt -0.141421 10.681415 0.000000
vt 0.000000 10.236356 0.000000
vt -0.141421 10.236356 0.000000
vt -0.000000 9.791297 0.000000
vt -0.141421 9.791297 0.000000
vt -0.000000 9.346238 0.000000
vt -0.141421 9.346238 0.000000
vt -0.000000 8.901179 0.000000
vt -0.141421 8.901179 0.000000
vt -0.000000 8.456120 0.000000
vt -0.141421 8.456120 0.000000
vt -0.000000 8.011061 0.000000
vt -0.141421 8.011061 0.000000
vt -0.000000 7.566002 0.000000
vt -0.141421 7.566002 0.000000
vt -0.000000 7.120943 0.000000
vt -0.141421 7.120943 0.000000
vt -0.000000 6.675884 0.000000
vt -0.141421 6.675884 0.000000
vt -0.000000 6.230825 0.000000
vt -0.141421 6.230825 0.000000
vt -0.000000 5.785766 0.000000
vt -0.141421 5.785766 0.000000
vt -0.000000 5.340708 0.000000
vt -0.141421 5.340708 0.000000
vt 0.000000 4.895649 0.000000
vt -0.141421 4.895649 0.000000
vt -0.000000 4.450590 0.000000
vt -0.141421 4.450590 0.000000
vt -0.000000 4.005531 0.000000
vt -0.141421 4.005531 0.000000
vt -0.000000 3.560472 0.000000
vt -0.141421 3.560472 0.000000
vt -0.000000 3.115413 0.000000
vt -0.141421 3.115413 0.000000
vt -0.000000 2.670354 0.000000
vt -0.141421 2.670354 0.000000
vt -0.000000 2.225295 0.000000
vt -0.141421 2.225295 0.000000
vt -0.000000 1.780236 0.000000
vt -0.141421 1.780236 0.000000
vt -0.000000 1.335177 0.000000
vt -0.141421 1.335177 0.000000
vt -0.000000 0.890118 0.000000
vt -0.141421 0.890118 0.000000
vt -0.600000 -0.143990 0.000000
vt -0.000000 -0.143990 0.000000
vt -0.600000 0.000000 0.000000
vt -0.000000 0.000000 0.000000
vt -0.600000 0.143990 0.000000
vt -0.000000 0.143990 0.000000
vt -0.600000 0.287979 0.000000
vt -0.000000 0.287979 0.000000
vt -0.600000 0.431969 0.000000
vt -0.000000 0.431969 0.000000
vt -0.600000 0.575959 0.000000
vt -0.000000 0.575959 0.000000
vt -0.600000 0.719948 0.000000
vt -0.000000 0.719948 0.000000
vt -0.600000 0.863938 0.000000
vt -0.000000 0.863938 0.000000
vt -0.600000 1.007928 0.000000
vt -0.000000 1.007928 0.000000
vt -0.600000 1.151917 0.000000
vt -0.000000 1.151917 0.000000
vt -0.600000 1.295907 0.000000
vt -0.000000 1.295907 0.000000
vt -0.600000 1.439897 0.000000
vt -0.000000 1.439897 0.000000
vt -0.600000 1.583886 0.000000
vt -0.000000 1.583886 0.000000
vt -0.600000 1.727876 0.000000
vt -0.000000 1.727876 0.000000
vt -0.600000 -1.727876 0.000000
vt -0.000000 -1.727876 0.000000
vt -0.600000 -1.583886 0.000000
vt -0.000000 -1.583886 0.000000
vt -0.600000 -1.439897 0.000000
vt -0.000000 -1.439897 0.000000
vt -0.600000 -1.295907 0.000000
vt -0.000000 -1.295907 0.000000
vt -0.600000 -1.151917 0.000000
vt -0.000000 -1.151917 0.000000
vt -0.600000 -1.007928 0.000000
vt -0.000000 -1.007928 0.000000
vt -0.600000 -0.863938 0.000000
vt -0.000000 -0.863938 0.000000
vt -0.600000 -0.719948 0.000000
vt -0.000000 -0.719948 0.000000
vt -0.600000 -0.575959 0.000000
vt -0.000000 -0.575959 0.000000
vt -0.600000 -0.431969 0.000000
vt -0.000000 -0.431969 0.000000
vt -0.600000 -0.287979 0.000000
vt -0.000000 -0.287979 0.000000
vt -2.800000 -0.085085 0.000000
vt -1.700000 -0.085085 0.000000
vt -2.800000 0.000000 0.000000
vt -1.700000 0.000000 0.000000
vt -2.800000 0.085085 0.000000
vt -1.700000 0.085085 0.000000
vt -2.800000 0.170170 0.000000
vt -1.700000 0.170170 0.000000
vt -2.800000 0.255254 0.000000
vt -1.700000 0.255254 0.000000
vt -2.800000 0.340339 0.000000
vt -1.700000 0.340339 0.000000
vt -2.800000 0.425424 0.000000
vt -1.700000 0.425424 0.000000
vt -2.800000 0.510509 0.000000
vt -1.700000 0.510509 0.000000
vt -2.800000 0.595594 0.000000
vt -1.700000 0.595594 0.000000
vt -2.800000 0.680678 0.000000
vt -1.700000 0.680678 0.000000
vt -2.800000 0.765763 0.000000
vt -1.700000 0.765763 0.000000
vt -2.800000 0.850848 0.000000
vt -1.700000 0.850848 0.000000
vt -2.800000 0.935933 0.000000
vt -1.700000 0.935933 0.000000
vt -2.800000 1.021018 0.000000
vt -1.700000 1.021018 0.000000
vt -2.800000 -1.021018 0.000000
vt -1.700000 -1.021018 0.000000
vt -2.800000 -0.935933 0.000000
vt -1.700000 -0.935933 0.000000
vt -2.800000 -0.850848 0.000000
vt -1.700000 -0.850848 0.000000
vt -2.800000 -0.765763 0.000000
vt -1.700000 -0.765763 0.000000
vt -2.800000 -0.680678 0.000000
vt -1.700000 -0.680678 0.000000
vt -2.800000 -0.595594 0.000000
vt -1.700000 -0.595594 0.000000
vt -2.800000 -0.510509 0.000000
vt -1.700000 -0.510509 0.000000
vt -2.800000 -0.425424 0.000000
vt -1.700000 -0.425424 0.000000
vt -2.800000 -0.340339 0.000000
vt -1.700000 -0.340339 0.000000
vt -2.800000 -0.255254 0.000000
vt -1.700000 -0.255254 0.000000
vt -2.800000 -0.170170 0.000000
vt -1.700000 -0.170170 0.000000
vt -0.600000 0.085085 0.000000
vt -0.600000 0.000000 0.000000
vt -0.600000 -0.085085 0.000000
vt -0.600000 -0.170170 0.000000
vt -0.600000 -0.255254 0.000000
vt -0.600000 -0.340339 0.000000
vt -0.600000 -0.425424 0.000000
vt -0.600000 -0.510509 0.000000
vt -0.600000 -0.595594 0.000000
vt -0.600000 -0.680678 0.000000
vt -0.600000 -0.765763 0.000000
vt -0.600000 -0.850848 0.000000
vt -0.600000 -0.935933 0.000000
vt -0.600000 -1.021018 0.000000
vt -0.600000 1.021018 0.000000
vt -0.600000 0.935933 0.000000
vt -0.600000 0.850848 0.000000
vt -0.600000 0.765763 0.000000
vt -0.600000 0.680678 0.000000
vt -0.600000 0.595594 0.000000
vt -0.600000 0.510509 0.000000
vt -0.600000 0.425424 0.000000
vt -0.600000 0.340339 0.000000
vt -0.600000 0.255254 0.000000
vt -0.600000 0.170170 0.000000
vt -0.600000 -0.143990 0.000000
vt -0.000000 -0.143990 0.000000
vt -0.600000 0.000000 0.000000
vt -0.000000 0.000000 0.000000
vt -0.600000 0.143990 0.000000
vt -0.000000 0.143990 0.000000
vt -0.600000 0.287979 0.000000
vt -0.000000 0.287979 0.000000
vt -0.600000 0.431969 0.000000
vt -0.000000 0.431969 0.000000
vt -0.600000 0.575959 0.000000
vt -0.000000 0.575959 0.000000
vt -0.600000 0.719948 0.000000
vt -0.000000 0.719948 0.000000
vt -0.600000 0.863938 0.000000
vt -0.000000 0.863938 0.000000
vt -0.600000 1.007928 0.000000
vt -0.000000 1.007928 0.000000
vt -0.600000 1.151917 0.000000
vt -0.000000 1.151917 0.000000
vt -0.600000 1.295907 0.000000
vt -0.000000 1.295907 0.000000
vt -0.600000 1.439897 0.000000
vt -0.000000 1.439897 0.000000
vt -0.600000 1.583886 0.000000
vt -0.000000 1.583886 0.000000
vt -0.600000 1.727876 0.000000
vt -0.000000 1.727876 0.000000
vt -0.600000 -1.727876 0.000000
vt -0.000000 -1.727876 0.000000
vt -0.600000 -1.583886 0.000000
vt -0.000000 -1.583886 0.000000
vt -0.600000 -1.439897 0.000000
vt -0.000000 -1.439897 0.000000
vt -0.600000 -1.295907 0.000000
vt -0.000000 -1.295907 0.000000
vt -0.600000 -1.151917 0.000000
vt -0.000000 -1.151917 0.000000
vt -0.600000 -1.007928 0.000000
vt -0.000000 -1.007928 0.000000
vt -0.600000 -0.863938 0.000000
vt -0.000000 -0.863938 0.000000
vt -0.600000 -0.719948 0.000000
vt -0.000000 -0.719948 0.000000
vt -0.600000 -0.575959 0.000000
vt -0.000000 -0.575959 0.000000
vt -0.600000 -0.431969 0.000000
vt -0.000000 -0.431969 0.000000
vt -0.600000 -0.287979 0.000000
vt -0.000000 -0.287979 0.000000
vt -2.800000 -0.085085 0.000000
vt -1.700000 -0.085085 0.000000
vt -2.800000 0.000000 0.000000
vt -1.700000 0.000000 0.000000
vt -2.800000 0.085085 0.000000
vt -1.700000 0.085085 0.000000
vt -2.800000 0.170170 0.000000
vt -1.700000 0.170170 0.000000
vt -2.800000 0.255254 0.000000
vt -1.700000 0.255254 0.000000
vt -2.800000 0.340339 0.000000
vt -1.700000 0.340339 0.000000
vt -2.800000 0.425424 0.000000
vt -1.700000 0.425424 0.000000
vt -2.800000 0.510509 0.000000
vt -1.700000 0.510509 0.000000
vt -2.800000 0.595594 0.000000
vt -1.700000 0.595594 0.000000
vt -2.800000 0.680678 0.000000
vt -1.700000 0.680678 0.000000
vt -2.800000 0.765763 0.000000
vt -1.700000 0.765763 0.000000
vt -2.800000 0.850848 0.000000
vt -1.700000 0.850848 0.000000
vt -2.800000 0.935933 0.000000
vt -1.700000 0.935933 0.000000
vt -2.800000 1.021018 0.000000
vt -1.700000 1.021018 0.000000
vt -2.800000 -1.021018 0.000000
vt -1.700000 -1.021018 0.000000
vt -2.800000 -0.935933 0.000000
vt -1.700000 -0.935933 0.000000
vt -2.800000 -0.850848 0.000000
vt -1.700000 -0.850848 0.000000
vt -2.800000 -0.765763 0.000000
vt -1.700000 -0.765763 0.000000
vt -2.800000 -0.680678 0.000000
vt -1.700000 -0.680678 0.000000
vt -2.800000 -0.595594 0.000000
vt -1.700000 -0.595594 0.000000
vt -2.800000 -0.510509 0.000000
vt -1.700000 -0.510509 0.000000
vt -2.800000 -0.425424 0.000000
vt -1.700000 -0.425424 0.000000
vt -2.800000 -0.340339 0.000000
vt -1.700000 -0.340339 0.000000
vt -2.800000 -0.255254 0.000000
vt -1.700000 -0.255254 0.000000
vt -2.800000 -0.170170 0.000000
vt -1.700000 -0.170170 0.000000
vt -0.600000 0.085085 0.000000
vt -0.600000 0.000000 0.000000
vt -0.600000 -0.085085 0.000000
vt -0.600000 -0.170170 0.000000
vt -0.600000 -0.255254 0.000000
vt -0.600000 -0.340339 0.000000
vt -0.600000 -0.425424 0.000000
vt -0.600000 -0.510509 0.000000
vt -0.600000 -0.595594 0.000000
vt -0.600000 -0.680678 0.000000
vt -0.600000 -0.765763 0.000000
vt -0.600000 -0.850848 0.000000
vt -0.600000 -0.935933 0.000000
vt -0.600000 -1.021018 0.000000
vt -0.600000 1.021018 0.000000
vt -0.600000 0.935933 0.000000
vt -0.600000 0.850848 0.000000
vt -0.600000 0.765763 0.000000
vt -0.600000 0.680678 0.000000
vt -0.600000 0.595594 0.000000
vt -0.600000 0.510509 0.000000
vt -0.600000 0.425424 0.000000
vt -0.600000 0.340339 0.000000
vt -0.600000 0.255254 0.000000
vt -0.600000 0.170170 0.000000
vt 2.000000 -0.608736 0.000000
vt 0.100000 -0.903208 0.000000
vt 2.000000 -1.014560 0.000000
vt 0.100000 -1.354812 0.000000
vt 3.170000 -1.014560 0.000000
vt 3.170000 -1.455029 0.000000
vt 0.100000 -1.806416 0.000000
vt 3.170000 -1.895498 0.000000
vt 0.100000 -2.258020 0.000000
vt 3.170000 -2.335966 0.000000
vt 0.100000 -2.709624 0.000000
vt 3.170000 -2.776435 0.000000
vt 0.100000 -3.161228 0.000000
vt 3.170000 -3.216904 0.000000
vt 0.100000 -3.612832 0.000000
vt 3.170000 -3.657372 0.000000
vt 0.100000 -4.064435 0.000000
vt 3.170000 -4.097841 0.000000
vt 0.100000 -4.516039 0.000000
vt 3.170000 -4.538310 0.000000
vt 0.100000 -4.967643 0.000000
vt 3.170000 -4.978779 0.000000
vt 0.100000 -5.419247 0.000000
vt 3.170000 -5.419247 0.000000
vt 3.170000 -5.859716 0.000000
vt 0.100000 -5.870851 0.000000
vt 3.170000 -6.300185 0.000000
vt 0.100000 -6.322455 0.000000
vt 3.170000 -6.740653 0.000000
vt 0.100000 -6.774059 0.000000
vt 3.170000 -7.181122 0.000000
vt 0.100000 -7.225663 0.000000
vt 3.170000 -7.621591 0.000000
vt 0.100000 -7.677267 0.000000
vt 3.170000 -8.062060 0.000000
vt 0.100000 -8.128871 0.000000
vt 3.170000 -8.502528 0.000000
vt 0.100000 -8.580475 0.000000
vt 3.170000 -8.942997 0.000000
vt 0.100000 -9.032079 0.000000
vt 3.170000 -9.383466 0.000000
vt 0.100000 -9.483683 0.000000
vt 3.170000 -9.823935 0.000000
vt 2.000000 -9.823935 0.000000
vt 0.100000 -9.935287 0.000000
vt 2.000000 -10.229759 0.000000
vt 0.100000 -10.386891 0.000000
vt 2.000000 -10.635583 0.000000
vt 0.100000 -10.838495 0.000000
vt 2.000000 -11.041407 0.000000
vt 2.000000 10.635583 0.000000
vt 0.100000 10.838495 0.000000
vt 0.100000 10.386891 0.000000
vt 2.000000 10.229759 0.000000
vt 0.100000 9.935287 0.000000
vt 2.000000 9.823935 0.000000
vt 0.100000 9.483683 0.000000
vt 3.170000 9.823935 0.000000
vt 3.170000 9.383466 0.000000
vt 0.100000 9.032079 0.000000
vt 3.170000 8.942997 0.000000
vt 0.100000 8.580475 0.000000
vt 3.170000 8.502528 0.000000
vt 0.100000 8.128871 0.000000
vt 3.170000 8.062060 0.000000
vt 0.100000 7.677267 0.000000
vt 3.170000 7.621591 0.000000
vt 0.100000 7.225663 0.000000
vt 3.170000 7.181122 0.000000
vt 0.100000 6.774059 0.000000
vt 3.170000 6.740653 0.000000
vt 0.100000 6.322455 0.000000
vt 3.170000 6.300185 0.000000
vt 0.100000 5.870851 0.000000
vt 3.170000 5.859716 0.000000
vt 0.100000 5.419247 0.000000
vt 3.170000 5.419247 0.000000
vt 3.170000 4.978779 0.000000
vt 0.100000 4.967643 0.000000
vt 3.170000 4.538310 0.000000
vt 0.100000 4.516039 0.000000
vt 3.170000 4.097841 0.000000
vt 0.100000 4.064435 0.000000
vt 3.170000 3.657372 0.000000
vt 0.100000 3.612832 0.000000
vt 3.170000 3.216904 0.000000
vt 0.100000 3.161228 0.000000
vt 3.170000 2.776435 0.000000
vt 0.100000 2.709624 0.000000
vt 3.170000 2.335966 0.000000
vt 0.100000 2.258020 0.000000
vt 3.170000 1.895498 0.000000
vt 0.100000 1.806416 0.000000
vt 3.170000 1.455029 0.000000
vt 0.100000 1.354812 0.000000
vt 3.170000 1.014560 0.000000
vt 2.000000 1.014560 0.000000
vt 0.100000 0.903208 0.000000
vt 2.000000 0.608736 0.000000
vt 0.100000 0.451604 0.000000
vt 2.000000 0.202912 0.000000
vt 0.100000 0.000000 0.000000
vt 2.000000 -0.202912 0.000000
vt 0.100000 -0.451604 0.000000
vt 3.000000 -0.196350 0.000000
vt 3.200000 -0.196350 0.000000
vt 3.000000 0.000000 0.000000
vt 3.200000 0.000000 0.000000
vt 3.000000 0.196350 0.000000
vt 3.200000 0.196350 0.000000
vt 3.000000 0.392699 0.000000
vt 3.200000 0.392699 0.000000
vt 3.000000 0.589049 0.000000
vt 3.200000 0.589049 0.000000
vt 3.000000 0.785398 0.000000
vt 3.200000 0.785398 0.000000
vt 3.000000 0.981748 0.000000
vt 3.200000 0.981748 0.000000
vt 3.000000 1.178097 0.000000
vt 3.200000 1.178097 0.000000
vt 3.000000 1.374447 0.000000
vt 3.200000 1.374447 0.000000
vt 3.000000 1.570796 0.000000
vt 3.200000 1.570796 0.000000
vt 3.000000 1.767146 0.000000
vt 3.200000 1.767146 0.000000
vt 3.000000 1.963495 0.000000
vt 3.200000 1.963495 0.000000
vt 3.000000 2.159845 0.000000
vt 3.200000 2.159845 0.000000
vt 3.000000 2.356194 0.000000
vt 3.200000 2.356194 0.000000
vt 3.000000 -2.356194 0.000000
vt 3.200000 -2.356194 0.000000
vt 3.000000 -2.159845 0.000000
vt 3.200000 -2.159845 0.000000
vt 3.000000 -1.963495 0.000000
vt 3.200000 -1.963495 0.000000
vt 3.000000 -1.767146 0.000000
vt 3.200000 -1.767146 0.000000
vt 3.000000 -1.570796 0.000000
vt 3.200000 -1.570796 0.000000
vt 3.000000 -1.374447 0.000000
vt 3.200000 -1.374447 0.000000
vt 3.000000 -1.178097 0.000000
vt 3.200000 -1.178097 0.000000
vt 3.000000 -0.981748 0.000000
vt 3.200000 -0.981748 0.000000
vt 3.000000 -0.785398 0.000000
vt 3.200000 -0.785398 0.000000
vt 3.000000 -0.589049 0.000000
vt 3.200000 -0.589049 0.000000
vt 3.000000 -0.392699 0.000000
vt 3.200000 -0.392699 0.000000
vt 3.000000 -0.196350 0.000000
vt 3.200000 -0.196350 0.000000
vt 3.000000 0.000000 0.000000
vt 3.200000 0.000000 0.000000
vt 3.000000 0.196350 0.000000
vt 3.200000 0.196350 0.000000
vt 3.000000 0.392699 0.000000
vt 3.200000 0.392699 0.000000
vt 3.000000 0.589049 0.000000
vt 3.200000 0.589049 0.000000
vt 3.000000 0.785398 0.000000
vt 3.200000 0.785398 0.000000
vt 3.000000 0.981748 0.000000
vt 3.200000 0.981748 0.000000
vt 3.000000 1.178097 0.000000
vt 3.200000 1.178097 0.000000
vt 3.000000 1.374447 0.000000
vt 3.200000 1.374447 0.000000
vt 3.000000 1.570796 0.000000
vt 3.200000 1.570796 0.000000
vt 3.000000 1.767146 0.000000
vt 3.200000 1.767146 0.000000
vt 3.000000 1.963495 0.000000
vt 3.200000 1.963495 0.000000
vt 3.000000 2.159845 0.000000
vt 3.200000 2.159845 0.000000
vt 3.000000 2.356194 0.000000
vt 3.200000 2.356194 0.000000
vt 3.000000 -2.356194 0.000000
vt 3.200000 -2.356194 0.000000
vt 3.000000 -2.159845 0.000000
vt 3.200000 -2.159845 0.000000
vt 3.000000 -1.963495 0.000000
vt 3.200000 -1.963495 0.000000
vt 3.000000 -1.767146 0.000000
vt 3.200000 -1.767146 0.000000
vt 3.000000 -1.570796 0.000000
vt 3.200000 -1.570796 0.000000
vt 3.000000 -1.374447 0.000000
vt 3.200000 -1.374447 0.000000
vt 3.000000 -1.178097 0.000000
vt 3.200000 -1.178097 0.000000
vt 3.000000 -0.981748 0.000000
vt 3.200000 -0.981748 0.000000
vt 3.000000 -0.785398 0.000000
vt 3.200000 -0.785398 0.000000
vt 3.000000 -0.589049 0.000000
vt 3.200000 -0.589049 0.000000
vt 3.000000 -0.392699 0.000000
vt 3.200000 -0.392699 0.000000
vt -3.270535 -4.450000 0.000000
vt -3.116965 -4.857455 0.000000
vt -2.934280 -4.450000 0.000000
vt -2.768769 -4.844245 0.000000
vt -2.912867 -5.242095 0.000000
vt -2.550584 -5.211965 0.000000
vt -2.283876 -5.546166 0.000000
vt -2.661551 -5.597684 0.000000
vt -1.973719 -5.840488 0.000000
vt -2.367089 -5.918459 0.000000
vt -1.626014 -6.089333 0.000000
vt -2.034257 -6.199218 0.000000
vt -1.247375 -6.287967 0.000000
vt -1.668448 -6.435412 0.000000
vt -0.845005 -6.432611 0.000000
vt -1.275592 -6.623210 0.000000
vt -0.862059 -6.759570 0.000000
vt -0.426560 -6.520512 0.000000
vt -0.434552 -6.842280 0.000000
vt -0.000000 -6.550000 0.000000
vt -0.000000 -6.870000 0.000000
vt 0.434552 -6.842280 0.000000
vt 0.426560 -6.520512 0.000000
vt 0.862059 -6.759570 0.000000
vt 0.845005 -6.432611 0.000000
vt 1.275592 -6.623210 0.000000
vt 1.668448 -6.435412 0.000000
vt 1.247375 -6.287967 0.000000
vt 2.034257 -6.199218 0.000000
vt 1.626014 -6.089333 0.000000
vt 2.367089 -5.918459 0.000000
vt 1.973719 -5.840488 0.000000
vt 2.661551 -5.597684 0.000000
vt 2.283876 -5.546166 0.000000
vt 2.912867 -5.242095 0.000000
vt 2.550584 -5.211965 0.000000
vt 2.768769 -4.844245 0.000000
vt 3.116965 -4.857455 0.000000
vt 2.934280 -4.450000 0.000000
vt 3.270535 -4.450000 0.000000
vt -2.800000 -1.019511 0.000000
vt -3.100000 -1.019511 0.000000
vt -2.800000 -1.429831 0.000000
vt -3.100000 -1.429831 0.000000
vt -2.800000 -1.840150 0.000000
vt -3.100000 -1.840150 0.000000
vt -2.800000 -2.250470 0.000000
vt -3.100000 -2.250470 0.000000
vt -2.800000 -2.660790 0.000000
vt -3.100000 -2.660790 0.000000
vt -2.800000 -3.071110 0.000000
vt -3.100000 -3.071110 0.000000
vt -2.800000 -3.481430 0.000000
vt -3.100000 -3.481430 0.000000
vt -2.800000 -3.891749 0.000000
vt -3.100000 -3.891749 0.000000
vt -2.800000 -4.302069 0.000000
vt -3.100000 -4.302069 0.000000
vt -2.800000 -4.712389 0.000000
vt -3.100000 -4.712389 0.000000
vt -2.800000 -5.122709 0.000000
vt -3.100000 -5.122709 0.000000
vt -2.800000 -5.533029 0.000000
vt -3.100000 -5.533029 0.000000
vt -2.800000 -5.943348 0.000000
vt -3.100000 -5.943348 0.000000
vt -2.800000 -6.353668 0.000000
vt -3.100000 -6.353668 0.000000
vt -2.800000 -6.763988 0.000000
vt -3.100000 -6.763988 0.000000
vt -2.800000 -7.174308 0.000000
vt -3.100000 -7.174308 0.000000
vt -2.800000 -7.584628 0.000000
vt -3.100000 -7.584628 0.000000
vt -2.800000 -7.994947 0.000000
vt -3.100000 -7.994947 0.000000
vt -2.800000 -8.405267 0.000000
vt -3.100000 -8.405267 0.000000
vt -2.665666 -4.376309 0.000000
vt -1.125000 -4.738557 0.000000
vt -2.828427 -4.000000 0.000000
vt -1.070648 -4.745713 0.000000
vt 2.828427 -4.000000 0.000000
vt 2.665666 -4.376309 0.000000
vt 0.000000 -4.925000 0.000000
vt 0.084116 -4.936074 0.000000
vt -1.179352 -4.745713 0.000000
vt -2.453115 -4.726912 0.000000
vt -1.230000 -4.766692 0.000000
vt -1.273492 -4.800065 0.000000
vt -1.306865 -4.843557 0.000000
vt -1.327844 -4.894205 0.000000
vt -2.194746 -5.045260 0.000000
vt -1.335000 -4.948557 0.000000
vt -1.327844 -5.002909 0.000000
vt -1.306865 -5.053557 0.000000
vt -1.273492 -5.097050 0.000000
vt -1.895384 -5.325407 0.000000
vt -1.230000 -5.130422 0.000000
vt -1.179352 -5.151402 0.000000
vt -1.125000 -5.158557 0.000000
vt -1.560620 -5.562121 0.000000
vt -0.313926 -5.334116 0.000000
vt -0.281458 -5.412500 0.000000
vt -0.229810 -5.479810 0.000000
vt -1.196708 -5.750980 0.000000
vt -0.162500 -5.531458 0.000000
vt -0.810443 -5.888457 0.000000
vt -0.084116 -5.563926 0.000000
vt -0.409042 -5.971983 0.000000
vt -0.000000 -5.575000 0.000000
vt -0.000000 -6.000000 0.000000
vt 0.409042 -5.971983 0.000000
vt 0.084116 -5.563926 0.000000
vt 0.810443 -5.888457 0.000000
vt 0.162500 -5.531458 0.000000
vt 1.196708 -5.750980 0.000000
vt 0.229810 -5.479810 0.000000
vt 1.560620 -5.562121 0.000000
vt 0.281458 -5.412500 0.000000
vt 0.313926 -5.334116 0.000000
vt 1.895384 -5.325407 0.000000
vt 0.325000 -5.250000 0.000000
vt 0.313926 -5.165884 0.000000
vt 2.194746 -5.045260 0.000000
vt 0.281458 -5.087500 0.000000
vt 0.229810 -5.020190 0.000000
vt 0.162500 -4.968542 0.000000
vt 2.453115 -4.726912 0.000000
vt -0.922156 -5.002909 0.000000
vt -0.229810 -5.020190 0.000000
vt -0.915000 -4.948557 0.000000
vt -0.162500 -4.968542 0.000000
vt -0.922156 -4.894205 0.000000
vt -0.943135 -4.843557 0.000000
vt -0.084116 -4.936074 0.000000
vt -0.976508 -4.800065 0.000000
vt -1.020000 -4.766692 0.000000
vt -0.281458 -5.087500 0.000000
vt -0.943135 -5.053557 0.000000
vt -0.976508 -5.097050 0.000000
vt -0.313926 -5.165884 0.000000
vt -1.020000 -5.130422 0.000000
vt -0.325000 -5.250000 0.000000
vt -1.070648 -5.151402 0.000000
vt -3.321340 0.437263 0.000000
vt -3.350000 0.000000 0.000000
vt -0.750000 -0.000000 0.000000
vt -3.321340 -0.437263 0.000000
vt -0.724444 -0.194114 0.000000
vt -3.235852 -0.867044 0.000000
vt -3.094996 -1.281989 0.000000
vt -0.649519 -0.375000 0.000000
vt -2.901185 -1.675000 0.000000
vt -2.657734 -2.039351 0.000000
vt -2.368808 -2.368808 0.000000
vt -0.476314 -1.975000 0.000000
vt -0.530330 -0.530330 0.000000
vt -0.531259 -2.107650 0.000000
vt -2.039351 -2.657734 0.000000
vt -0.550000 -2.250000 0.000000
vt -1.675000 -2.901185 0.000000
vt -0.531259 -2.392350 0.000000
vt -1.281989 -3.094996 0.000000
vt -0.476314 -2.525000 0.000000
vt -0.867044 -3.235852 0.000000
vt -0.388909 -2.638909 0.000000
vt -0.437263 -3.321340 0.000000
vt -0.275000 -2.726314 0.000000
vt -0.142350 -2.781259 0.000000
vt 0.000000 -3.350000 0.000000
vt 0.000000 -2.800000 0.000000
vt 0.142350 -2.781259 0.000000
vt 0.437263 -3.321340 0.000000
vt 0.275000 -2.726314 0.000000
vt 0.388909 -2.638909 0.000000
vt 0.867044 -3.235852 0.000000
vt 0.476314 -2.525000 0.000000
vt 1.281989 -3.094996 0.000000
vt 1.070648 -2.151402 0.000000
vt 1.125000 -2.158557 0.000000
vt 1.179352 -2.151402 0.000000
vt 1.675000 -2.901185 0.000000
vt 1.230000 -2.130422 0.000000
vt 1.273492 -2.097050 0.000000
vt 2.039351 -2.657734 0.000000
vt 1.306865 -2.053557 0.000000
vt 1.327844 -2.002909 0.000000
vt 2.368808 -2.368808 0.000000
vt 1.335000 -1.948557 0.000000
vt 1.327844 -1.894205 0.000000
vt 2.657734 -2.039351 0.000000
vt 1.306865 -1.843557 0.000000
vt 2.355886 -0.724444 0.000000
vt 2.175000 -0.649519 0.000000
vt 2.901185 -1.675000 0.000000
vt 2.550000 -0.750000 0.000000
vt 3.094996 -1.281989 0.000000
vt 2.744114 -0.724444 0.000000
vt 2.925000 -0.649519 0.000000
vt 3.235852 -0.867044 0.000000
vt 3.080330 -0.530330 0.000000
vt 3.321340 -0.437263 0.000000
vt 3.199519 -0.375000 0.000000
vt 3.274444 -0.194114 0.000000
vt 3.350000 0.000000 0.000000
vt 3.300000 0.000000 0.000000
vt 3.274444 0.194114 0.000000
vt 3.321340 0.437263 0.000000
vt 3.199519 0.375000 0.000000
vt 3.080330 0.530330 0.000000
vt 3.235852 0.867044 0.000000
vt 2.925000 0.649519 0.000000
vt 3.094996 1.281989 0.000000
vt 2.744114 0.724444 0.000000
vt 2.550000 0.750000 0.000000
vt 2.901185 1.675000 0.000000
vt 2.355886 0.724444 0.000000
vt 2.657734 2.039351 0.000000
vt 2.175000 0.649519 0.000000
vt 2.368808 2.368808 0.000000
vt 0.476314 1.975000 0.000000
vt 0.531259 2.107650 0.000000
vt 2.039351 2.657734 0.000000
vt 0.550000 2.250000 0.000000
vt 1.675000 2.901185 0.000000
vt 0.531259 2.392350 0.000000
vt 1.281989 3.094996 0.000000
vt 0.476314 2.525000 0.000000
vt 0.867044 3.235852 0.000000
vt 0.388909 2.638909 0.000000
vt 0.437263 3.321340 0.000000
vt 0.275000 2.726314 0.000000
vt 0.142350 2.781259 0.000000
vt -0.000000 3.350000 0.000000
vt -0.000000 2.800000 0.000000
vt -0.142350 2.781259 0.000000
vt -0.437263 3.321340 0.000000
vt -0.275000 2.726314 0.000000
vt -0.388909 2.638909 0.000000
vt -0.867044 3.235852 0.000000
vt -0.476314 2.525000 0.000000
vt -1.281989 3.094996 0.000000
vt -1.070648 2.151402 0.000000
vt -1.125000 2.158557 0.000000
vt -1.179352 2.151402 0.000000
vt -1.675000 2.901185 0.000000
vt -1.230000 2.130422 0.000000
vt -1.273492 2.097050 0.000000
vt -2.039351 2.657734 0.000000
vt -1.306865 2.053557 0.000000
vt -1.327844 2.002909 0.000000
vt -2.368808 2.368808 0.000000
vt -1.335000 1.948557 0.000000
vt -1.327844 1.894205 0.000000
vt -2.657734 2.039351 0.000000
vt -1.306865 1.843557 0.000000
vt -2.901185 1.675000 0.000000
vt -1.273492 1.800065 0.000000
vt -3.094996 1.281989 0.000000
vt -1.230000 1.766692 0.000000
vt -0.724444 0.194114 0.000000
vt -0.649519 0.375000 0.000000
vt -3.235852 0.867044 0.000000
vt 0.388909 1.861091 0.000000
vt 0.530330 0.530330 0.000000
vt 2.019670 0.530330 0.000000
vt 0.375000 0.649519 0.000000
vt 0.275000 1.773686 0.000000
vt 0.194114 0.724444 0.000000
vt 0.142350 1.718741 0.000000
vt -0.000000 0.750000 0.000000
vt 0.000000 1.700000 0.000000
vt -0.142350 1.718741 0.000000
vt -0.194114 0.724444 0.000000
vt -0.275000 1.773686 0.000000
vt -0.375000 0.649519 0.000000
vt -1.020000 1.766692 0.000000
vt -1.070648 1.745713 0.000000
vt -0.976508 1.800065 0.000000
vt -0.388909 1.861091 0.000000
vt -0.943135 1.843557 0.000000
vt -0.476314 1.975000 0.000000
vt -0.922156 1.894205 0.000000
vt -0.915000 1.948557 0.000000
vt -0.531259 2.107650 0.000000
vt -0.922156 2.002909 0.000000
vt -0.943135 2.053557 0.000000
vt -0.550000 2.250000 0.000000
vt -0.976508 2.097050 0.000000
vt -1.020000 2.130422 0.000000
vt -0.531259 2.392350 0.000000
vt 0.531259 -2.392350 0.000000
vt 1.020000 -2.130422 0.000000
vt 0.550000 -2.250000 0.000000
vt 0.976508 -2.097050 0.000000
vt 0.943135 -2.053557 0.000000
vt -0.388909 -1.861091 0.000000
vt -0.375000 -0.649519 0.000000
vt -0.275000 -1.773686 0.000000
vt -0.194114 -0.724444 0.000000
vt -0.142350 -1.718741 0.000000
vt 0.000000 -0.750000 0.000000
vt -0.000000 -1.700000 0.000000
vt 0.142350 -1.718741 0.000000
vt 0.194114 -0.724444 0.000000
vt 0.275000 -1.773686 0.000000
vt 0.375000 -0.649519 0.000000
vt 1.020000 -1.766692 0.000000
vt 1.070648 -1.745713 0.000000
vt 0.976508 -1.800065 0.000000
vt 0.388909 -1.861091 0.000000
vt 0.943135 -1.843557 0.000000
vt 0.476314 -1.975000 0.000000
vt 0.922156 -1.894205 0.000000
vt 0.915000 -1.948557 0.000000
vt 0.531259 -2.107650 0.000000
vt 0.922156 -2.002909 0.000000
vt 0.530330 -0.530330 0.000000
vt 1.125000 -1.738557 0.000000
vt 0.649519 -0.375000 0.000000
vt 1.179352 -1.745713 0.000000
vt 1.900481 -0.375000 0.000000
vt 2.019670 -0.530330 0.000000
vt 1.230000 -1.766692 0.000000
vt 1.273492 -1.800065 0.000000
vt -0.530330 0.530330 0.000000
vt -1.125000 1.738557 0.000000
vt -1.179352 1.745713 0.000000
vt 0.724444 -0.194114 0.000000
vt 1.825556 -0.194114 0.000000
vt 0.750000 0.000000 0.000000
vt 1.800000 -0.000000 0.000000
vt 0.724444 0.194114 0.000000
vt 1.825556 0.194114 0.000000
vt 0.649519 0.375000 0.000000
vt 1.900481 0.375000 0.000000
vt 3.270535 -2.450000 0.000000
vt 3.116965 -2.042545 0.000000
vt 2.934280 -2.450000 0.000000
vt 2.768769 -2.055755 0.000000
vt 2.912867 -1.657905 0.000000
vt 2.550584 -1.688035 0.000000
vt 2.283876 -1.353834 0.000000
vt 2.661551 -1.302316 0.000000
vt 1.973719 -1.059512 0.000000
vt 2.367089 -0.981541 0.000000
vt 1.626014 -0.810667 0.000000
vt 2.034257 -0.700782 0.000000
vt 1.247375 -0.612033 0.000000
vt 1.668448 -0.464588 0.000000
vt 0.845005 -0.467389 0.000000
vt 1.275592 -0.276790 0.000000
vt 0.862059 -0.140430 0.000000
vt 0.426560 -0.379488 0.000000
vt 0.434552 -0.057720 0.000000
vt 0.000000 -0.350000 0.000000
vt -0.000000 -0.030000 0.000000
vt -0.434552 -0.057720 0.000000
vt -0.426560 -0.379488 0.000000
vt -0.862059 -0.140430 0.000000
vt -0.845005 -0.467389 0.000000
vt -1.275592 -0.276790 0.000000
vt -1.668448 -0.464588 0.000000
vt -1.247375 -0.612033 0.000000
vt -2.034257 -0.700782 0.000000
vt -1.626014 -0.810667 0.000000
vt -2.367089 -0.981541 0.000000
vt -1.973719 -1.059512 0.000000
vt -2.661551 -1.302316 0.000000
vt -2.283876 -1.353834 0.000000
vt -2.912867 -1.657905 0.000000
vt -2.550584 -1.688035 0.000000
vt -2.768769 -2.055755 0.000000
vt -3.116965 -2.042545 0.000000
vt -2.934280 -2.450000 0.000000
vt -3.270535 -2.450000 0.000000
vt -2.800000 8.405267 0.000000
vt -3.100000 8.405267 0.000000
vt -2.800000 7.994947 0.000000
vt -3.100000 7.994947 0.000000
vt -2.800000 7.584628 0.000000
vt -3.100000 7.584628 0.000000
vt -2.800000 7.174308 0.000000
vt -3.100000 7.174308 0.000000
vt -2.800000 6.763988 0.000000
vt -3.100000 6.763988 0.000000
vt -2.800000 6.353668 0.000000
vt -3.100000 6.353668 0.000000
vt -2.800000 5.943348 0.000000
vt -3.100000 5.943348 0.000000
vt -2.800000 5.533029 0.000000
vt -3.100000 5.533029 0.000000
vt -2.800000 5.122709 0.000000
vt -3.100000 5.122709 0.000000
vt -2.800000 4.712389 0.000000
vt -3.100000 4.712389 0.000000
vt -2.800000 4.302069 0.000000
vt -3.100000 4.302069 0.000000
vt -2.800000 3.891749 0.000000
vt -3.100000 3.891749 0.000000
vt -2.800000 3.481430 0.000000
vt -3.100000 3.481430 0.000000
vt -2.800000 3.071110 0.000000
vt -3.100000 3.071110 0.000000
vt -2.800000 2.660790 0.000000
vt -3.100000 2.660790 0.000000
vt -2.800000 2.250470 0.000000
vt -3.100000 2.250470 0.000000
vt -2.800000 1.840150 0.000000
vt -3.100000 1.840150 0.000000
vt -2.800000 1.429831 0.000000
vt -3.100000 1.429831 0.000000
vt -2.800000 1.019511 0.000000
vt -3.100000 1.019511 0.000000
vt 2.665666 -1.623691 0.000000
vt 1.125000 -1.261443 0.000000
vt 2.828427 -2.000000 0.000000
vt 1.070648 -1.254287 0.000000
vt -2.828427 -2.000000 0.000000
vt -2.665666 -1.623691 0.000000
vt -0.000000 -1.075000 0.000000
vt -0.084116 -1.063926 0.000000
vt 1.179352 -1.254287 0.000000
vt 2.453115 -1.273088 0.000000
vt 1.230000 -1.233308 0.000000
vt 1.273492 -1.199935 0.000000
vt 1.306865 -1.156443 0.000000
vt 1.327844 -1.105795 0.000000
vt 2.194746 -0.954740 0.000000
vt 1.335000 -1.051443 0.000000
vt 1.327844 -0.997091 0.000000
vt 1.306865 -0.946443 0.000000
vt 1.273492 -0.902950 0.000000
vt 1.895384 -0.674593 0.000000
vt 1.230000 -0.869578 0.000000
vt 1.179352 -0.848598 0.000000
vt 1.125000 -0.841443 0.000000
vt 1.560620 -0.437879 0.000000
vt 0.313926 -0.665884 0.000000
vt 0.281458 -0.587500 0.000000
vt 0.229810 -0.520190 0.000000
vt 1.196708 -0.249020 0.000000
vt 0.162500 -0.468542 0.000000
vt 0.810443 -0.111543 0.000000
vt 0.084116 -0.436074 0.000000
vt 0.409042 -0.028017 0.000000
vt 0.000000 -0.425000 0.000000
vt 0.000000 0.000000 0.000000
vt -0.409042 -0.028017 0.000000
vt -0.084116 -0.436074 0.000000
vt -0.810443 -0.111543 0.000000
vt -0.162500 -0.468542 0.000000
vt -1.196708 -0.249020 0.000000
vt -0.229810 -0.520190 0.000000
vt -1.560620 -0.437879 0.000000
vt -0.281458 -0.587500 0.000000
vt -0.313926 -0.665884 0.000000
vt -1.895384 -0.674593 0.000000
vt -0.325000 -0.750000 0.000000
vt -0.313926 -0.834116 0.000000
vt -2.194746 -0.954740 0.000000
vt -0.281458 -0.912500 0.000000
vt -0.229810 -0.979810 0.000000
vt -0.162500 -1.031458 0.000000
vt -2.453115 -1.273088 0.000000
vt 0.922156 -0.997091 0.000000
vt 0.229810 -0.979810 0.000000
vt 0.915000 -1.051443 0.000000
vt 0.162500 -1.031458 0.000000
vt 0.922156 -1.105795 0.000000
vt 0.943135 -1.156443 0.000000
vt 0.084116 -1.063926 0.000000
vt 0.976508 -1.199935 0.000000
vt 1.020000 -1.233308 0.000000
vt 0.281458 -0.912500 0.000000
vt 0.943135 -0.946443 0.000000
vt 0.976508 -0.902950 0.000000
vt 0.313926 -0.834116 0.000000
vt 1.020000 -0.869578 0.000000
vt 0.325000 -0.750000 0.000000
vt 1.070648 -0.848598 0.000000
vt -7.801893 2.000000 0.000000
vt -4.500000 1.850000 0.000000
vt -1.198107 2.000000 0.000000
vt -4.280004 1.821037 0.000000
vt -4.075000 1.736122 0.000000
vt -7.896435 1.605582 0.000000
vt -7.475000 1.736122 0.000000
vt -7.269996 1.821037 0.000000
vt -7.050000 1.850000 0.000000
vt -7.944035 1.202795 0.000000
vt -7.786122 1.425000 0.000000
vt -7.651041 1.601041 0.000000
vt -7.944035 0.797205 0.000000
vt -7.900000 1.000000 0.000000
vt -7.871037 1.219996 0.000000
vt -7.896435 0.394418 0.000000
vt -7.786122 0.575000 0.000000
vt -7.871037 0.780004 0.000000
vt -7.801893 0.000000 0.000000
vt -7.475000 0.263878 0.000000
vt -7.651041 0.398959 0.000000
vt -1.198107 0.000000 0.000000
vt -4.500000 0.150000 0.000000
vt -7.050000 0.150000 0.000000
vt -7.269996 0.178963 0.000000
vt -1.103565 0.394418 0.000000
vt -3.898959 0.398959 0.000000
vt -4.075000 0.263878 0.000000
vt -4.280004 0.178963 0.000000
vt -3.763878 0.575000 0.000000
vt -1.055965 0.797205 0.000000
vt -3.678963 0.780004 0.000000
vt -3.650000 1.000000 0.000000
vt -1.055965 1.202795 0.000000
vt -3.678963 1.219996 0.000000
vt -3.763878 1.425000 0.000000
vt -1.103565 1.605582 0.000000
vt -3.898959 1.601041 0.000000
vt -6.228963 0.780004 0.000000
vt -5.321037 0.780004 0.000000
vt -6.200000 1.000000 0.000000
vt -5.350000 1.000000 0.000000
vt -6.228963 1.219996 0.000000
vt -5.321037 1.219996 0.000000
vt -6.313878 1.425000 0.000000
vt -5.236122 1.425000 0.000000
vt -6.448959 1.601041 0.000000
vt -5.101041 1.601041 0.000000
vt -6.625000 1.736122 0.000000
vt -4.925000 1.736122 0.000000
vt -6.830004 1.821037 0.000000
vt -4.719996 1.821037 0.000000
vt -5.236122 0.575000 0.000000
vt -6.313878 0.575000 0.000000
vt -5.101041 0.398959 0.000000
vt -6.448959 0.398959 0.000000
vt -4.925000 0.263878 0.000000
vt -6.625000 0.263878 0.000000
vt -4.719996 0.178963 0.000000
vt -6.830004 0.178963 0.000000
vt 7.801893 1.170000 0.000000
vt 7.328427 0.800000 0.000000
vt 7.801893 0.000000 0.000000
vt 1.671573 0.800000 0.000000
vt 1.198107 0.000000 0.000000
vt 1.198107 1.170000 0.000000
vt 1.671573 1.100000 0.000000
vt 1.636267 1.133310 0.000000
vt 7.770535 1.200000 0.000000
vt 7.399018 1.166643 0.000000
vt 7.363733 1.133310 0.000000
vt 7.328427 1.100000 0.000000
vt 7.434280 1.200000 0.000000
vt 1.600982 1.166643 0.000000
vt 1.229465 1.200000 0.000000
vt 1.565720 1.200000 0.000000
vt -1.198107 1.170000 0.000000
vt -1.671573 0.800000 0.000000
vt -1.198107 0.000000 0.000000
vt -7.328427 0.800000 0.000000
vt -7.801893 0.000000 0.000000
vt -7.801893 1.170000 0.000000
vt -7.328427 1.100000 0.000000
vt -7.363733 1.133310 0.000000
vt -1.229465 1.200000 0.000000
vt -1.600982 1.166643 0.000000
vt -1.636267 1.133310 0.000000
vt -1.671573 1.100000 0.000000
vt -1.565720 1.200000 0.000000
vt -7.399018 1.166643 0.000000
vt -7.770535 1.200000 0.000000
vt -7.434280 1.200000 0.000000
vt 0.531259 -0.182650 0.000000
vt 0.313926 -0.240884 0.000000
vt 0.550000 -0.325000 0.000000
vt 0.325000 -0.325000 0.000000
vt 0.531259 -0.467350 0.000000
vt 0.313926 -0.409116 0.000000
vt 0.281458 -0.487500 0.000000
vt 0.281458 -0.162500 0.000000
vt 0.476314 -0.050000 0.000000
vt 0.229810 -0.095190 0.000000
vt 0.388909 0.063909 0.000000
vt 0.162500 -0.043542 0.000000
vt 0.275000 0.151314 0.000000
vt 0.084116 -0.011074 0.000000
vt 0.142350 0.206259 0.000000
vt -0.000000 0.000000 0.000000
vt -0.000000 0.225000 0.000000
vt -0.142350 0.206259 0.000000
vt -0.084116 -0.011074 0.000000
vt -0.275000 0.151314 0.000000
vt -0.162500 -0.043542 0.000000
vt -0.388909 0.063909 0.000000
vt -0.229810 -0.095190 0.000000
vt -0.476314 -0.050000 0.000000
vt -0.281458 -0.162500 0.000000
vt -0.531259 -0.182650 0.000000
vt -0.313926 -0.240884 0.000000
vt -0.550000 -0.325000 0.000000
vt -0.325000 -0.325000 0.000000
vt -0.313926 -0.409116 0.000000
vt -0.531259 -0.467350 0.000000
vt -0.281458 -0.487500 0.000000
vt -0.476314 -0.600000 0.000000
vt -0.229810 -0.554810 0.000000
vt -0.388909 -0.713909 0.000000
vt -0.162500 -0.606458 0.000000
vt -0.275000 -0.801314 0.000000
vt -0.084116 -0.638926 0.000000
vt -0.142350 -0.856259 0.000000
vt 0.000000 -0.650000 0.000000
vt 0.000000 -0.875000 0.000000
vt 0.142350 -0.856259 0.000000
vt 0.084116 -0.638926 0.000000
vt 0.275000 -0.801314 0.000000
vt 0.162500 -0.606458 0.000000
vt 0.388909 -0.713909 0.000000
vt 0.229810 -0.554810 0.000000
vt 0.476314 -0.600000 0.000000
vt 0.531259 -0.182650 0.000000
vt 0.313926 -0.240884 0.000000
vt 0.550000 -0.325000 0.000000
vt 0.325000 -0.325000 0.000000
vt 0.531259 -0.467350 0.000000
vt 0.313926 -0.409116 0.000000
vt 0.281458 -0.487500 0.000000
vt 0.281458 -0.162500 0.000000
vt 0.476314 -0.050000 0.000000
vt 0.229810 -0.095190 0.000000
vt 0.388909 0.063909 0.000000
vt 0.162500 -0.043542 0.000000
vt 0.275000 0.151314 0.000000
vt 0.084116 -0.011074 0.000000
vt 0.142350 0.206259 0.000000
vt -0.000000 0.000000 0.000000
vt -0.000000 0.225000 0.000000
vt -0.142350 0.206259 0.000000
vt -0.084116 -0.011074 0.000000
vt -0.275000 0.151314 0.000000
vt -0.162500 -0.043542 0.000000
vt -0.388909 0.063909 0.000000
vt -0.229810 -0.095190 0.000000
vt -0.476314 -0.050000 0.000000
vt -0.281458 -0.162500 0.000000
vt -0.531259 -0.182650 0.000000
vt -0.313926 -0.240884 0.000000
vt -0.550000 -0.325000 0.000000
vt -0.325000 -0.325000 0.000000
vt -0.313926 -0.409116 0.000000
vt -0.531259 -0.467350 0.000000
vt -0.281458 -0.487500 0.000000
vt -0.476314 -0.600000 0.000000
vt -0.229810 -0.554810 0.000000
vt -0.388909 -0.713909 0.000000
vt -0.162500 -0.606458 0.000000
vt -0.275000 -0.801314 0.000000
vt -0.084116 -0.638926 0.000000
vt -0.142350 -0.856259 0.000000
vt 0.000000 -0.650000 0.000000
vt 0.000000 -0.875000 0.000000
vt 0.142350 -0.856259 0.000000
vt 0.084116 -0.638926 0.000000
vt 0.275000 -0.801314 0.000000
vt 0.162500 -0.606458 0.000000
vt 0.388909 -0.713909 0.000000
vt 0.229810 -0.554810 0.000000
vt 0.476314 -0.600000 0.000000
vt 0.000000 -1.001787 0.000000
vt -0.047173 -1.013100 0.000000
vt 0.000000 -1.422802 0.000000
vt -0.094314 -1.024669 0.000000
vt -0.141421 -1.036503 0.000000
vt -0.141421 -1.453661 0.000000
vt 0.000000 -1.843818 0.000000
vt -0.141421 -1.870820 0.000000
vt 0.000000 -2.264834 0.000000
vt -0.141421 -2.287978 0.000000
vt 0.000000 -2.685850 0.000000
vt -0.141421 -2.705136 0.000000
vt 0.000000 -3.106866 0.000000
vt -0.141421 -3.122295 0.000000
vt 0.000000 -3.527881 0.000000
vt -0.141421 -3.539453 0.000000
vt 0.000000 -3.948897 0.000000
vt -0.141421 -3.956612 0.000000
vt 0.000000 -4.369913 0.000000
vt -0.141421 -4.373770 0.000000
vt 0.000000 -4.790929 0.000000
vt -0.141421 -4.790929 0.000000
vt -0.141421 -5.208087 0.000000
vt 0.000000 -5.211945 0.000000
vt -0.141421 -5.625246 0.000000
vt 0.000000 -5.632960 0.000000
vt -0.141421 -6.042404 0.000000
vt 0.000000 -6.053976 0.000000
vt -0.141421 -6.459563 0.000000
vt 0.000000 -6.474992 0.000000
vt -0.141421 -6.876721 0.000000
vt 0.000000 -6.896008 0.000000
vt -0.141421 -7.293880 0.000000
vt 0.000000 -7.317024 0.000000
vt -0.141421 -7.711038 0.000000
vt -0.000000 -7.738039 0.000000
vt -0.141421 -8.128197 0.000000
vt 0.000000 -8.159055 0.000000
vt -0.141421 -8.545355 0.000000
vt 0.000000 -8.580071 0.000000
vt -0.094314 -8.557189 0.000000
vt -0.047173 -8.568758 0.000000
vt 0.000000 8.580071 0.000000
vt -0.047173 8.568758 0.000000
vt 0.000000 8.159055 0.000000
vt -0.094314 8.557189 0.000000
vt -0.141421 8.545355 0.000000
vt -0.141421 8.128197 0.000000
vt -0.000000 7.738039 0.000000
vt -0.141421 7.711038 0.000000
vt 0.000000 7.317024 0.000000
vt -0.141421 7.293880 0.000000
vt 0.000000 6.896008 0.000000
vt -0.141421 6.876721 0.000000
vt 0.000000 6.474992 0.000000
vt -0.141421 6.459563 0.000000
vt 0.000000 6.053976 0.000000
vt -0.141421 6.042404 0.000000
vt 0.000000 5.632960 0.000000
vt -0.141421 5.625246 0.000000
vt 0.000000 5.211945 0.000000
vt -0.141421 5.208087 0.000000
vt 0.000000 4.790929 0.000000
vt -0.141421 4.790929 0.000000
vt -0.141421 4.373770 0.000000
vt 0.000000 4.369913 0.000000
vt -0.141421 3.956612 0.000000
vt 0.000000 3.948897 0.000000
vt -0.141421 3.539453 0.000000
vt 0.000000 3.527881 0.000000
vt -0.141421 3.122295 0.000000
vt 0.000000 3.106866 0.000000
vt -0.141421 2.705136 0.000000
vt 0.000000 2.685850 0.000000
vt -0.141421 2.287978 0.000000
vt 0.000000 2.264834 0.000000
vt -0.141421 1.870820 0.000000
vt 0.000000 1.843818 0.000000
vt -0.141421 1.453661 0.000000
vt 0.000000 1.422802 0.000000
vt -0.141421 1.036503 0.000000
vt 0.000000 1.001787 0.000000
vt -0.094314 1.024669 0.000000
vt -0.047173 1.013100 0.000000
vt -0.000000 -9.781222 0.000000
vt 0.042426 -9.772093 0.000000
vt -0.000000 -9.342668 0.000000
vt 0.042426 -9.334452 0.000000
vt -0.000000 -8.904114 0.000000
vt 0.042426 -8.896811 0.000000
vt -0.000000 -8.465561 0.000000
vt 0.042426 -8.459170 0.000000
vt -0.000000 -8.027007 0.000000
vt 0.042426 -8.021530 0.000000
vt -0.000000 -7.588454 0.000000
vt 0.042426 -7.583889 0.000000
vt -0.000000 -7.149900 0.000000
vt 0.042426 -7.146248 0.000000
vt -0.000000 -6.711346 0.000000
vt 0.042426 -6.708608 0.000000
vt -0.000000 -6.272793 0.000000
vt 0.042426 -6.270967 0.000000
vt -0.000000 -5.834239 0.000000
vt 0.042426 -5.833326 0.000000
vt -0.000000 -5.395685 0.000000
vt 0.042426 -5.395685 0.000000
vt 0.042426 -4.958045 0.000000
vt -0.000000 -4.957132 0.000000
vt 0.042426 -4.520404 0.000000
vt -0.000000 -4.518578 0.000000
vt 0.042426 -4.082763 0.000000
vt -0.000000 -4.080024 0.000000
vt 0.042426 -3.645123 0.000000
vt -0.000000 -3.641471 0.000000
vt 0.042426 -3.207482 0.000000
vt -0.000000 -3.202917 0.000000
vt 0.042426 -2.769841 0.000000
vt -0.000000 -2.764364 0.000000
vt 0.042426 -2.332200 0.000000
vt -0.000000 -2.325810 0.000000
vt 0.042426 -1.894560 0.000000
vt -0.000000 -1.887256 0.000000
vt 0.042426 -1.456919 0.000000
vt -0.000000 -1.448703 0.000000
vt 0.042426 -1.019278 0.000000
vt -0.000000 -1.010149 0.000000
vt 0.000000 1.010149 0.000000
vt 0.042426 1.019278 0.000000
vt 0.000000 1.448703 0.000000
vt 0.042426 1.456919 0.000000
vt 0.000000 1.887256 0.000000
vt 0.042426 1.894560 0.000000
vt 0.000000 2.325810 0.000000
vt 0.042426 2.332200 0.000000
vt -0.000000 2.764364 0.000000
vt 0.042426 2.769841 0.000000
vt 0.000000 3.202917 0.000000
vt 0.042426 3.207482 0.000000
vt 0.000000 3.641471 0.000000
vt 0.042426 3.645123 0.000000
vt -0.000000 4.080024 0.000000
vt 0.042426 4.082763 0.000000
vt 0.000000 4.518578 0.000000
vt 0.042426 4.520404 0.000000
vt 0.000000 4.957132 0.000000
vt 0.042426 4.958045 0.000000
vt 0.000000 5.395685 0.000000
vt 0.042426 5.395685 0.000000
vt 0.042426 5.833326 0.000000
vt -0.000000 5.834239 0.000000
vt 0.042426 6.270967 0.000000
vt -0.000000 6.272793 0.000000
vt 0.042426 6.708608 0.000000
vt -0.000000 6.711346 0.000000
vt 0.042426 7.146248 0.000000
vt -0.000000 7.149900 0.000000
vt 0.042426 7.583889 0.000000
vt -0.000000 7.588454 0.000000
vt 0.042426 8.021530 0.000000
vt -0.000000 8.027007 0.000000
vt 0.042426 8.459170 0.000000
vt -0.000000 8.465561 0.000000
vt 0.042426 8.896811 0.000000
vt -0.000000 8.904114 0.000000
vt 0.042426 9.334452 0.000000
vt -0.000000 9.342668 0.000000
vt 0.042426 9.772093 0.000000
vt 0.000000 9.781222 0.000000
vt 0.821037 0.219996 0.000000
vt 0.724444 0.194114 0.000000
vt 0.850000 0.000000 0.000000
vt 0.750000 0.000000 0.000000
vt 0.821037 -0.219996 0.000000
vt 0.724444 -0.194114 0.000000
vt 0.649519 -0.375000 0.000000
vt 0.649519 0.375000 0.000000
vt 0.736122 0.425000 0.000000
vt 0.530330 0.530330 0.000000
vt 0.601041 0.601041 0.000000
vt 0.375000 0.649519 0.000000
vt 0.425000 0.736122 0.000000
vt 0.194114 0.724444 0.000000
vt 0.219996 0.821037 0.000000
vt 0.000000 0.750000 0.000000
vt -0.000000 0.850000 0.000000
vt -0.219996 0.821037 0.000000
vt -0.194114 0.724444 0.000000
vt -0.425000 0.736122 0.000000
vt -0.375000 0.649519 0.000000
vt -0.601041 0.601041 0.000000
vt -0.530330 0.530330 0.000000
vt -0.736122 0.425000 0.000000
vt -0.649519 0.375000 0.000000
vt -0.821037 0.219996 0.000000
vt -0.724444 0.194114 0.000000
vt -0.850000 -0.000000 0.000000
vt -0.750000 0.000000 0.000000
vt -0.724444 -0.194114 0.000000
vt -0.821037 -0.219996 0.000000
vt -0.649519 -0.375000 0.000000
vt -0.736122 -0.425000 0.000000
vt -0.530330 -0.530330 0.000000
vt -0.601041 -0.601041 0.000000
vt -0.375000 -0.649519 0.000000
vt -0.425000 -0.736122 0.000000
vt -0.194114 -0.724444 0.000000
vt -0.219996 -0.821037 0.000000
vt 0.000000 -0.750000 0.000000
vt 0.000000 -0.850000 0.000000
vt 0.219996 -0.821037 0.000000
vt 0.194114 -0.724444 0.000000
vt 0.425000 -0.736122 0.000000
vt 0.375000 -0.649519 0.000000
vt 0.601041 -0.601041 0.000000
vt 0.530330 -0.530330 0.000000
vt 0.736122 -0.425000 0.000000
vt 0.821037 0.219996 0.000000
vt 0.724444 0.194114 0.000000
vt 0.850000 0.000000 0.000000
vt 0.750000 0.000000 0.000000
vt 0.821037 -0.219996 0.000000
vt 0.724444 -0.194114 0.000000
vt 0.649519 -0.375000 0.000000
vt 0.649519 0.375000 0.000000
vt 0.736122 0.425000 0.000000
vt 0.530330 0.530330 0.000000
vt 0.601041 0.601041 0.000000
vt 0.375000 0.649519 0.000000
vt 0.425000 0.736122 0.000000
vt 0.194114 0.724444 0.000000
vt 0.219996 0.821037 0.000000
vt 0.000000 0.750000 0.000000
vt 0.000000 0.850000 0.000000
vt -0.219996 0.821037 0.000000
vt -0.194114 0.724444 0.000000
vt -0.425000 0.736122 0.000000
vt -0.375000 0.649519 0.000000
vt -0.601041 0.601041 0.000000
vt -0.530330 0.530330 0.000000
vt -0.736122 0.425000 0.000000
vt -0.649519 0.375000 0.000000
vt -0.821037 0.219996 0.000000
vt -0.724444 0.194114 0.000000
vt -0.850000 -0.000000 0.000000
vt -0.750000 0.000000 0.000000
vt -0.724444 -0.194114 0.000000
vt -0.821037 -0.219996 0.000000
vt -0.649519 -0.375000 0.000000
vt -0.736122 -0.425000 0.000000
vt -0.530330 -0.530330 0.000000
vt -0.601041 -0.601041 0.000000
vt -0.375000 -0.649519 0.000000
vt -0.425000 -0.736122 0.000000
vt -0.194114 -0.724444 0.000000
vt -0.219996 -0.821037 0.000000
vt 0.000000 -0.750000 0.000000
vt 0.000000 -0.850000 0.000000
vt 0.219996 -0.821037 0.000000
vt 0.194114 -0.724444 0.000000
vt 0.425000 -0.736122 0.000000
vt 0.375000 -0.649519 0.000000
vt 0.601041 -0.601041 0.000000
vt 0.530330 -0.530330 0.000000
vt 0.736122 -0.425000 0.000000
vn 0.042262 0.090631 0.000000
vn 0.042262 0.090631 0.000000
vn 0.064279 0.076604 -0.000000
vn 0.064279 0.076604 -0.000000
vn 0.081915 0.057358 -0.000000
vn 0.081915 0.057358 -0.000000
vn 0.093969 0.034202 -0.000000
vn 0.093969 0.034202 -0.000000
vn 0.099619 0.008716 -0.000000
vn 0.099619 0.008716 -0.000000
vn 0.098481 -0.017365 -0.000000
vn 0.098481 -0.017365 -0.000000
vn 0.090631 -0.042262 -0.000000
vn 0.090631 -0.042262 -0.000000
vn 0.076604 -0.064279 -0.000000
vn 0.076604 -0.064279 -0.000000
vn 0.057358 -0.081915 -0.000000
vn 0.057358 -0.081915 -0.000000
vn 0.034202 -0.093969 -0.000000
vn 0.034202 -0.093969 -0.000000
vn 0.008716 -0.099619 -0.000000
vn 0.008716 -0.099619 -0.000000
vn -0.017365 -0.098481 -0.000000
vn -0.017365 -0.098481 -0.000000
vn -0.042262 -0.090631 -0.000000
vn -0.042262 -0.090631 -0.000000
vn -0.064279 -0.076604 0.000000
vn -0.064279 -0.076604 0.000000
vn -0.081915 -0.057358 0.000000
vn -0.081915 -0.057358 0.000000
vn -0.093969 -0.034202 0.000000
vn -0.093969 -0.034202 0.000000
vn -0.099619 -0.008716 0.000000
vn -0.099619 -0.008716 0.000000
vn -0.098481 0.017365 0.000000
vn -0.098481 0.017365 0.000000
vn -0.090631 0.042262 0.000000
vn -0.090631 0.042262 0.000000
vn -0.076604 0.064279 0.000000
vn -0.076604 0.064279 0.000000
vn -0.057358 0.081915 0.000000
vn -0.057358 0.081915 0.000000
vn -0.034202 0.093969 0.000000
vn -0.034202 0.093969 0.000000
vn -0.008716 0.099619 0.000000
vn -0.008716 0.099619 0.000000
vn 0.017365 0.098481 0.000000
vn 0.017365 0.098481 0.000000
vn 0.042262 0.090631 0.000000
vn 0.042262 0.090631 0.000000
vn 0.064279 0.076604 -0.000000
vn 0.064279 0.076604 -0.000000
vn 0.081915 0.057358 -0.000000
vn 0.081915 0.057358 -0.000000
vn 0.093969 0.034202 -0.000000
vn 0.093969 0.034202 -0.000000
vn 0.099619 0.008716 -0.000000
vn 0.099619 0.008716 -0.000000
vn 0.098481 -0.017365 -0.000000
vn 0.098481 -0.017365 -0.000000
vn 0.090631 -0.042262 -0.000000
vn 0.090631 -0.042262 -0.000000
vn 0.076604 -0.064279 -0.000000
vn 0.076604 -0.064279 -0.000000
vn 0.057358 -0.081915 -0.000000
vn 0.057358 -0.081915 -0.000000
vn 0.034202 -0.093969 -0.000000
vn 0.034202 -0.093969 -0.000000
vn 0.008716 -0.099619 -0.000000
vn 0.008716 -0.099619 -0.000000
vn -0.017365 -0.098481 -0.000000
vn -0.017365 -0.098481 -0.000000
vn -0.042262 -0.090631 -0.000000
vn -0.042262 -0.090631 -0.000000
vn -0.064279 -0.076604 0.000000
vn -0.064279 -0.076604 0.000000
vn -0.081915 -0.057358 0.000000
vn -0.081915 -0.057358 0.000000
vn -0.093969 -0.034202 0.000000
vn -0.093969 -0.034202 0.000000
vn -0.099619 -0.008716 0.000000
vn -0.099619 -0.008716 0.000000
vn -0.098481 0.017365 0.000000
vn -0.098481 0.017365 0.000000
vn -0.090631 0.042262 0.000000
vn -0.090631 0.042262 0.000000
vn -0.076604 0.064279 0.000000
vn -0.076604 0.064279 0.000000
vn -0.057358 0.081915 0.000000
vn -0.057358 0.081915 0.000000
vn -0.034202 0.093969 0.000000
vn -0.034202 0.093969 0.000000
vn -0.008716 0.099619 0.000000
vn -0.008716 0.099619 0.000000
vn 0.017365 0.098481 0.000000
vn 0.017365 0.098481 0.000000
vn 0.081915 0.057358 -0.000000
vn 0.081915 0.057358 -0.000000
vn 0.064279 0.076604 -0.000000
vn 0.064279 0.076604 -0.000000
vn 0.042262 0.090631 0.000000
vn 0.042262 0.090631 0.000000
vn 0.017365 0.098481 0.000000
vn 0.017365 0.098481 0.000000
vn -0.008716 0.099619 0.000000
vn -0.008716 0.099619 0.000000
vn -0.034202 0.093969 0.000000
vn -0.034202 0.093969 0.000000
vn -0.057358 0.081915 0.000000
vn -0.057358 0.081915 0.000000
vn -0.076604 0.064279 0.000000
vn -0.076604 0.064279 0.000000
vn -0.090631 0.042262 0.000000
vn -0.090631 0.042262 0.000000
vn -0.098481 0.017365 0.000000
vn -0.098481 0.017365 0.000000
vn -0.099619 -0.008716 0.000000
vn -0.099619 -0.008716 0.000000
vn -0.093969 -0.034202 0.000000
vn -0.093969 -0.034202 0.000000
vn -0.081915 -0.057358 0.000000
vn -0.081915 -0.057358 0.000000
vn -0.064279 -0.076604 0.000000
vn -0.064279 -0.076604 0.000000
vn -0.042262 -0.090631 -0.000000
vn -0.042262 -0.090631 -0.000000
vn -0.017365 -0.098481 -0.000000
vn -0.017365 -0.098481 -0.000000
vn 0.008716 -0.099619 -0.000000
vn 0.008716 -0.099619 -0.000000
vn 0.034202 -0.093969 -0.000000
vn 0.034202 -0.093969 -0.000000
vn 0.057358 -0.081915 -0.000000
vn 0.057358 -0.081915 -0.000000
vn 0.076604 -0.064279 -0.000000
vn 0.076604 -0.064279 -0.000000
vn 0.090631 -0.042262 -0.000000
vn 0.090631 -0.042262 -0.000000
vn 0.098481 -0.017365 -0.000000
vn 0.098481 -0.017365 -0.000000
vn 0.099619 0.008716 -0.000000
vn 0.099619 0.008716 -0.000000
vn 0.093969 0.034202 -0.000000
vn 0.093969 0.034202 -0.000000
vn 0.042262 0.090631 0.000000
vn 0.042262 0.090631 0.000000
vn 0.064279 0.076604 -0.000000
vn 0.064279 0.076604 -0.000000
vn 0.081915 0.057358 -0.000000
vn 0.081915 0.057358 -0.000000
vn 0.093969 0.034202 -0.000000
vn 0.093969 0.034202 -0.000000
vn 0.099619 0.008716 -0.000000
vn 0.099619 0.008716 -0.000000
vn 0.098481 -0.017365 -0.000000
vn 0.098481 -0.017365 -0.000000
vn 0.090631 -0.042262 -0.000000
vn 0.090631 -0.042262 -0.000000
vn 0.076604 -0.064279 -0.000000
vn 0.076604 -0.064279 -0.000000
vn 0.057358 -0.081915 -0.000000
vn 0.057358 -0.081915 -0.000000
vn 0.034202 -0.093969 -0.000000
vn 0.034202 -0.093969 -0.000000
vn 0.008716 -0.099619 -0.000000
vn 0.008716 -0.099619 -0.000000
vn -0.017365 -0.098481 -0.000000
vn -0.017365 -0.098481 -0.000000
vn -0.042262 -0.090631 -0.000000
vn -0.042262 -0.090631 -0.000000
vn -0.064279 -0.076604 0.000000
vn -0.064279 -0.076604 0.000000
vn -0.081915 -0.057358 0.000000
vn -0.081915 -0.057358 0.000000
vn -0.093969 -0.034202 0.000000
vn -0.093969 -0.034202 0.000000
vn -0.099619 -0.008716 0.000000
vn -0.099619 -0.008716 0.000000
vn -0.098481 0.017365 0.000000
vn -0.098481 0.017365 0.000000
vn -0.090631 0.042262 0.000000
vn -0.090631 0.042262 0.000000
vn -0.076604 0.064279 0.000000
vn -0.076604 0.064279 0.000000
vn -0.057358 0.081915 0.000000
vn -0.057358 0.081915 0.000000
vn -0.034202 0.093969 0.000000
vn -0.034202 0.093969 0.000000
vn -0.008716 0.099619 0.000000
vn -0.008716 0.099619 0.000000
vn 0.017365 0.098481 0.000000
vn 0.017365 0.098481 0.000000
vn -0.081915 -0.057358 0.000000
vn -0.081915 -0.057358 0.000000
vn -0.064279 -0.076604 0.000000
vn -0.064279 -0.076604 0.000000
vn -0.042262 -0.090631 -0.000000
vn -0.042262 -0.090631 -0.000000
vn -0.017365 -0.098481 -0.000000
vn -0.017365 -0.098481 -0.000000
vn 0.008716 -0.099619 -0.000000
vn 0.008716 -0.099619 -0.000000
vn 0.034202 -0.093969 -0.000000
vn 0.034202 -0.093969 -0.000000
vn 0.057358 -0.081915 -0.000000
vn 0.057358 -0.081915 -0.000000
vn 0.076604 -0.064279 -0.000000
vn 0.076604 -0.064279 -0.000000
vn 0.090631 -0.042262 -0.000000
vn 0.090631 -0.042262 -0.000000
vn 0.098481 -0.017365 -0.000000
vn 0.098481 -0.017365 -0.000000
vn 0.099619 0.008716 -0.000000
vn 0.099619 0.008716 -0.000000
vn 0.093969 0.034202 -0.000000
vn 0.093969 0.034202 -0.000000
vn 0.081915 0.057358 -0.000000
vn 0.081915 0.057358 -0.000000
vn 0.064279 0.076604 -0.000000
vn 0.064279 0.076604 -0.000000
vn 0.042262 0.090631 0.000000
vn 0.042262 0.090631 0.000000
vn 0.017365 0.098481 0.000000
vn 0.017365 0.098481 0.000000
vn -0.008716 0.099619 0.000000
vn -0.008716 0.099619 0.000000
vn -0.034202 0.093969 0.000000
vn -0.034202 0.093969 0.000000
vn -0.057358 0.081915 0.000000
vn -0.057358 0.081915 0.000000
vn -0.076604 0.064279 0.000000
vn -0.076604 0.064279 0.000000
vn -0.090631 0.042262 0.000000
vn -0.090631 0.042262 0.000000
vn -0.098481 0.017365 0.000000
vn -0.098481 0.017365 0.000000
vn -0.099619 -0.008716 0.000000
vn -0.099619 -0.008716 0.000000
vn -0.093969 -0.034202 0.000000
vn -0.093969 -0.034202 0.000000
vn -0.042262 -0.090631 -0.000000
vn -0.042262 -0.090631 -0.000000
vn -0.064279 -0.076604 0.000000
vn -0.064279 -0.076604 0.000000
vn -0.081915 -0.057358 0.000000
vn -0.081915 -0.057358 0.000000
vn -0.093969 -0.034202 0.000000
vn -0.093969 -0.034202 0.000000
vn -0.099619 -0.008716 0.000000
vn -0.099619 -0.008716 0.000000
vn -0.098481 0.017365 0.000000
vn -0.098481 0.017365 0.000000
vn -0.090631 0.042262 0.000000
vn -0.090631 0.042262 0.000000
vn -0.076604 0.064279 0.000000
vn -0.076604 0.064279 0.000000
vn -0.057358 0.081915 0.000000
vn -0.057358 0.081915 0.000000
vn -0.034202 0.093969 0.000000
vn -0.034202 0.093969 0.000000
vn -0.008716 0.099619 0.000000
vn -0.008716 0.099619 0.000000
vn 0.017365 0.098481 0.000000
vn 0.017365 0.098481 0.000000
vn 0.042262 0.090631 0.000000
vn 0.042262 0.090631 0.000000
vn 0.064279 0.076604 -0.000000
vn 0.064279 0.076604 -0.000000
vn 0.081915 0.057358 -0.000000
vn 0.081915 0.057358 -0.000000
vn 0.093969 0.034202 -0.000000
vn 0.093969 0.034202 -0.000000
vn 0.099619 0.008716 -0.000000
vn 0.099619 0.008716 -0.000000
vn 0.098481 -0.017365 -0.000000
vn 0.098481 -0.017365 -0.000000
vn 0.090631 -0.042262 -0.000000
vn 0.090631 -0.042262 -0.000000
vn 0.076604 -0.064279 -0.000000
vn 0.076604 -0.064279 -0.000000
vn 0.057358 -0.081915 -0.000000
vn 0.057358 -0.081915 -0.000000
vn 0.034202 -0.093969 -0.000000
vn 0.034202 -0.093969 -0.000000
vn 0.008716 -0.099619 -0.000000
vn 0.008716 -0.099619 -0.000000
vn -0.017365 -0.098481 -0.000000
vn -0.017365 -0.098481 -0.000000
vn -0.052133 -0.047771 0.070711
vn -0.052133 -0.047771 0.070711
vn -0.045452 -0.054168 0.070711
vn -0.045452 -0.054168 0.070711
vn -0.037993 -0.059637 0.070711
vn -0.037993 -0.059637 0.070711
vn -0.029884 -0.064086 0.070711
vn -0.029884 -0.064086 0.070711
vn -0.021263 -0.067438 0.070711
vn -0.021263 -0.067438 0.070711
vn -0.012279 -0.069636 0.070711
vn -0.012279 -0.069636 0.070711
vn -0.003084 -0.070643 0.070711
vn -0.003084 -0.070643 0.070711
vn 0.006163 -0.070442 0.070711
vn 0.006163 -0.070442 0.070711
vn 0.015305 -0.069035 0.070711
vn 0.015305 -0.069035 0.070711
vn 0.024184 -0.066446 0.070711
vn 0.024184 -0.066446 0.070711
vn 0.032651 -0.062721 0.070711
vn 0.032651 -0.062721 0.070711
vn 0.040558 -0.057923 0.070711
vn 0.040558 -0.057923 0.070711
vn 0.047771 -0.052133 0.070711
vn 0.047771 -0.052133 0.070711
vn 0.054168 -0.045452 0.070711
vn 0.054168 -0.045452 0.070711
vn 0.059637 -0.037993 0.070711
vn 0.059637 -0.037993 0.070711
vn 0.064086 -0.029884 0.070711
vn 0.064086 -0.029884 0.070711
vn 0.067438 -0.021263 0.070711
vn 0.067438 -0.021263 0.070711
vn 0.069636 -0.012279 0.070711
vn 0.069636 -0.012279 0.070711
vn 0.070643 -0.003084 0.070711
vn 0.070643 -0.003084 0.070711
vn 0.070442 0.006163 0.070711
vn 0.070442 0.006163 0.070711
vn 0.069035 0.015305 0.070711
vn 0.069035 0.015305 0.070711
vn 0.066446 0.024184 0.070711
vn 0.066446 0.024184 0.070711
vn 0.062721 0.032651 0.070711
vn 0.062721 0.032651 0.070711
vn 0.057923 0.040558 0.070711
vn 0.057923 0.040558 0.070711
vn 0.052133 0.047771 0.070711
vn 0.052133 0.047771 0.070711
vn 0.045452 0.054168 0.070711
vn 0.045452 0.054168 0.070711
vn 0.037993 0.059637 0.070711
vn 0.037993 0.059637 0.070711
vn 0.029884 0.064086 0.070711
vn 0.029884 0.064086 0.070711
vn 0.021263 0.067438 0.070711
vn 0.021263 0.067438 0.070711
vn 0.012279 0.069636 0.070711
vn 0.012279 0.069636 0.070711
vn 0.003084 0.070643 0.070711
vn 0.003084 0.070643 0.070711
vn -0.006163 0.070442 0.070711
vn -0.006163 0.070442 0.070711
vn -0.015305 0.069035 0.070711
vn -0.015305 0.069035 0.070711
vn -0.024184 0.066446 0.070711
vn -0.024184 0.066446 0.070711
vn -0.032651 0.062721 0.070711
vn -0.032651 0.062721 0.070711
vn -0.040558 0.057923 0.070711
vn -0.040558 0.057923 0.070711
vn -0.047771 0.052133 0.070711
vn -0.047771 0.052133 0.070711
vn -0.054168 0.045452 0.070711
vn -0.054168 0.045452 0.070711
vn -0.059637 0.037993 0.070711
vn -0.059637 0.037993 0.070711
vn -0.064086 0.029884 0.070711
vn -0.064086 0.029884 0.070711
vn -0.067438 0.021263 0.070711
vn -0.067438 0.021263 0.070711
vn -0.069636 0.012279 0.070711
vn -0.069636 0.012279 0.070711
vn -0.070643 0.003084 0.070711
vn -0.070643 0.003084 0.070711
vn -0.070442 -0.006163 0.070711
vn -0.070442 -0.006163 0.070711
vn -0.069035 -0.015305 0.070711
vn -0.069035 -0.015305 0.070711
vn -0.066446 -0.024184 0.070711
vn -0.066446 -0.024184 0.070711
vn -0.062721 -0.032651 0.070711
vn -0.062721 -0.032651 0.070711
vn -0.057923 -0.040558 0.070711
vn -0.057923 -0.040558 0.070711
vn -0.081915 -0.057358 0.000000
vn -0.081915 -0.057358 0.000000
vn -0.064279 -0.076604 0.000000
vn -0.064279 -0.076604 0.000000
vn -0.042262 -0.090631 -0.000000
vn -0.042262 -0.090631 -0.000000
vn -0.017365 -0.098481 -0.000000
vn -0.017365 -0.098481 -0.000000
vn 0.008716 -0.099619 -0.000000
vn 0.008716 -0.099619 -0.000000
vn 0.034202 -0.093969 -0.000000
vn 0.034202 -0.093969 -0.000000
vn 0.057358 -0.081915 -0.000000
vn 0.057358 -0.081915 -0.000000
vn 0.076604 -0.064279 -0.000000
vn 0.076604 -0.064279 -0.000000
vn 0.090631 -0.042262 -0.000000
vn 0.090631 -0.042262 -0.000000
vn 0.098481 -0.017365 -0.000000
vn 0.098481 -0.017365 -0.000000
vn 0.099619 0.008716 -0.000000
vn 0.099619 0.008716 -0.000000
vn 0.093969 0.034202 -0.000000
vn 0.093969 0.034202 -0.000000
vn 0.081915 0.057358 -0.000000
vn 0.081915 0.057358 -0.000000
vn 0.064279 0.076604 -0.000000
vn 0.064279 0.076604 -0.000000
vn 0.042262 0.090631 0.000000
vn 0.042262 0.090631 0.000000
vn 0.017365 0.098481 0.000000
vn 0.017365 0.098481 0.000000
vn -0.008716 0.099619 0.000000
vn -0.008716 0.099619 0.000000
vn -0.034202 0.093969 0.000000
vn -0.034202 0.093969 0.000000
vn -0.057358 0.081915 0.000000
vn -0.057358 0.081915 0.000000
vn -0.076604 0.064279 0.000000
vn -0.076604 0.064279 0.000000
vn -0.090631 0.042262 0.000000
vn -0.090631 0.042262 0.000000
vn -0.098481 0.017365 0.000000
vn -0.098481 0.017365 0.000000
vn -0.099619 -0.008716 0.000000
vn -0.099619 -0.008716 0.000000
vn -0.093969 -0.034202 0.000000
vn -0.093969 -0.034202 0.000000
vn -0.081915 -0.057358 0.000000
vn -0.081915 -0.057358 0.000000
vn -0.064279 -0.076604 0.000000
vn -0.064279 -0.076604 0.000000
vn -0.042262 -0.090631 -0.000000
vn -0.042262 -0.090631 -0.000000
vn -0.017365 -0.098481 -0.000000
vn -0.017365 -0.098481 -0.000000
vn 0.008716 -0.099619 -0.000000
vn 0.008716 -0.099619 -0.000000
vn 0.034202 -0.093969 -0.000000
vn 0.034202 -0.093969 -0.000000
vn 0.057358 -0.081915 -0.000000
vn 0.057358 -0.081915 -0.000000
vn 0.076604 -0.064279 -0.000000
vn 0.076604 -0.064279 -0.000000
vn 0.090631 -0.042262 -0.000000
vn 0.090631 -0.042262 -0.000000
vn 0.098481 -0.017365 -0.000000
vn 0.098481 -0.017365 -0.000000
vn 0.099619 0.008716 -0.000000
vn 0.099619 0.008716 -0.000000
vn 0.093969 0.034202 -0.000000
vn 0.093969 0.034202 -0.000000
vn 0.081915 0.057358 -0.000000
vn 0.081915 0.057358 -0.000000
vn 0.064279 0.076604 -0.000000
vn 0.064279 0.076604 -0.000000
vn 0.042262 0.090631 0.000000
vn 0.042262 0.090631 0.000000
vn 0.017365 0.098481 0.000000
vn 0.017365 0.098481 0.000000
vn -0.008716 0.099619 0.000000
vn -0.008716 0.099619 0.000000
vn -0.034202 0.093969 0.000000
vn -0.034202 0.093969 0.000000
vn -0.057358 0.081915 0.000000
vn -0.057358 0.081915 0.000000
vn -0.076604 0.064279 0.000000
vn -0.076604 0.064279 0.000000
vn -0.090631 0.042262 0.000000
vn -0.090631 0.042262 0.000000
vn -0.098481 0.017365 0.000000
vn -0.098481 0.017365 0.000000
vn -0.099619 -0.008716 0.000000
vn -0.099619 -0.008716 0.000000
vn -0.093969 -0.034202 0.000000
vn -0.093969 -0.034202 0.000000
vn -0.042262 -0.090631 -0.000000
vn -0.064279 -0.076604 0.000000
vn -0.081915 -0.057358 0.000000
vn -0.093969 -0.034202 0.000000
vn -0.099619 -0.008716 0.000000
vn -0.098481 0.017365 0.000000
vn -0.090631 0.042262 0.000000
vn -0.076604 0.064279 0.000000
vn -0.057358 0.081915 0.000000
vn -0.034202 0.093969 0.000000
vn -0.008716 0.099619 0.000000
vn 0.017365 0.098481 0.000000
vn 0.042262 0.090631 0.000000
vn 0.064279 0.076604 -0.000000
vn 0.081915 0.057358 -0.000000
vn 0.093969 0.034202 -0.000000
vn 0.099619 0.008716 -0.000000
vn 0.098481 -0.017365 -0.000000
vn 0.090631 -0.042262 -0.000000
vn 0.076604 -0.064279 -0.000000
vn 0.057358 -0.081915 -0.000000
vn 0.034202 -0.093969 -0.000000
vn 0.008716 -0.099619 -0.000000
vn -0.017365 -0.098481 -0.000000
vn -0.081915 -0.057358 0.000000
vn -0.081915 -0.057358 0.000000
vn -0.064279 -0.076604 0.000000
vn -0.064279 -0.076604 0.000000
vn -0.042262 -0.090631 -0.000000
vn -0.042262 -0.090631 -0.000000
vn -0.017365 -0.098481 -0.000000
vn -0.017365 -0.098481 -0.000000
vn 0.008716 -0.099619 -0.000000
vn 0.008716 -0.099619 -0.000000
vn 0.034202 -0.093969 -0.000000
vn 0.034202 -0.093969 -0.000000
vn 0.057358 -0.081915 -0.000000
vn 0.057358 -0.081915 -0.000000
vn 0.076604 -0.064279 -0.000000
vn 0.076604 -0.064279 -0.000000
vn 0.090631 -0.042262 -0.000000
vn 0.090631 -0.042262 -0.000000
vn 0.098481 -0.017365 -0.000000
vn 0.098481 -0.017365 -0.000000
vn 0.099619 0.008716 -0.000000
vn 0.099619 0.008716 -0.000000
vn 0.093969 0.034202 -0.000000
vn 0.093969 0.034202 -0.000000
vn 0.081915 0.057358 -0.000000
vn 0.081915 0.057358 -0.000000
vn 0.064279 0.076604 -0.000000
vn 0.064279 0.076604 -0.000000
vn 0.042262 0.090631 0.000000
vn 0.042262 0.090631 0.000000
vn 0.017365 0.098481 0.000000
vn 0.017365 0.098481 0.000000
vn -0.008716 0.099619 0.000000
vn -0.008716 0.099619 0.000000
vn -0.034202 0.093969 0.000000
vn -0.034202 0.093969 0.000000
vn -0.057358 0.081915 0.000000
vn -0.057358 0.081915 0.000000
vn -0.076604 0.064279 0.000000
vn -0.076604 0.064279 0.000000
vn -0.090631 0.042262 0.000000
vn -0.090631 0.042262 0.000000
vn -0.098481 0.017365 0.000000
vn -0.098481 0.017365 0.000000
vn -0.099619 -0.008716 0.000000
vn -0.099619 -0.008716 0.000000
vn -0.093969 -0.034202 0.000000
vn -0.093969 -0.034202 0.000000
vn -0.081915 -0.057358 0.000000
vn -0.081915 -0.057358 0.000000
vn -0.064279 -0.076604 0.000000
vn -0.064279 -0.076604 0.000000
vn -0.042262 -0.090631 -0.000000
vn -0.042262 -0.090631 -0.000000
vn -0.017365 -0.098481 -0.000000
vn -0.017365 -0.098481 -0.000000
vn 0.008716 -0.099619 -0.000000
vn 0.008716 -0.099619 -0.000000
vn 0.034202 -0.093969 -0.000000
vn 0.034202 -0.093969 -0.000000
vn 0.057358 -0.081915 -0.000000
vn 0.057358 -0.081915 -0.000000
vn 0.076604 -0.064279 -0.000000
vn 0.076604 -0.064279 -0.000000
vn 0.090631 -0.042262 -0.000000
vn 0.090631 -0.042262 -0.000000
vn 0.098481 -0.017365 -0.000000
vn 0.098481 -0.017365 -0.000000
vn 0.099619 0.008716 -0.000000
vn 0.099619 0.008716 -0.000000
vn 0.093969 0.034202 -0.000000
vn 0.093969 0.034202 -0.000000
vn 0.081915 0.057358 -0.000000
vn 0.081915 0.057358 -0.000000
vn 0.064279 0.076604 -0.000000
vn 0.064279 0.076604 -0.000000
vn 0.042262 0.090631 0.000000
vn 0.042262 0.090631 0.000000
vn 0.017365 0.098481 0.000000
vn 0.017365 0.098481 0.000000
vn -0.008716 0.099619 0.000000
vn -0.008716 0.099619 0.000000
vn -0.034202 0.093969 0.000000
vn -0.034202 0.093969 0.000000
vn -0.057358 0.081915 0.000000
vn -0.057358 0.081915 0.000000
vn -0.076604 0.064279 0.000000
vn -0.076604 0.064279 0.000000
vn -0.090631 0.042262 0.000000
vn -0.090631 0.042262 0.000000
vn -0.098481 0.017365 0.000000
vn -0.098481 0.017365 0.000000
vn -0.099619 -0.008716 0.000000
vn -0.099619 -0.008716 0.000000
vn -0.093969 -0.034202 0.000000
vn -0.093969 -0.034202 0.000000
vn -0.042262 -0.090631 -0.000000
vn -0.064279 -0.076604 0.000000
vn -0.081915 -0.057358 0.000000
vn -0.093969 -0.034202 0.000000
vn -0.099619 -0.008716 0.000000
vn -0.098481 0.017365 0.000000
vn -0.090631 0.042262 0.000000
vn -0.076604 0.064279 0.000000
vn -0.057358 0.081915 0.000000
vn -0.034202 0.093969 0.000000
vn -0.008716 0.099619 0.000000
vn 0.017365 0.098481 0.000000
vn 0.042262 0.090631 0.000000
vn 0.064279 0.076604 -0.000000
vn 0.081915 0.057358 -0.000000
vn 0.093969 0.034202 -0.000000
vn 0.099619 0.008716 -0.000000
vn 0.098481 -0.017365 -0.000000
vn 0.090631 -0.042262 -0.000000
vn 0.076604 -0.064279 -0.000000
vn 0.057358 -0.081915 -0.000000
vn 0.034202 -0.093969 -0.000000
vn 0.008716 -0.099619 -0.000000
vn -0.017365 -0.098481 -0.000000
vn 0.076727 0.064132 -0.000000
vn 0.081915 0.057358 -0.000000
vn 0.083723 0.054684 -0.000000
vn 0.088701 0.046175 -0.000000
vn 0.083723 0.054684 -0.000000
vn 0.090005 0.043579 -0.000000
vn 0.093969 0.034202 -0.000000
vn 0.094821 0.031765 -0.000000
vn 0.097630 0.021644 -0.000000
vn 0.098094 0.019433 -0.000000
vn 0.099619 0.008716 -0.000000
vn 0.099770 0.006785 -0.000000
vn 0.099905 -0.004362 -0.000000
vn 0.099821 -0.005974 -0.000000
vn 0.098481 -0.017365 -0.000000
vn 0.098248 -0.018635 -0.000000
vn 0.095372 -0.030071 -0.000000
vn 0.095076 -0.030993 -0.000000
vn 0.090631 -0.042262 -0.000000
vn 0.090356 -0.042846 -0.000000
vn 0.084339 -0.053730 -0.000000
vn 0.084165 -0.054002 -0.000000
vn 0.076604 -0.064279 -0.000000
vn 0.076604 -0.064279 -0.000000
vn 0.067797 -0.073509 -0.000000
vn 0.067559 -0.073728 -0.000000
vn 0.057885 -0.081543 -0.000000
vn 0.057358 -0.081915 -0.000000
vn 0.047032 -0.088250 -0.000000
vn 0.046175 -0.088701 -0.000000
vn 0.035412 -0.093520 -0.000000
vn 0.034202 -0.093969 -0.000000
vn 0.023217 -0.097268 -0.000000
vn 0.021644 -0.097630 -0.000000
vn 0.010643 -0.099432 -0.000000
vn 0.008716 -0.099619 -0.000000
vn -0.002104 -0.099978 -0.000000
vn -0.004362 -0.099905 -0.000000
vn -0.014816 -0.098896 -0.000000
vn -0.017365 -0.098481 -0.000000
vn -0.027288 -0.096205 -0.000000
vn -0.030071 -0.095372 -0.000000
vn -0.039315 -0.091947 -0.000000
vn -0.039315 -0.091947 -0.000000
vn -0.042262 -0.090631 -0.000000
vn -0.049834 -0.086698 -0.000000
vn -0.053730 -0.084339 -0.000000
vn -0.059665 -0.080250 -0.000000
vn -0.064279 -0.076604 0.000000
vn -0.068671 -0.072694 0.000000
vn -0.073728 -0.067559 0.000000
vn -0.076727 -0.064132 0.000000
vn -0.081915 -0.057358 0.000000
vn -0.083723 -0.054684 0.000000
vn -0.088701 -0.046175 0.000000
vn -0.083723 -0.054684 0.000000
vn -0.090005 -0.043579 0.000000
vn -0.093969 -0.034202 0.000000
vn -0.094821 -0.031765 0.000000
vn -0.097630 -0.021644 0.000000
vn -0.098094 -0.019433 0.000000
vn -0.099619 -0.008716 0.000000
vn -0.099770 -0.006785 0.000000
vn -0.099905 0.004362 0.000000
vn -0.099821 0.005974 0.000000
vn -0.098481 0.017365 0.000000
vn -0.098248 0.018635 0.000000
vn -0.095372 0.030071 0.000000
vn -0.095076 0.030993 0.000000
vn -0.090631 0.042262 0.000000
vn -0.090356 0.042846 0.000000
vn -0.084339 0.053730 0.000000
vn -0.084165 0.054002 0.000000
vn -0.076604 0.064279 0.000000
vn -0.076604 0.064279 0.000000
vn -0.067797 0.073509 0.000000
vn -0.067559 0.073728 0.000000
vn -0.057885 0.081543 0.000000
vn -0.057358 0.081915 0.000000
vn -0.047032 0.088250 0.000000
vn -0.046175 0.088701 0.000000
vn -0.035412 0.093520 0.000000
vn -0.034202 0.093969 0.000000
vn -0.023217 0.097268 0.000000
vn -0.021644 0.097630 0.000000
vn -0.010643 0.099432 0.000000
vn -0.008716 0.099619 0.000000
vn 0.002104 0.099978 0.000000
vn 0.004362 0.099905 0.000000
vn 0.014816 0.098896 0.000000
vn 0.017365 0.098481 0.000000
vn 0.027288 0.096205 0.000000
vn 0.030071 0.095372 0.000000
vn 0.039315 0.091947 0.000000
vn 0.039315 0.091947 0.000000
vn 0.042262 0.090631 0.000000
vn 0.049834 0.086698 0.000000
vn 0.053730 0.084339 0.000000
vn 0.059665 0.080250 0.000000
vn 0.064279 0.076604 -0.000000
vn 0.068671 0.072694 -0.000000
vn 0.073728 0.067559 -0.000000
vn -0.081915 -0.057358 0.000000
vn -0.081915 -0.057358 0.000000
vn -0.064279 -0.076604 0.000000
vn -0.064279 -0.076604 0.000000
vn -0.042262 -0.090631 -0.000000
vn -0.042262 -0.090631 -0.000000
vn -0.017365 -0.098481 -0.000000
vn -0.017365 -0.098481 -0.000000
vn 0.008716 -0.099619 -0.000000
vn 0.008716 -0.099619 -0.000000
vn 0.034202 -0.093969 -0.000000
vn 0.034202 -0.093969 -0.000000
vn 0.057358 -0.081915 -0.000000
vn 0.057358 -0.081915 -0.000000
vn 0.076604 -0.064279 -0.000000
vn 0.076604 -0.064279 -0.000000
vn 0.090631 -0.042262 -0.000000
vn 0.090631 -0.042262 -0.000000
vn 0.098481 -0.017365 -0.000000
vn 0.098481 -0.017365 -0.000000
vn 0.099619 0.008716 -0.000000
vn 0.099619 0.008716 -0.000000
vn 0.093969 0.034202 -0.000000
vn 0.093969 0.034202 -0.000000
vn 0.081915 0.057358 -0.000000
vn 0.081915 0.057358 -0.000000
vn 0.064279 0.076604 -0.000000
vn 0.064279 0.076604 -0.000000
vn 0.042262 0.090631 0.000000
vn 0.042262 0.090631 0.000000
vn 0.017365 0.098481 0.000000
vn 0.017365 0.098481 0.000000
vn -0.008716 0.099619 0.000000
vn -0.008716 0.099619 0.000000
vn -0.034202 0.093969 0.000000
vn -0.034202 0.093969 0.000000
vn -0.057358 0.081915 0.000000
vn -0.057358 0.081915 0.000000
vn -0.076604 0.064279 0.000000
vn -0.076604 0.064279 0.000000
vn -0.090631 0.042262 0.000000
vn -0.090631 0.042262 0.000000
vn -0.098481 0.017365 0.000000
vn -0.098481 0.017365 0.000000
vn -0.099619 -0.008716 0.000000
vn -0.099619 -0.008716 0.000000
vn -0.093969 -0.034202 0.000000
vn -0.093969 -0.034202 0.000000
vn -0.081915 -0.057358 0.000000
vn -0.081915 -0.057358 0.000000
vn -0.064279 -0.076604 0.000000
vn -0.064279 -0.076604 0.000000
vn -0.042262 -0.090631 -0.000000
vn -0.042262 -0.090631 -0.000000
vn -0.017365 -0.098481 -0.000000
vn -0.017365 -0.098481 -0.000000
vn 0.008716 -0.099619 -0.000000
vn 0.008716 -0.099619 -0.000000
vn 0.034202 -0.093969 -0.000000
vn 0.034202 -0.093969 -0.000000
vn 0.057358 -0.081915 -0.000000
vn 0.057358 -0.081915 -0.000000
vn 0.076604 -0.064279 -0.000000
vn 0.076604 -0.064279 -0.000000
vn 0.090631 -0.042262 -0.000000
vn 0.090631 -0.042262 -0.000000
vn 0.098481 -0.017365 -0.000000
vn 0.098481 -0.017365 -0.000000
vn 0.099619 0.008716 -0.000000
vn 0.099619 0.008716 -0.000000
vn 0.093969 0.034202 -0.000000
vn 0.093969 0.034202 -0.000000
vn 0.081915 0.057358 -0.000000
vn 0.081915 0.057358 -0.000000
vn 0.064279 0.076604 -0.000000
vn 0.064279 0.076604 -0.000000
vn 0.042262 0.090631 0.000000
vn 0.042262 0.090631 0.000000
vn 0.017365 0.098481 0.000000
vn 0.017365 0.098481 0.000000
vn -0.008716 0.099619 0.000000
vn -0.008716 0.099619 0.000000
vn -0.034202 0.093969 0.000000
vn -0.034202 0.093969 0.000000
vn -0.057358 0.081915 0.000000
vn -0.057358 0.081915 0.000000
vn -0.076604 0.064279 0.000000
vn -0.076604 0.064279 0.000000
vn -0.090631 0.042262 0.000000
vn -0.090631 0.042262 0.000000
vn -0.098481 0.017365 0.000000
vn -0.098481 0.017365 0.000000
vn -0.099619 -0.008716 0.000000
vn -0.099619 -0.008716 0.000000
vn -0.093969 -0.034202 0.000000
vn -0.093969 -0.034202 0.000000
vn -0.000000 0.000000 -0.100000
vn -0.000000 0.000000 -0.100000
vn -0.000000 0.000000 -0.100000
vn -0.000000 0.000000 -0.100000
vn -0.000000 0.000000 -0.100000
vn -0.000000 0.000000 -0.100000
vn -0.000000 0.000000 -0.100000
vn -0.000000 0.000000 -0.100000
vn -0.000000 0.000000 -0.100000
vn -0.000000 0.000000 -0.100000
vn -0.000000 0.000000 -0.100000
vn -0.000000 0.000000 -0.100000
vn -0.000000 0.000000 -0.100000
vn -0.000000 0.000000 -0.100000
vn -0.000000 0.000000 -0.100000
vn -0.000000 0.000000 -0.100000
vn -0.000000 0.000000 -0.100000
vn -0.000000 0.000000 -0.100000
vn -0.000000 0.000000 -0.100000
vn -0.000000 0.000000 -0.100000
vn -0.000000 0.000000 -0.100000
vn -0.000000 0.000000 -0.100000
vn -0.000000 0.000000 -0.100000
vn -0.000000 0.000000 -0.100000
vn -0.000000 0.000000 -0.100000
vn -0.000000 0.000000 -0.100000
vn -0.000000 0.000000 -0.100000
vn -0.000000 0.000000 -0.100000
vn -0.000000 0.000000 -0.100000
vn -0.000000 0.000000 -0.100000
vn -0.000000 0.000000 -0.100000
vn -0.000000 0.000000 -0.100000
vn -0.000000 0.000000 -0.100000
vn -0.000000 0.000000 -0.100000
vn -0.000000 0.000000 -0.100000
vn -0.000000 0.000000 -0.100000
vn -0.000000 0.000000 -0.100000
vn -0.000000 0.000000 -0.100000
vn -0.000000 0.000000 -0.100000
vn -0.000000 0.000000 -0.100000
vn -0.086137 -0.050797 0.000000
vn -0.086137 -0.050797 0.000000
vn -0.092259 -0.038578 0.000000
vn -0.092259 -0.038578 0.000000
vn -0.096657 -0.025639 0.000000
vn -0.096657 -0.025639 0.000000
vn -0.099251 -0.012220 0.000000
vn -0.099251 -0.012220 0.000000
vn -0.099990 0.001426 0.000000
vn -0.099990 0.001426 0.000000
vn -0.098862 0.015047 0.000000
vn -0.098862 0.015047 0.000000
vn -0.095887 0.028385 0.000000
vn -0.095887 0.028385 0.000000
vn -0.091121 0.041194 0.000000
vn -0.091121 0.041194 0.000000
vn -0.084653 0.053234 0.000000
vn -0.084653 0.053234 0.000000
vn -0.076604 0.064279 0.000000
vn -0.076604 0.064279 0.000000
vn -0.067125 0.074123 0.000000
vn -0.067125 0.074123 0.000000
vn -0.056391 0.082583 0.000000
vn -0.056391 0.082583 0.000000
vn -0.044605 0.089501 0.000000
vn -0.044605 0.089501 0.000000
vn -0.031985 0.094747 0.000000
vn -0.031985 0.094747 0.000000
vn -0.018768 0.098223 0.000000
vn -0.018768 0.098223 0.000000
vn -0.005200 0.099865 0.000000
vn -0.005200 0.099865 0.000000
vn 0.008465 0.099641 0.000000
vn 0.008465 0.099641 0.000000
vn 0.021971 0.097556 0.000000
vn 0.021971 0.097556 0.000000
vn 0.035068 0.093650 0.000000
vn 0.035068 0.093650 0.000000
vn -0.000000 0.000000 -0.100000
vn -0.000000 0.000000 -0.100000
vn -0.000000 0.000000 -0.100000
vn -0.000000 0.000000 -0.100000
vn -0.000000 0.000000 -0.100000
vn -0.000000 0.000000 -0.100000
vn -0.000000 0.000000 -0.100000
vn -0.000000 0.000000 -0.100000
vn -0.000000 0.000000 -0.100000
vn -0.000000 0.000000 -0.100000
vn -0.000000 0.000000 -0.100000
vn -0.000000 0.000000 -0.100000
vn -0.000000 0.000000 -0.100000
vn -0.000000 0.000000 -0.100000
vn -0.000000 0.000000 -0.100000
vn -0.000000 0.000000 -0.100000
vn -0.000000 0.000000 -0.100000
vn -0.000000 0.000000 -0.100000
vn -0.000000 0.000000 -0.100000
vn -0.000000 0.000000 -0.100000
vn -0.000000 0.000000 -0.100000
vn -0.000000 0.000000 -0.100000
vn -0.000000 0.000000 -0.100000
vn -0.000000 0.000000 -0.100000
vn -0.000000 0.000000 -0.100000
vn -0.000000 0.000000 -0.100000
vn -0.000000 0.000000 -0.100000
vn -0.000000 0.000000 -0.100000
vn -0.000000 0.000000 -0.100000
vn -0.000000 0.000000 -0.100000
vn -0.000000 0.000000 -0.100000
vn -0.000000 0.000000 -0.100000
vn -0.000000 0.000000 -0.100000
vn -0.000000 0.000000 -0.100000
vn -0.000000 0.000000 -0.100000
vn -0.000000 0.000000 -0.100000
vn -0.000000 0.000000 -0.100000
vn -0.000000 0.000000 -0.100000
vn -0.000000 0.000000 -0.100000
vn -0.000000 0.000000 -0.100000
vn -0.000000 0.000000 -0.100000
vn -0.000000 0.000000 -0.100000
vn -0.000000 0.000000 -0.100000
vn -0.000000 0.000000 -0.100000
vn -0.000000 0.000000 -0.100000
vn -0.000000 0.000000 -0.100000
vn -0.000000 0.000000 -0.100000
vn -0.000000 0.000000 -0.100000
vn -0.000000 0.000000 -0.100000
vn -0.000000 0.000000 -0.100000
vn -0.000000 0.000000 -0.100000
vn -0.000000 0.000000 -0.100000
vn -0.000000 0.000000 -0.100000
vn -0.000000 0.000000 -0.100000
vn -0.000000 0.000000 -0.100000
vn -0.000000 0.000000 -0.100000
vn -0.000000 0.000000 -0.100000
vn -0.000000 0.000000 -0.100000
vn -0.000000 0.000000 -0.100000
vn -0.000000 0.000000 -0.100000
vn -0.000000 0.000000 -0.100000
vn -0.000000 0.000000 -0.100000
vn -0.000000 0.000000 -0.100000
vn -0.000000 0.000000 -0.100000
vn -0.000000 0.000000 -0.100000
vn -0.000000 0.000000 -0.100000
vn -0.000000 0.000000 -0.100000
vn 0.000000 -0.000000 0.100000
vn 0.000000 -0.000000 0.100000
vn 0.000000 -0.000000 0.100000
vn 0.000000 -0.000000 0.100000
vn 0.000000 -0.000000 0.100000
vn 0.000000 -0.000000 0.100000
vn 0.000000 -0.000000 0.100000
vn 0.000000 -0.000000 0.100000
vn 0.000000 -0.000000 0.100000
vn 0.000000 -0.000000 0.100000
vn 0.000000 -0.000000 0.100000
vn 0.000000 -0.000000 0.100000
vn 0.000000 -0.000000 0.100000
vn 0.000000 -0.000000 0.100000
vn 0.000000 -0.000000 0.100000
vn 0.000000 -0.000000 0.100000
vn 0.000000 -0.000000 0.100000
vn 0.000000 -0.000000 0.100000
vn 0.000000 -0.000000 0.100000
vn 0.000000 -0.000000 0.100000
vn 0.000000 -0.000000 0.100000
vn 0.000000 -0.000000 0.100000
vn 0.000000 -0.000000 0.100000
vn 0.000000 -0.000000 0.100000
vn 0.000000 -0.000000 0.100000
vn 0.000000 -0.000000 0.100000
vn 0.000000 -0.000000 0.100000
vn 0.000000 -0.000000 0.100000
vn 0.000000 -0.000000 0.100000
vn 0.000000 -0.000000 0.100000
vn 0.000000 -0.000000 0.100000
vn 0.000000 -0.000000 0.100000
vn 0.000000 -0.000000 0.100000
vn 0.000000 -0.000000 0.100000
vn 0.000000 -0.000000 0.100000
vn 0.000000 -0.000000 0.100000
vn 0.000000 -0.000000 0.100000
vn 0.000000 -0.000000 0.100000
vn 0.000000 -0.000000 0.100000
vn 0.000000 -0.000000 0.100000
vn 0.000000 -0.000000 0.100000
vn 0.000000 -0.000000 0.100000
vn 0.000000 -0.000000 0.100000
vn 0.000000 -0.000000 0.100000
vn 0.000000 -0.000000 0.100000
vn 0.000000 -0.000000 0.100000
vn 0.000000 -0.000000 0.100000
vn 0.000000 -0.000000 0.100000
vn 0.000000 -0.000000 0.100000
vn 0.000000 -0.000000 0.100000
vn 0.000000 -0.000000 0.100000
vn 0.000000 -0.000000 0.100000
vn 0.000000 -0.000000 0.100000
vn 0.000000 -0.000000 0.100000
vn 0.000000 -0.000000 0.100000
vn 0.000000 -0.000000 0.100000
vn 0.000000 -0.000000 0.100000
vn 0.000000 -0.000000 0.100000
vn 0.000000 -0.000000 0.100000
vn 0.000000 -0.000000 0.100000
vn 0.000000 -0.000000 0.100000
vn 0.000000 -0.000000 0.100000
vn 0.000000 -0.000000 0.100000
vn 0.000000 -0.000000 0.100000
vn 0.000000 -0.000000 0.100000
vn 0.000000 -0.000000 0.100000
vn 0.000000 -0.000000 0.100000
vn 0.000000 -0.000000 0.100000
vn 0.000000 -0.000000 0.100000
vn 0.000000 -0.000000 0.100000
vn 0.000000 -0.000000 0.100000
vn 0.000000 -0.000000 0.100000
vn 0.000000 -0.000000 0.100000
vn 0.000000 -0.000000 0.100000
vn 0.000000 -0.000000 0.100000
vn 0.000000 -0.000000 0.100000
vn 0.000000 -0.000000 0.100000
vn 0.000000 -0.000000 0.100000
vn 0.000000 -0.000000 0.100000
vn 0.000000 -0.000000 0.100000
vn 0.000000 -0.000000 0.100000
vn 0.000000 -0.000000 0.100000
vn 0.000000 -0.000000 0.100000
vn 0.000000 -0.000000 0.100000
vn 0.000000 -0.000000 0.100000
vn 0.000000 -0.000000 0.100000
vn 0.000000 -0.000000 0.100000
vn 0.000000 -0.000000 0.100000
vn 0.000000 -0.000000 0.100000
vn 0.000000 -0.000000 0.100000
vn 0.000000 -0.000000 0.100000
vn 0.000000 -0.000000 0.100000
vn 0.000000 -0.000000 0.100000
vn 0.000000 -0.000000 0.100000
vn 0.000000 -0.000000 0.100000
vn 0.000000 -0.000000 0.100000
vn 0.000000 -0.000000 0.100000
vn 0.000000 -0.000000 0.100000
vn 0.000000 -0.000000 0.100000
vn 0.000000 -0.000000 0.100000
vn 0.000000 -0.000000 0.100000
vn 0.000000 -0.000000 0.100000
vn 0.000000 -0.000000 0.100000
vn 0.000000 -0.000000 0.100000
vn 0.000000 -0.000000 0.100000
vn 0.000000 -0.000000 0.100000
vn 0.000000 -0.000000 0.100000
vn 0.000000 -0.000000 0.100000
vn 0.000000 -0.000000 0.100000
vn 0.000000 -0.000000 0.100000
vn 0.000000 -0.000000 0.100000
vn 0.000000 -0.000000 0.100000
vn 0.000000 -0.000000 0.100000
vn 0.000000 -0.000000 0.100000
vn 0.000000 -0.000000 0.100000
vn 0.000000 -0.000000 0.100000
vn 0.000000 -0.000000 0.100000
vn 0.000000 -0.000000 0.100000
vn 0.000000 -0.000000 0.100000
vn 0.000000 -0.000000 0.100000
vn 0.000000 -0.000000 0.100000
vn 0.000000 -0.000000 0.100000
vn 0.000000 -0.000000 0.100000
vn 0.000000 -0.000000 0.100000
vn 0.000000 -0.000000 0.100000
vn 0.000000 -0.000000 0.100000
vn 0.000000 -0.000000 0.100000
vn 0.000000 -0.000000 0.100000
vn 0.000000 -0.000000 0.100000
vn 0.000000 -0.000000 0.100000
vn 0.000000 -0.000000 0.100000
vn 0.000000 -0.000000 0.100000
vn 0.000000 -0.000000 0.100000
vn 0.000000 -0.000000 0.100000
vn 0.000000 -0.000000 0.100000
vn 0.000000 -0.000000 0.100000
vn 0.000000 -0.000000 0.100000
vn 0.000000 -0.000000 0.100000
vn 0.000000 -0.000000 0.100000
vn 0.000000 -0.000000 0.100000
vn 0.000000 -0.000000 0.100000
vn 0.000000 -0.000000 0.100000
vn 0.000000 -0.000000 0.100000
vn 0.000000 -0.000000 0.100000
vn 0.000000 -0.000000 0.100000
vn 0.000000 -0.000000 0.100000
vn 0.000000 -0.000000 0.100000
vn 0.000000 -0.000000 0.100000
vn 0.000000 -0.000000 0.100000
vn 0.000000 -0.000000 0.100000
vn 0.000000 -0.000000 0.100000
vn 0.000000 -0.000000 0.100000
vn 0.000000 -0.000000 0.100000
vn 0.000000 -0.000000 0.100000
vn 0.000000 -0.000000 0.100000
vn 0.000000 -0.000000 0.100000
vn 0.000000 -0.000000 0.100000
vn 0.000000 -0.000000 0.100000
vn 0.000000 -0.000000 0.100000
vn 0.000000 -0.000000 0.100000
vn 0.000000 -0.000000 0.100000
vn 0.000000 -0.000000 0.100000
vn 0.000000 -0.000000 0.100000
vn 0.000000 -0.000000 0.100000
vn 0.000000 -0.000000 0.100000
vn 0.000000 -0.000000 0.100000
vn 0.000000 -0.000000 0.100000
vn 0.000000 -0.000000 0.100000
vn 0.000000 -0.000000 0.100000
vn 0.000000 -0.000000 0.100000
vn 0.000000 -0.000000 0.100000
vn 0.000000 -0.000000 0.100000
vn 0.000000 -0.000000 0.100000
vn 0.000000 -0.000000 0.100000
vn 0.000000 -0.000000 0.100000
vn 0.000000 -0.000000 0.100000
vn 0.000000 -0.000000 0.100000
vn 0.000000 -0.000000 0.100000
vn 0.000000 -0.000000 0.100000
vn 0.000000 -0.000000 0.100000
vn 0.000000 -0.000000 0.100000
vn 0.000000 -0.000000 0.100000
vn 0.000000 -0.000000 0.100000
vn 0.000000 -0.000000 0.100000
vn 0.000000 -0.000000 0.100000
vn 0.000000 -0.000000 0.100000
vn 0.000000 -0.000000 0.100000
vn 0.000000 -0.000000 0.100000
vn 0.000000 -0.000000 0.100000
vn 0.000000 -0.000000 0.100000
vn 0.000000 -0.000000 0.100000
vn 0.000000 -0.000000 0.100000
vn -0.000000 0.000000 -0.100000
vn -0.000000 0.000000 -0.100000
vn -0.000000 0.000000 -0.100000
vn -0.000000 0.000000 -0.100000
vn -0.000000 0.000000 -0.100000
vn -0.000000 0.000000 -0.100000
vn -0.000000 0.000000 -0.100000
vn -0.000000 0.000000 -0.100000
vn -0.000000 0.000000 -0.100000
vn -0.000000 0.000000 -0.100000
vn -0.000000 0.000000 -0.100000
vn -0.000000 0.000000 -0.100000
vn -0.000000 0.000000 -0.100000
vn -0.000000 0.000000 -0.100000
vn -0.000000 0.000000 -0.100000
vn -0.000000 0.000000 -0.100000
vn -0.000000 0.000000 -0.100000
vn -0.000000 0.000000 -0.100000
vn -0.000000 0.000000 -0.100000
vn -0.000000 0.000000 -0.100000
vn -0.000000 0.000000 -0.100000
vn -0.000000 0.000000 -0.100000
vn -0.000000 0.000000 -0.100000
vn -0.000000 0.000000 -0.100000
vn -0.000000 0.000000 -0.100000
vn -0.000000 0.000000 -0.100000
vn -0.000000 0.000000 -0.100000
vn -0.000000 0.000000 -0.100000
vn -0.000000 0.000000 -0.100000
vn -0.000000 0.000000 -0.100000
vn -0.000000 0.000000 -0.100000
vn -0.000000 0.000000 -0.100000
vn -0.000000 0.000000 -0.100000
vn -0.000000 0.000000 -0.100000
vn -0.000000 0.000000 -0.100000
vn -0.000000 0.000000 -0.100000
vn -0.000000 0.000000 -0.100000
vn -0.000000 0.000000 -0.100000
vn -0.000000 0.000000 -0.100000
vn -0.000000 0.000000 -0.100000
vn 0.086137 0.050797 -0.000000
vn 0.086137 0.050797 -0.000000
vn 0.092259 0.038578 -0.000000
vn 0.092259 0.038578 -0.000000
vn 0.096657 0.025639 -0.000000
vn 0.096657 0.025639 -0.000000
vn 0.099251 0.012220 -0.000000
vn 0.099251 0.012220 -0.000000
vn 0.099990 -0.001426 -0.000000
vn 0.099990 -0.001426 -0.000000
vn 0.098862 -0.015047 -0.000000
vn 0.098862 -0.015047 -0.000000
vn 0.095887 -0.028385 -0.000000
vn 0.095887 -0.028385 -0.000000
vn 0.091121 -0.041194 -0.000000
vn 0.091121 -0.041194 -0.000000
vn 0.084653 -0.053234 -0.000000
vn 0.084653 -0.053234 -0.000000
vn 0.076604 -0.064279 -0.000000
vn 0.076604 -0.064279 -0.000000
vn 0.067125 -0.074123 -0.000000
vn 0.067125 -0.074123 -0.000000
vn 0.056391 -0.082583 -0.000000
vn 0.056391 -0.082583 -0.000000
vn 0.044605 -0.089501 -0.000000
vn 0.044605 -0.089501 -0.000000
vn 0.031985 -0.094747 -0.000000
vn 0.031985 -0.094747 -0.000000
vn 0.018768 -0.098223 -0.000000
vn 0.018768 -0.098223 -0.000000
vn 0.005200 -0.099865 -0.000000
vn 0.005200 -0.099865 -0.000000
vn -0.008465 -0.099641 -0.000000
vn -0.008465 -0.099641 -0.000000
vn -0.021971 -0.097556 -0.000000
vn -0.021971 -0.097556 -0.000000
vn -0.035068 -0.093650 -0.000000
vn -0.035068 -0.093650 -0.000000
vn -0.000000 0.000000 -0.100000
vn -0.000000 0.000000 -0.100000
vn -0.000000 0.000000 -0.100000
vn -0.000000 0.000000 -0.100000
vn -0.000000 0.000000 -0.100000
vn -0.000000 0.000000 -0.100000
vn -0.000000 0.000000 -0.100000
vn -0.000000 0.000000 -0.100000
vn -0.000000 0.000000 -0.100000
vn -0.000000 0.000000 -0.100000
vn -0.000000 0.000000 -0.100000
vn -0.000000 0.000000 -0.100000
vn -0.000000 0.000000 -0.100000
vn -0.000000 0.000000 -0.100000
vn -0.000000 0.000000 -0.100000
vn -0.000000 0.000000 -0.100000
vn -0.000000 0.000000 -0.100000
vn -0.000000 0.000000 -0.100000
vn -0.000000 0.000000 -0.100000
vn -0.000000 0.000000 -0.100000
vn -0.000000 0.000000 -0.100000
vn -0.000000 0.000000 -0.100000
vn -0.000000 0.000000 -0.100000
vn -0.000000 0.000000 -0.100000
vn -0.000000 0.000000 -0.100000
vn -0.000000 0.000000 -0.100000
vn -0.000000 0.000000 -0.100000
vn -0.000000 0.000000 -0.100000
vn -0.000000 0.000000 -0.100000
vn -0.000000 0.000000 -0.100000
vn -0.000000 0.000000 -0.100000
vn -0.000000 0.000000 -0.100000
vn -0.000000 0.000000 -0.100000
vn -0.000000 0.000000 -0.100000
vn -0.000000 0.000000 -0.100000
vn -0.000000 0.000000 -0.100000
vn -0.000000 0.000000 -0.100000
vn -0.000000 0.000000 -0.100000
vn -0.000000 0.000000 -0.100000
vn -0.000000 0.000000 -0.100000
vn -0.000000 0.000000 -0.100000
vn -0.000000 0.000000 -0.100000
vn -0.000000 0.000000 -0.100000
vn -0.000000 0.000000 -0.100000
vn -0.000000 0.000000 -0.100000
vn -0.000000 0.000000 -0.100000
vn -0.000000 0.000000 -0.100000
vn -0.000000 0.000000 -0.100000
vn -0.000000 0.000000 -0.100000
vn -0.000000 0.000000 -0.100000
vn -0.000000 0.000000 -0.100000
vn -0.000000 0.000000 -0.100000
vn -0.000000 0.000000 -0.100000
vn -0.000000 0.000000 -0.100000
vn -0.000000 0.000000 -0.100000
vn -0.000000 0.000000 -0.100000
vn -0.000000 0.000000 -0.100000
vn -0.000000 0.000000 -0.100000
vn -0.000000 0.000000 -0.100000
vn -0.000000 0.000000 -0.100000
vn -0.000000 0.000000 -0.100000
vn -0.000000 0.000000 -0.100000
vn -0.000000 0.000000 -0.100000
vn -0.000000 0.000000 -0.100000
vn -0.000000 0.000000 -0.100000
vn -0.000000 0.000000 -0.100000
vn -0.000000 0.000000 -0.100000
vn -0.000000 0.000000 -0.100000
vn -0.000000 0.000000 -0.100000
vn -0.000000 0.000000 -0.100000
vn -0.000000 0.000000 -0.100000
vn -0.000000 0.000000 -0.100000
vn -0.000000 0.000000 -0.100000
vn -0.000000 0.000000 -0.100000
vn -0.000000 0.000000 -0.100000
vn -0.000000 0.000000 -0.100000
vn -0.000000 0.000000 -0.100000
vn -0.000000 0.000000 -0.100000
vn -0.000000 0.000000 -0.100000
vn -0.000000 0.000000 -0.100000
vn -0.000000 0.000000 -0.100000
vn -0.000000 0.000000 -0.100000
vn -0.000000 0.000000 -0.100000
vn -0.000000 0.000000 -0.100000
vn -0.000000 0.000000 -0.100000
vn -0.000000 0.000000 -0.100000
vn -0.000000 0.000000 -0.100000
vn -0.000000 0.000000 -0.100000
vn -0.000000 0.000000 -0.100000
vn -0.000000 0.000000 -0.100000
vn -0.000000 0.000000 -0.100000
vn -0.000000 0.000000 -0.100000
vn -0.000000 0.000000 -0.100000
vn -0.000000 0.000000 -0.100000
vn -0.000000 0.000000 -0.100000
vn -0.000000 0.000000 -0.100000
vn -0.000000 0.000000 -0.100000
vn -0.000000 0.000000 -0.100000
vn -0.000000 0.000000 -0.100000
vn -0.000000 0.000000 -0.100000
vn -0.000000 0.000000 -0.100000
vn -0.000000 0.000000 -0.100000
vn -0.000000 0.000000 -0.100000
vn -0.000000 0.000000 -0.100000
vn -0.000000 0.000000 -0.100000
vn -0.000000 0.000000 -0.100000
vn -0.000000 0.000000 -0.100000
vn -0.000000 0.000000 -0.100000
vn -0.000000 0.000000 -0.100000
vn -0.000000 0.000000 -0.100000
vn -0.000000 0.000000 -0.100000
vn -0.000000 0.000000 -0.100000
vn -0.000000 0.000000 -0.100000
vn -0.000000 0.000000 -0.100000
vn -0.000000 0.000000 -0.100000
vn -0.000000 0.000000 -0.100000
vn -0.000000 0.000000 -0.100000
vn -0.000000 0.000000 -0.100000
vn -0.000000 0.000000 -0.100000
vn -0.000000 0.000000 -0.100000
vn -0.000000 0.000000 -0.100000
vn -0.000000 0.000000 -0.100000
vn -0.000000 0.000000 -0.100000
vn -0.000000 0.000000 -0.100000
vn -0.000000 0.000000 -0.100000
vn -0.000000 0.000000 -0.100000
vn -0.000000 0.000000 -0.100000
vn -0.076604 0.064279 0.000000
vn -0.076604 0.064279 0.000000
vn -0.076604 0.064279 0.000000
vn -0.076604 0.064279 0.000000
vn -0.076604 0.064279 0.000000
vn -0.076604 0.064279 0.000000
vn -0.076604 0.064279 0.000000
vn -0.076604 0.064279 0.000000
vn -0.076604 0.064279 0.000000
vn -0.076604 0.064279 0.000000
vn -0.076604 0.064279 0.000000
vn -0.076604 0.064279 0.000000
vn -0.076604 0.064279 0.000000
vn -0.076604 0.064279 0.000000
vn -0.076604 0.064279 0.000000
vn -0.076604 0.064279 0.000000
vn 0.076604 -0.064279 -0.000000
vn 0.076604 -0.064279 -0.000000
vn 0.076604 -0.064279 -0.000000
vn 0.076604 -0.064279 -0.000000
vn 0.076604 -0.064279 -0.000000
vn 0.076604 -0.064279 -0.000000
vn 0.076604 -0.064279 -0.000000
vn 0.076604 -0.064279 -0.000000
vn 0.076604 -0.064279 -0.000000
vn 0.076604 -0.064279 -0.000000
vn 0.076604 -0.064279 -0.000000
vn 0.076604 -0.064279 -0.000000
vn 0.076604 -0.064279 -0.000000
vn 0.076604 -0.064279 -0.000000
vn 0.076604 -0.064279 -0.000000
vn 0.076604 -0.064279 -0.000000
vn 0.000000 -0.000000 0.100000
vn 0.000000 -0.000000 0.100000
vn 0.000000 -0.000000 0.100000
vn 0.000000 -0.000000 0.100000
vn 0.000000 -0.000000 0.100000
vn 0.000000 -0.000000 0.100000
vn 0.000000 -0.000000 0.100000
vn 0.000000 -0.000000 0.100000
vn 0.000000 -0.000000 0.100000
vn 0.000000 -0.000000 0.100000
vn 0.000000 -0.000000 0.100000
vn 0.000000 -0.000000 0.100000
vn 0.000000 -0.000000 0.100000
vn 0.000000 -0.000000 0.100000
vn 0.000000 -0.000000 0.100000
vn 0.000000 -0.000000 0.100000
vn 0.000000 -0.000000 0.100000
vn 0.000000 -0.000000 0.100000
vn 0.000000 -0.000000 0.100000
vn 0.000000 -0.000000 0.100000
vn 0.000000 -0.000000 0.100000
vn 0.000000 -0.000000 0.100000
vn 0.000000 -0.000000 0.100000
vn 0.000000 -0.000000 0.100000
vn 0.000000 -0.000000 0.100000
vn 0.000000 -0.000000 0.100000
vn 0.000000 -0.000000 0.100000
vn 0.000000 -0.000000 0.100000
vn 0.000000 -0.000000 0.100000
vn 0.000000 -0.000000 0.100000
vn 0.000000 -0.000000 0.100000
vn 0.000000 -0.000000 0.100000
vn 0.000000 -0.000000 0.100000
vn 0.000000 -0.000000 0.100000
vn 0.000000 -0.000000 0.100000
vn 0.000000 -0.000000 0.100000
vn 0.000000 -0.000000 0.100000
vn 0.000000 -0.000000 0.100000
vn 0.000000 -0.000000 0.100000
vn 0.000000 -0.000000 0.100000
vn 0.000000 -0.000000 0.100000
vn 0.000000 -0.000000 0.100000
vn 0.000000 -0.000000 0.100000
vn 0.000000 -0.000000 0.100000
vn 0.000000 -0.000000 0.100000
vn 0.000000 -0.000000 0.100000
vn 0.000000 -0.000000 0.100000
vn 0.000000 -0.000000 0.100000
vn 0.000000 -0.000000 0.100000
vn 0.000000 -0.000000 0.100000
vn 0.000000 -0.000000 0.100000
vn 0.000000 -0.000000 0.100000
vn 0.000000 -0.000000 0.100000
vn 0.000000 -0.000000 0.100000
vn 0.000000 -0.000000 0.100000
vn 0.000000 -0.000000 0.100000
vn 0.000000 -0.000000 0.100000
vn 0.000000 -0.000000 0.100000
vn 0.000000 -0.000000 0.100000
vn 0.000000 -0.000000 0.100000
vn 0.000000 -0.000000 0.100000
vn 0.000000 -0.000000 0.100000
vn 0.000000 -0.000000 0.100000
vn 0.000000 -0.000000 0.100000
vn 0.000000 -0.000000 0.100000
vn 0.000000 -0.000000 0.100000
vn 0.000000 -0.000000 0.100000
vn 0.000000 -0.000000 0.100000
vn 0.000000 -0.000000 0.100000
vn 0.000000 -0.000000 0.100000
vn 0.000000 -0.000000 0.100000
vn 0.000000 -0.000000 0.100000
vn 0.000000 -0.000000 0.100000
vn 0.000000 -0.000000 0.100000
vn 0.000000 -0.000000 0.100000
vn 0.000000 -0.000000 0.100000
vn 0.000000 -0.000000 0.100000
vn 0.000000 -0.000000 0.100000
vn 0.000000 -0.000000 0.100000
vn 0.000000 -0.000000 0.100000
vn 0.000000 -0.000000 0.100000
vn 0.000000 -0.000000 0.100000
vn 0.000000 -0.000000 0.100000
vn 0.000000 -0.000000 0.100000
vn 0.000000 -0.000000 0.100000
vn 0.000000 -0.000000 0.100000
vn 0.000000 -0.000000 0.100000
vn 0.000000 -0.000000 0.100000
vn 0.000000 -0.000000 0.100000
vn 0.000000 -0.000000 0.100000
vn 0.000000 -0.000000 0.100000
vn 0.000000 -0.000000 0.100000
vn 0.000000 -0.000000 0.100000
vn 0.000000 -0.000000 0.100000
vn 0.000000 -0.000000 0.100000
vn 0.000000 -0.000000 0.100000
vn 0.025549 0.065934 -0.070711
vn 0.025304 0.066028 -0.070711
vn 0.016233 0.068822 -0.070711
vn 0.025053 0.066124 -0.070711
vn 0.024797 0.066220 -0.070711
vn 0.015536 0.068983 -0.070711
vn 0.006609 0.070401 -0.070711
vn 0.005985 0.070457 -0.070711
vn -0.003141 0.070641 -0.070711
vn -0.003677 0.070615 -0.070711
vn -0.012831 0.069537 -0.070711
vn -0.013271 0.069454 -0.070711
vn -0.022278 0.067110 -0.070711
vn -0.022617 0.066996 -0.070711
vn -0.031300 0.063406 -0.070711
vn -0.031540 0.063287 -0.070711
vn -0.039727 0.058496 -0.070711
vn -0.039875 0.058395 -0.070711
vn -0.047398 0.052473 -0.070711
vn -0.047464 0.052413 -0.070711
vn -0.054168 0.045452 -0.070711
vn -0.054168 0.045452 -0.070711
vn -0.059859 0.037642 -0.070711
vn -0.059906 0.037566 -0.070711
vn -0.064432 0.029129 -0.070711
vn -0.064506 0.028966 -0.070711
vn -0.067802 0.020072 -0.070711
vn -0.067878 0.019814 -0.070711
vn -0.069906 0.010639 -0.070711
vn -0.069959 0.010286 -0.070711
vn -0.070703 0.001009 -0.070711
vn -0.070708 0.000562 -0.070711
vn -0.070181 -0.008641 -0.070711
vn -0.070113 -0.009173 -0.070711
vn -0.068347 -0.018129 -0.070711
vn -0.068184 -0.018734 -0.070711
vn -0.065237 -0.027279 -0.070711
vn -0.064958 -0.027937 -0.070711
vn -0.060908 -0.035919 -0.070711
vn -0.060496 -0.036610 -0.070711
vn -0.060769 -0.036155 -0.070711
vn -0.060631 -0.036385 -0.070711
vn -0.025549 -0.065934 -0.070711
vn -0.025304 -0.066028 -0.070711
vn -0.016233 -0.068822 -0.070711
vn -0.025053 -0.066124 -0.070711
vn -0.024797 -0.066220 -0.070711
vn -0.015536 -0.068983 -0.070711
vn -0.006609 -0.070401 -0.070711
vn -0.005985 -0.070457 -0.070711
vn 0.003141 -0.070641 -0.070711
vn 0.003677 -0.070615 -0.070711
vn 0.012831 -0.069537 -0.070711
vn 0.013271 -0.069454 -0.070711
vn 0.022278 -0.067110 -0.070711
vn 0.022617 -0.066996 -0.070711
vn 0.031300 -0.063406 -0.070711
vn 0.031540 -0.063287 -0.070711
vn 0.039727 -0.058496 -0.070711
vn 0.039875 -0.058395 -0.070711
vn 0.047398 -0.052473 -0.070711
vn 0.047464 -0.052413 -0.070711
vn 0.054168 -0.045452 -0.070711
vn 0.054168 -0.045452 -0.070711
vn 0.059859 -0.037642 -0.070711
vn 0.059906 -0.037566 -0.070711
vn 0.064432 -0.029129 -0.070711
vn 0.064506 -0.028966 -0.070711
vn 0.067802 -0.020072 -0.070711
vn 0.067878 -0.019814 -0.070711
vn 0.069906 -0.010639 -0.070711
vn 0.069959 -0.010286 -0.070711
vn 0.070703 -0.001009 -0.070711
vn 0.070708 -0.000562 -0.070711
vn 0.070181 0.008641 -0.070711
vn 0.070113 0.009173 -0.070711
vn 0.068347 0.018129 -0.070711
vn 0.068184 0.018734 -0.070711
vn 0.065237 0.027279 -0.070711
vn 0.064958 0.027937 -0.070711
vn 0.060908 0.035919 -0.070711
vn 0.060496 0.036610 -0.070711
vn 0.060769 0.036155 -0.070711
vn 0.060631 0.036385 -0.070711
vn -0.027800 -0.065017 -0.070711
vn -0.027627 -0.065090 -0.070711
vn -0.019295 -0.068027 -0.070711
vn -0.019133 -0.068073 -0.070711
vn -0.010477 -0.069930 -0.070711
vn -0.010328 -0.069952 -0.070711
vn -0.001488 -0.070695 -0.070711
vn -0.001356 -0.070698 -0.070711
vn 0.007526 -0.070309 -0.070711
vn 0.007638 -0.070297 -0.070711
vn 0.016417 -0.068779 -0.070711
vn 0.016508 -0.068757 -0.070711
vn 0.025040 -0.066129 -0.070711
vn 0.025111 -0.066102 -0.070711
vn 0.033256 -0.062402 -0.070711
vn 0.033306 -0.062376 -0.070711
vn 0.040931 -0.057660 -0.070711
vn 0.040962 -0.057638 -0.070711
vn 0.047939 -0.051979 -0.070711
vn 0.047953 -0.051966 -0.070711
vn 0.054168 -0.045452 -0.070711
vn 0.054168 -0.045452 -0.070711
vn 0.059504 -0.038201 -0.070711
vn 0.059514 -0.038185 -0.070711
vn 0.063875 -0.030331 -0.070711
vn 0.063891 -0.030297 -0.070711
vn 0.067211 -0.021969 -0.070711
vn 0.067229 -0.021915 -0.070711
vn 0.069458 -0.013251 -0.070711
vn 0.069472 -0.013177 -0.070711
vn 0.070579 -0.004318 -0.070711
vn 0.070584 -0.004224 -0.070711
vn 0.070555 0.004685 -0.070711
vn 0.070548 0.004798 -0.070711
vn 0.069388 0.013612 -0.070711
vn 0.069363 0.013741 -0.070711
vn 0.067096 0.022318 -0.070711
vn 0.067049 0.022461 -0.070711
vn 0.063717 0.030663 -0.070711
vn 0.063643 0.030815 -0.070711
vn 0.059304 0.038510 -0.070711
vn 0.059201 0.038668 -0.070711
vn 0.027800 0.065017 -0.070711
vn 0.027627 0.065090 -0.070711
vn 0.019295 0.068027 -0.070711
vn 0.019133 0.068073 -0.070711
vn 0.010477 0.069930 -0.070711
vn 0.010328 0.069952 -0.070711
vn 0.001488 0.070695 -0.070711
vn 0.001356 0.070698 -0.070711
vn -0.007526 0.070309 -0.070711
vn -0.007638 0.070297 -0.070711
vn -0.016417 0.068779 -0.070711
vn -0.016508 0.068757 -0.070711
vn -0.025040 0.066129 -0.070711
vn -0.025111 0.066102 -0.070711
vn -0.033256 0.062402 -0.070711
vn -0.033306 0.062376 -0.070711
vn -0.040931 0.057660 -0.070711
vn -0.040962 0.057638 -0.070711
vn -0.047939 0.051979 -0.070711
vn -0.047953 0.051966 -0.070711
vn -0.054168 0.045452 -0.070711
vn -0.054168 0.045452 -0.070711
vn -0.059504 0.038201 -0.070711
vn -0.059514 0.038185 -0.070711
vn -0.063875 0.030331 -0.070711
vn -0.063891 0.030297 -0.070711
vn -0.067211 0.021969 -0.070711
vn -0.067229 0.021915 -0.070711
vn -0.069458 0.013251 -0.070711
vn -0.069472 0.013177 -0.070711
vn -0.070579 0.004318 -0.070711
vn -0.070584 0.004224 -0.070711
vn -0.070555 -0.004685 -0.070711
vn -0.070548 -0.004798 -0.070711
vn -0.069388 -0.013612 -0.070711
vn -0.069363 -0.013741 -0.070711
vn -0.067096 -0.022318 -0.070711
vn -0.067049 -0.022461 -0.070711
vn -0.063717 -0.030663 -0.070711
vn -0.063643 -0.030815 -0.070711
vn -0.059304 -0.038510 -0.070711
vn -0.059201 -0.038668 -0.070711
vn -0.000000 0.000000 -0.100000
vn -0.000000 0.000000 -0.100000
vn -0.000000 0.000000 -0.100000
vn -0.000000 0.000000 -0.100000
vn -0.000000 0.000000 -0.100000
vn -0.000000 0.000000 -0.100000
vn -0.000000 0.000000 -0.100000
vn -0.000000 0.000000 -0.100000
vn -0.000000 0.000000 -0.100000
vn -0.000000 0.000000 -0.100000
vn -0.000000 0.000000 -0.100000
vn -0.000000 0.000000 -0.100000
vn -0.000000 0.000000 -0.100000
vn -0.000000 0.000000 -0.100000
vn -0.000000 0.000000 -0.100000
vn -0.000000 0.000000 -0.100000
vn -0.000000 0.000000 -0.100000
vn -0.000000 0.000000 -0.100000
vn -0.000000 0.000000 -0.100000
vn -0.000000 0.000000 -0.100000
vn -0.000000 0.000000 -0.100000
vn -0.000000 0.000000 -0.100000
vn -0.000000 0.000000 -0.100000
vn -0.000000 0.000000 -0.100000
vn -0.000000 0.000000 -0.100000
vn -0.000000 0.000000 -0.100000
vn -0.000000 0.000000 -0.100000
vn -0.000000 0.000000 -0.100000
vn -0.000000 0.000000 -0.100000
vn -0.000000 0.000000 -0.100000
vn -0.000000 0.000000 -0.100000
vn -0.000000 0.000000 -0.100000
vn -0.000000 0.000000 -0.100000
vn -0.000000 0.000000 -0.100000
vn -0.000000 0.000000 -0.100000
vn -0.000000 0.000000 -0.100000
vn -0.000000 0.000000 -0.100000
vn -0.000000 0.000000 -0.100000
vn -0.000000 0.000000 -0.100000
vn -0.000000 0.000000 -0.100000
vn -0.000000 0.000000 -0.100000
vn -0.000000 0.000000 -0.100000
vn -0.000000 0.000000 -0.100000
vn -0.000000 0.000000 -0.100000
vn -0.000000 0.000000 -0.100000
vn -0.000000 0.000000 -0.100000
vn -0.000000 0.000000 -0.100000
vn -0.000000 0.000000 -0.100000
vn -0.000000 0.000000 -0.100000
vn -0.000000 0.000000 -0.100000
vn -0.000000 0.000000 -0.100000
vn -0.000000 0.000000 -0.100000
vn -0.000000 0.000000 -0.100000
vn -0.000000 0.000000 -0.100000
vn -0.000000 0.000000 -0.100000
vn -0.000000 0.000000 -0.100000
vn -0.000000 0.000000 -0.100000
vn -0.000000 0.000000 -0.100000
vn -0.000000 0.000000 -0.100000
vn -0.000000 0.000000 -0.100000
vn -0.000000 0.000000 -0.100000
vn -0.000000 0.000000 -0.100000
vn -0.000000 0.000000 -0.100000
vn -0.000000 0.000000 -0.100000
vn -0.000000 0.000000 -0.100000
vn -0.000000 0.000000 -0.100000
vn -0.000000 0.000000 -0.100000
vn -0.000000 0.000000 -0.100000
vn -0.000000 0.000000 -0.100000
vn -0.000000 0.000000 -0.100000
vn -0.000000 0.000000 -0.100000
vn -0.000000 0.000000 -0.100000
vn -0.000000 0.000000 -0.100000
vn -0.000000 0.000000 -0.100000
vn -0.000000 0.000000 -0.100000
vn -0.000000 0.000000 -0.100000
vn -0.000000 0.000000 -0.100000
vn -0.000000 0.000000 -0.100000
vn -0.000000 0.000000 -0.100000
vn -0.000000 0.000000 -0.100000
vn -0.000000 0.000000 -0.100000
vn -0.000000 0.000000 -0.100000
vn -0.000000 0.000000 -0.100000
vn -0.000000 0.000000 -0.100000
vn -0.000000 0.000000 -0.100000
vn -0.000000 0.000000 -0.100000
vn -0.000000 0.000000 -0.100000
vn -0.000000 0.000000 -0.100000
vn -0.000000 0.000000 -0.100000
vn -0.000000 0.000000 -0.100000
vn -0.000000 0.000000 -0.100000
vn -0.000000 0.000000 -0.100000
vn -0.000000 0.000000 -0.100000
vn -0.000000 0.000000 -0.100000
vn -0.000000 0.000000 -0.100000
vn -0.000000 0.000000 -0.100000
usemtl Opaque(135,140,140)
f 2/1/1 48/2/2 1/3/3
f 1/3/3 48/2/2 25/4/4
f 1/3/3 25/4/4 24/5/5
f 24/5/5 25/4/4 26/6/6
f 24/5/5 26/6/6 23/7/7
f 23/7/7 26/6/6 27/8/8
f 23/7/7 27/8/8 22/9/9
f 22/9/9 27/8/8 28/10/10
f 22/9/9 28/10/10 21/11/11
f 21/11/11 28/10/10 29/12/12
f 21/11/11 29/12/12 20/13/13
f 20/13/13 29/12/12 30/14/14
f 20/13/13 30/14/14 19/15/15
f 19/15/15 30/14/14 31/16/16
f 19/15/15 31/16/16 18/17/17
f 18/17/17 31/16/16 32/18/18
f 18/17/17 32/18/18 17/19/19
f 17/19/19 32/18/18 33/20/20
f 17/19/19 33/20/20 16/21/21
f 16/21/21 33/20/20 34/22/22
f 16/21/21 34/22/22 15/23/23
f 15/23/23 34/22/22 35/24/24
f 15/23/23 35/24/24 14/25/25
f 14/25/25 35/24/24 36/26/26
f 14/25/25 36/26/26 13/27/27
f 13/27/27 36/26/26 37/28/28
f 13/29/27 37/30/28 12/31/29
f 12/31/29 37/30/28 38/32/30
f 12/31/29 38/32/30 11/33/31
f 11/33/31 38/32/30 39/34/32
f 11/33/31 39/34/32 10/35/33
f 10/35/33 39/34/32 40/36/34
f 10/35/33 40/36/34 9/37/35
f 9/37/35 40/36/34 41/38/36
f 9/37/35 41/38/36 8/39/37
f 8/39/37 41/38/36 42/40/38
f 8/39/37 42/40/38 7/41/39
f 7/41/39 42/40/38 43/42/40
f 7/41/39 43/42/40 6/43/41
f 6/43/41 43/42/40 44/44/42
f 6/43/41 44/44/42 5/45/43
f 5/45/43 44/44/42 45/46/44
f 5/45/43 45/46/44 4/47/45
f 4/47/45 45/46/44 46/48/46
f 4/47/45 46/48/46 3/49/47
f 3/49/47 46/48/46 47/50/48
f 3/49/47 47/50/48 2/1/1
f 2/1/1 47/50/48 48/2/2
f 50/51/49 96/52/50 49/53/51
f 49/53/51 96/52/50 73/54/52
f 49/53/51 73/54/52 72/55/53
f 72/55/53 73/54/52 74/56/54
f 72/55/53 74/56/54 71/57/55
f 71/57/55 74/56/54 75/58/56
f 71/57/55 75/58/56 70/59/57
f 70/59/57 75/58/56 76/60/58
f 70/59/57 76/60/58 69/61/59
f 69/61/59 76/60/58 77/62/60
f 69/61/59 77/62/60 68/63/61
f 68/63/61 77/62/60 78/64/62
f 68/63/61 78/64/62 67/65/63
f 67/65/63 78/64/62 79/66/64
f 67/65/63 79/66/64 66/67/65
f 66/67/65 79/66/64 80/68/66
f 66/67/65 80/68/66 65/69/67
f 65/69/67 80/68/66 81/70/68
f 65/69/67 81/70/68 64/71/69
f 64/71/69 81/70/68 82/72/70
f 64/71/69 82/72/70 63/73/71
f 63/73/71 82/72/70 83/74/72
f 63/73/71 83/74/72 62/75/73
f 62/75/73 83/74/72 84/76/74
f 62/75/73 84/76/74 61/77/75
f 61/77/75 84/76/74 85/78/76
f 61/79/75 85/80/76 60/81/77
f 60/81/77 85/80/76 86/82/78
f 60/81/77 86/82/78 59/83/79
f 59/83/79 86/82/78 87/84/80
f 59/83/79 87/84/80 58/85/81
f 58/85/81 87/84/80 88/86/82
f 58/85/81 88/86/82 57/87/83
f 57/87/83 88/86/82 89/88/84
f 57/87/83 89/88/84 56/89/85
f 56/89/85 89/88/84 90/90/86
f 56/89/85 90/90/86 55/91/87
f 55/91/87 90/90/86 91/92/88
f 55/91/87 91/92/88 54/93/89
f 54/93/89 91/92/88 92/94/90
f 54/93/89 92/94/90 53/95/91
f 53/95/91 92/94/90 93/96/92
f 53/95/91 93/96/92 52/97/93
f 52/97/93 93/96/92 94/98/94
f 52/97/93 94/98/94 51/99/95
f 51/99/95 94/98/94 95/100/96
f 51/99/95 95/100/96 50/51/49
f 50/51/49 95/100/96 96/52/50
usemtl Opaque(255,192,255)
f 98/101/97 147/102/98 97/103/99
f 97/103/99 147/102/98 150/104/100
f 97/103/99 150/104/100 120/105/101
f 120/105/101 150/104/100 191/106/102
f 120/105/101 191/106/102 119/107/103
f 119/107/103 191/106/102 189/108/104
f 119/107/103 189/108/104 118/109/105
f 118/109/105 189/108/104 187/110/106
f 118/109/105 187/110/106 117/111/107
f 117/111/107 187/110/106 185/112/108
f 117/111/107 185/112/108 116/113/109
f 116/113/109 185/112/108 183/114/110
f 116/113/109 183/114/110 115/115/111
f 115/115/111 183/114/110 181/116/112
f 115/115/111 181/116/112 114/117/113
f 114/117/113 181/116/112 179/118/114
f 114/117/113 179/118/114 113/119/115
f 113/119/115 179/118/114 177/120/116
f 113/119/115 177/120/116 112/121/117
f 112/121/117 177/120/116 175/122/118
f 112/121/117 175/122/118 111/123/119
f 111/123/119 175/122/118 173/124/120
f 111/123/119 173/124/120 110/125/121
f 110/125/121 173/124/120 171/126/122
f 110/125/121 171/126/122 109/127/123
f 109/127/123 171/126/122 145/128/124
f 109/129/123 145/130/124 108/131/125
f 108/131/125 145/130/124 169/132/126
f 108/131/125 169/132/126 107/133/127
f 107/133/127 169/132/126 167/134/128
f 107/133/127 167/134/128 106/135/129
f 106/135/129 167/134/128 165/136/130
f 106/135/129 165/136/130 105/137/131
f 105/137/131 165/136/130 163/138/132
f 105/137/131 163/138/132 104/139/133
f 104/139/133 163/138/132 161/140/134
f 104/139/133 161/140/134 103/141/135
f 103/141/135 161/140/134 159/142/136
f 103/141/135 159/142/136 102/143/137
f 102/143/137 159/142/136 157/144/138
f 102/143/137 157/144/138 101/145/139
f 101/145/139 157/144/138 155/146/140
f 101/145/139 155/146/140 100/147/141
f 100/147/141 155/146/140 153/148/142
f 100/147/141 153/148/142 99/149/143
f 99/149/143 153/148/142 151/150/144
f 99/149/143 151/150/144 98/101/97
f 98/101/97 151/150/144 147/102/98
f 122/151/145 192/152/146 121/153/147
f 121/153/147 192/152/146 149/154/148
f 121/153/147 149/154/148 144/155/149
f 144/155/149 149/154/148 148/156/150
f 144/155/149 148/156/150 143/157/151
f 143/157/151 148/156/150 152/158/152
f 143/157/151 152/158/152 142/159/153
f 142/159/153 152/158/152 154/160/154
f 142/159/153 154/160/154 141/161/155
f 141/161/155 154/160/154 156/162/156
f 141/161/155 156/162/156 140/163/157
f 140/163/157 156/162/156 158/164/158
f 140/163/157 158/164/158 139/165/159
f 139/165/159 158/164/158 160/166/160
f 139/165/159 160/166/160 138/167/161
f 138/167/161 160/166/160 162/168/162
f 138/167/161 162/168/162 137/169/163
f 137/169/163 162/168/162 164/170/164
f 137/169/163 164/170/164 136/171/165
f 136/171/165 164/170/164 166/172/166
f 136/171/165 166/172/166 135/173/167
f 135/173/167 166/172/166 168/174/168
f 135/173/167 168/174/168 134/175/169
f 134/175/169 168/174/168 170/176/170
f 134/175/169 170/176/170 133/177/171
f 133/177/171 170/176/170 146/178/172
f 133/179/171 146/180/172 132/181/173
f 132/181/173 146/180/172 172/182/174
f 132/181/173 172/182/174 131/183/175
f 131/183/175 172/182/174 174/184/176
f 131/183/175 174/184/176 130/185/177
f 130/185/177 174/184/176 176/186/178
f 130/185/177 176/186/178 129/187/179
f 129/187/179 176/186/178 178/188/180
f 129/187/179 178/188/180 128/189/181
f 128/189/181 178/188/180 180/190/182
f 128/189/181 180/190/182 127/191/183
f 127/191/183 180/190/182 182/192/184
f 127/191/183 182/192/184 126/193/185
f 126/193/185 182/192/184 184/194/186
f 126/193/185 184/194/186 125/195/187
f 125/195/187 184/194/186 186/196/188
f 125/195/187 186/196/188 124/197/189
f 124/197/189 186/196/188 188/198/190
f 124/197/189 188/198/190 123/199/191
f 123/199/191 188/198/190 190/200/192
f 123/199/191 190/200/192 122/151/145
f 122/151/145 190/200/192 192/152/146
f 145/130/124 146/178/172 169/132/126
f 169/132/126 146/178/172 170/176/170
f 169/132/126 170/176/170 167/134/128
f 167/134/128 170/176/170 168/174/168
f 167/134/128 168/174/168 165/136/130
f 165/136/130 168/174/168 166/172/166
f 165/136/130 166/172/166 163/138/132
f 163/138/132 166/172/166 164/170/164
f 163/138/132 164/170/164 161/140/134
f 161/140/134 164/170/164 162/168/162
f 161/140/134 162/168/162 159/142/136
f 159/142/136 162/168/162 160/166/160
f 159/142/136 160/166/160 157/144/138
f 157/144/138 160/166/160 158/164/158
f 157/144/138 158/164/158 155/146/140
f 155/146/140 158/164/158 156/162/156
f 155/146/140 156/162/156 153/148/142
f 153/148/142 156/162/156 154/160/154
f 153/148/142 154/160/154 151/150/144
f 151/150/144 154/160/154 152/158/152
f 151/150/144 152/158/152 147/102/98
f 147/102/98 152/158/152 148/156/150
f 147/102/98 148/156/150 150/104/100
f 150/104/100 148/156/150 149/154/148
f 150/104/100 149/154/148 191/106/102
f 191/106/102 149/154/148 192/152/146
f 191/106/102 192/152/146 189/108/104
f 189/108/104 192/152/146 190/200/192
f 189/108/104 190/200/192 187/110/106
f 187/110/106 190/200/192 188/198/190
f 187/110/106 188/198/190 185/112/108
f 185/112/108 188/198/190 186/196/188
f 185/112/108 186/196/188 183/114/110
f 183/114/110 186/196/188 184/194/186
f 183/114/110 184/194/186 181/116/112
f 181/116/112 184/194/186 182/192/184
f 181/116/112 182/192/184 179/118/114
f 179/118/114 182/192/184 180/190/182
f 179/118/114 180/190/182 177/120/116
f 177/120/116 180/190/182 178/188/180
f 177/120/116 178/188/180 175/122/118
f 175/122/118 178/188/180 176/186/178
f 175/122/118 176/186/178 173/124/120
f 173/124/120 176/186/178 174/184/176
f 173/124/120 174/184/176 171/126/122
f 171/126/122 174/184/176 172/182/174
f 171/126/122 172/182/174 145/128/124
f 145/128/124 172/182/174 146/180/172
f 194/201/193 243/202/194 193/203/195
f 193/203/195 243/202/194 246/204/196
f 193/203/195 246/204/196 216/205/197
f 216/205/197 246/204/196 287/206/198
f 216/205/197 287/206/198 215/207/199
f 215/207/199 287/206/198 285/208/200
f 215/207/199 285/208/200 214/209/201
f 214/209/201 285/208/200 283/210/202
f 214/209/201 283/210/202 213/211/203
f 213/211/203 283/210/202 281/212/204
f 213/211/203 281/212/204 212/213/205
f 212/213/205 281/212/204 279/214/206
f 212/213/205 279/214/206 211/215/207
f 211/215/207 279/214/206 277/216/208
f 211/215/207 277/216/208 210/217/209
f 210/217/209 277/216/208 275/218/210
f 210/217/209 275/218/210 209/219/211
f 209/219/211 275/218/210 273/220/212
f 209/219/211 273/220/212 208/221/213
f 208/221/213 273/220/212 271/222/214
f 208/221/213 271/222/214 207/223/215
f 207/223/215 271/222/214 269/224/216
f 207/223/215 269/224/216 206/225/217
f 206/225/217 269/224/216 267/226/218
f 206/225/217 267/226/218 205/227/219
f 205/227/219 267/226/218 241/228/220
f 205/229/219 241/230/220 204/231/221
f 204/231/221 241/230/220 265/232/222
f 204/231/221 265/232/222 203/233/223
f 203/233/223 265/232/222 263/234/224
f 203/233/223 263/234/224 202/235/225
f 202/235/225 263/234/224 261/236/226
f 202/235/225 261/236/226 201/237/227
f 201/237/227 261/236/226 259/238/228
f 201/237/227 259/238/228 200/239/229
f 200/239/229 259/238/228 257/240/230
f 200/239/229 257/240/230 199/241/231
f 199/241/231 257/240/230 255/242/232
f 199/241/231 255/242/232 198/243/233
f 198/243/233 255/242/232 253/244/234
f 198/243/233 253/244/234 197/245/235
f 197/245/235 253/244/234 251/246/236
f 197/245/235 251/246/236 196/247/237
f 196/247/237 251/246/236 249/248/238
f 196/247/237 249/248/238 195/249/239
f 195/249/239 249/248/238 247/250/240
f 195/249/239 247/250/240 194/201/193
f 194/201/193 247/250/240 243/202/194
f 218/251/241 288/252/242 217/253/243
f 217/253/243 288/252/242 245/254/244
f 217/253/243 245/254/244 240/255/245
f 240/255/245 245/254/244 244/256/246
f 240/255/245 244/256/246 239/257/247
f 239/257/247 244/256/246 248/258/248
f 239/257/247 248/258/248 238/259/249
f 238/259/249 248/258/248 250/260/250
f 238/259/249 250/260/250 237/261/251
f 237/261/251 250/260/250 252/262/252
f 237/261/251 252/262/252 236/263/253
f 236/263/253 252/262/252 254/264/254
f 236/263/253 254/264/254 235/265/255
f 235/265/255 254/264/254 256/266/256
f 235/265/255 256/266/256 234/267/257
f 234/267/257 256/266/256 258/268/258
f 234/267/257 258/268/258 233/269/259
f 233/269/259 258/268/258 260/270/260
f 233/269/259 260/270/260 232/271/261
f 232/271/261 260/270/260 262/272/262
f 232/271/261 262/272/262 231/273/263
f 231/273/263 262/272/262 264/274/264
f 231/273/263 264/274/264 230/275/265
f 230/275/265 264/274/264 266/276/266
f 230/275/265 266/276/266 229/277/267
f 229/277/267 266/276/266 242/278/268
f 229/279/267 242/280/268 228/281/269
f 228/281/269 242/280/268 268/282/270
f 228/281/269 268/282/270 227/283/271
f 227/283/271 268/282/270 270/284/272
f 227/283/271 270/284/272 226/285/273
f 226/285/273 270/284/272 272/286/274
f 226/285/273 272/286/274 225/287/275
f 225/287/275 272/286/274 274/288/276
f 225/287/275 274/288/276 224/289/277
f 224/289/277 274/288/276 276/290/278
f 224/289/277 276/290/278 223/291/279
f 223/291/279 276/290/278 278/292/280
f 223/291/279 278/292/280 222/293/281
f 222/293/281 278/292/280 280/294/282
f 222/293/281 280/294/282 221/295/283
f 221/295/283 280/294/282 282/296/284
f 221/295/283 282/296/284 220/297/285
f 220/297/285 282/296/284 284/298/286
f 220/297/285 284/298/286 219/299/287
f 219/299/287 284/298/286 286/300/288
f 219/299/287 286/300/288 218/251/241
f 218/251/241 286/300/288 288/252/242
f 241/230/220 242/278/268 265/232/222
f 265/232/222 242/278/268 266/276/266
f 265/232/222 266/276/266 263/234/224
f 263/234/224 266/276/266 264/274/264
f 263/234/224 264/274/264 261/236/226
f 261/236/226 264/274/264 262/272/262
f 261/236/226 262/272/262 259/238/228
f 259/238/228 262/272/262 260/270/260
f 259/238/228 260/270/260 257/240/230
f 257/240/230 260/270/260 258/268/258
f 257/240/230 258/268/258 255/242/232
f 255/242/232 258/268/258 256/266/256
f 255/242/232 256/266/256 253/244/234
f 253/244/234 256/266/256 254/264/254
f 253/244/234 254/264/254 251/246/236
f 251/246/236 254/264/254 252/262/252
f 251/246/236 252/262/252 249/248/238
f 249/248/238 252/262/252 250/260/250
f 249/248/238 250/260/250 247/250/240
f 247/250/240 250/260/250 248/258/248
f 247/250/240 248/258/248 243/202/194
f 243/202/194 248/258/248 244/256/246
f 243/202/194 244/256/246 246/204/196
f 246/204/196 244/256/246 245/254/244
f 246/204/196 245/254/244 287/206/198
f 287/206/198 245/254/244 288/252/242
f 287/206/198 288/252/242 285/208/200
f 285/208/200 288/252/242 286/300/288
f 285/208/200 286/300/288 283/210/202
f 283/210/202 286/300/288 284/298/286
f 283/210/202 284/298/286 281/212/204
f 281/212/204 284/298/286 282/296/284
f 281/212/204 282/296/284 279/214/206
f 279/214/206 282/296/284 280/294/282
f 279/214/206 280/294/282 277/216/208
f 277/216/208 280/294/282 278/292/280
f 277/216/208 278/292/280 275/218/210
f 275/218/210 278/292/280 276/290/278
f 275/218/210 276/290/278 273/220/212
f 273/220/212 276/290/278 274/288/276
f 273/220/212 274/288/276 271/222/214
f 271/222/214 274/288/276 272/286/274
f 271/222/214 272/286/274 269/224/216
f 269/224/216 272/286/274 270/284/272
f 269/224/216 270/284/272 267/226/218
f 267/226/218 270/284/272 268/282/270
f 267/226/218 268/282/270 241/228/220
f 241/228/220 268/282/270 242/280/268
usemtl Opaque(135,140,140)
f 290/301/289 384/302/290 289/303/291
f 289/303/291 384/302/290 337/304/292
f 289/303/291 337/304/292 336/305/293
f 336/305/293 337/304/292 338/306/294
f 336/305/293 338/306/294 335/307/295
f 335/307/295 338/306/294 339/308/296
f 335/307/295 339/308/296 334/309/297
f 334/309/297 339/308/296 340/310/298
f 334/309/297 340/310/298 333/311/299
f 333/311/299 340/310/298 341/312/300
f 333/311/299 341/312/300 332/313/301
f 332/313/301 341/312/300 342/314/302
f 332/313/301 342/314/302 331/315/303
f 331/315/303 342/314/302 343/316/304
f 331/315/303 343/316/304 330/317/305
f 330/317/305 343/316/304 344/318/306
f 330/317/305 344/318/306 329/319/307
f 329/319/307 344/318/306 345/320/308
f 329/319/307 345/320/308 328/321/309
f 328/321/309 345/320/308 346/322/310
f 328/321/309 346/322/310 327/323/311
f 327/323/311 346/322/310 347/324/312
f 327/323/311 347/324/312 326/325/313
f 326/325/313 347/324/312 348/326/314
f 326/325/313 348/326/314 325/327/315
f 325/327/315 348/326/314 349/328/316
f 325/327/315 349/328/316 324/329/317
f 324/329/317 349/328/316 350/330/318
f 324/329/317 350/330/318 323/331/319
f 323/331/319 350/330/318 351/332/320
f 323/331/319 351/332/320 322/333/321
f 322/333/321 351/332/320 352/334/322
f 322/333/321 352/334/322 321/335/323
f 321/335/323 352/334/322 353/336/324
f 321/335/323 353/336/324 320/337/325
f 320/337/325 353/336/324 354/338/326
f 320/337/325 354/338/326 319/339/327
f 319/339/327 354/338/326 355/340/328
f 319/339/327 355/340/328 318/341/329
f 318/341/329 355/340/328 356/342/330
f 318/341/329 356/342/330 317/343/331
f 317/343/331 356/342/330 357/344/332
f 317/343/331 357/344/332 316/345/333
f 316/345/333 357/344/332 358/346/334
f 316/345/333 358/346/334 315/347/335
f 315/347/335 358/346/334 359/348/336
f 315/347/335 359/348/336 314/349/337
f 314/349/337 359/348/336 360/350/338
f 314/349/337 360/350/338 313/351/339
f 313/351/339 360/350/338 361/352/340
f 313/353/339 361/354/340 312/355/341
f 312/355/341 361/354/340 362/356/342
f 312/355/341 362/356/342 311/357/343
f 311/357/343 362/356/342 363/358/344
f 311/357/343 363/358/344 310/359/345
f 310/359/345 363/358/344 364/360/346
f 310/359/345 364/360/346 309/361/347
f 309/361/347 364/360/346 365/362/348
f 309/361/347 365/362/348 308/363/349
f 308/363/349 365/362/348 366/364/350
f 308/363/349 366/364/350 307/365/351
f 307/365/351 366/364/350 367/366/352
f 307/365/351 367/366/352 306/367/353
f 306/367/353 367/366/352 368/368/354
f 306/367/353 368/368/354 305/369/355
f 305/369/355 368/368/354 369/370/356
f 305/369/355 369/370/356 304/371/357
f 304/371/357 369/370/356 370/372/358
f 304/371/357 370/372/358 303/373/359
f 303/373/359 370/372/358 371/374/360
f 303/373/359 371/374/360 302/375/361
f 302/375/361 371/374/360 372/376/362
f 302/375/361 372/376/362 301/377/363
f 301/377/363 372/376/362 373/378/364
f 301/377/363 373/378/364 300/379/365
f 300/379/365 373/378/364 374/380/366
f 300/379/365 374/380/366 299/381/367
f 299/381/367 374/380/366 375/382/368
f 299/381/367 375/382/368 298/383/369
f 298/383/369 375/382/368 376/384/370
f 298/383/369 376/384/370 297/385/371
f 297/385/371 376/384/370 377/386/372
f 297/385/371 377/386/372 296/387/373
f 296/387/373 377/386/372 378/388/374
f 296/387/373 378/388/374 295/389/375
f 295/389/375 378/388/374 379/390/376
f 295/389/375 379/390/376 294/391/377
f 294/391/377 379/390/376 380/392/378
f 294/391/377 380/392/378 293/393/379
f 293/393/379 380/392/378 381/394/380
f 293/393/379 381/394/380 292/395/381
f 292/395/381 381/394/380 382/396/382
f 292/395/381 382/396/382 291/397/383
f 291/397/383 382/396/382 383/398/384
f 291/397/383 383/398/384 290/301/289
f 290/301/289 383/398/384 384/302/290
f 386/399/385 432/400/386 385/401/387
f 385/401/387 432/400/386 409/402/388
f 385/401/387 409/402/388 408/403/389
f 408/403/389 409/402/388 410/404/390
f 408/403/389 410/404/390 407/405/391
f 407/405/391 410/404/390 411/406/392
f 407/405/391 411/406/392 406/407/393
f 406/407/393 411/406/392 412/408/394
f 406/407/393 412/408/394 405/409/395
f 405/409/395 412/408/394 413/410/396
f 405/409/395 413/410/396 404/411/397
f 404/411/397 413/410/396 414/412/398
f 404/411/397 414/412/398 403/413/399
f 403/413/399 414/412/398 415/414/400
f 403/413/399 415/414/400 402/415/401
f 402/415/401 415/414/400 416/416/402
f 402/415/401 416/416/402 401/417/403
f 401/417/403 416/416/402 417/418/404
f 401/417/403 417/418/404 400/419/405
f 400/419/405 417/418/404 418/420/406
f 400/419/405 418/420/406 399/421/407
f 399/421/407 418/420/406 419/422/408
f 399/421/407 419/422/408 398/423/409
f 398/423/409 419/422/408 420/424/410
f 398/423/409 420/424/410 397/425/411
f 397/425/411 420/424/410 421/426/412
f 397/427/411 421/428/412 396/429/413
f 396/429/413 421/428/412 422/430/414
f 396/429/413 422/430/414 395/431/415
f 395/431/415 422/430/414 423/432/416
f 395/431/415 423/432/416 394/433/417
f 394/433/417 423/432/416 424/434/418
f 394/433/417 424/434/418 393/435/419
f 393/435/419 424/434/418 425/436/420
f 393/435/419 425/436/420 392/437/421
f 392/437/421 425/436/420 426/438/422
f 392/437/421 426/438/422 391/439/423
f 391/439/423 426/438/422 427/440/424
f 391/439/423 427/440/424 390/441/425
f 390/441/425 427/440/424 428/442/426
f 390/441/425 428/442/426 389/443/427
f 389/443/427 428/442/426 429/444/428
f 389/443/427 429/444/428 388/445/429
f 388/445/429 429/444/428 430/446/430
f 388/445/429 430/446/430 387/447/431
f 387/447/431 430/446/430 431/448/432
f 387/447/431 431/448/432 386/399/385
f 386/399/385 431/448/432 432/400/386
f 434/449/433 482/450/434 433/451/435
f 433/451/435 482/450/434 483/452/436
f 433/451/435 483/452/436 456/453/437
f 456/453/437 483/452/436 504/454/438
f 456/453/437 504/454/438 455/455/439
f 455/455/439 504/454/438 503/456/440
f 455/455/439 503/456/440 454/457/441
f 454/457/441 503/456/440 502/458/442
f 454/457/441 502/458/442 453/459/443
f 453/459/443 502/458/442 501/460/444
f 453/459/443 501/460/444 452/461/445
f 452/461/445 501/460/444 500/462/446
f 452/461/445 500/462/446 451/463/447
f 451/463/447 500/462/446 499/464/448
f 451/463/447 499/464/448 450/465/449
f 450/465/449 499/464/448 498/466/450
f 450/465/449 498/466/450 449/467/451
f 449/467/451 498/466/450 497/468/452
f 449/467/451 497/468/452 448/469/453
f 448/469/453 497/468/452 496/470/454
f 448/469/453 496/470/454 447/471/455
f 447/471/455 496/470/454 495/472/456
f 447/471/455 495/472/456 446/473/457
f 446/473/457 495/472/456 494/474/458
f 446/473/457 494/474/458 445/475/459
f 445/475/459 494/474/458 481/476/460
f 445/477/459 481/478/460 444/479/461
f 444/479/461 481/478/460 493/480/462
f 444/479/461 493/480/462 443/481/463
f 443/481/463 493/480/462 492/482/464
f 443/481/463 492/482/464 442/483/465
f 442/483/465 492/482/464 491/484/466
f 442/483/465 491/484/466 441/485/467
f 441/485/467 491/484/466 490/486/468
f 441/485/467 490/486/468 440/487/469
f 440/487/469 490/486/468 489/488/470
f 440/487/469 489/488/470 439/489/471
f 439/489/471 489/488/470 488/490/472
f 439/489/471 488/490/472 438/491/473
f 438/491/473 488/490/472 487/492/474
f 438/491/473 487/492/474 437/493/475
f 437/493/475 487/492/474 486/494/476
f 437/493/475 486/494/476 436/495/477
f 436/495/477 486/494/476 485/496/478
f 436/495/477 485/496/478 435/497/479
f 435/497/479 485/496/478 484/498/480
f 435/497/479 484/498/480 434/449/433
f 434/449/433 484/498/480 482/450/434
f 458/499/481 504/454/438 457/500/482
f 457/500/482 504/454/438 483/452/436
f 457/500/482 483/452/436 480/501/483
f 480/501/483 483/452/436 482/450/434
f 480/501/483 482/450/434 479/502/484
f 479/502/484 482/450/434 484/498/480
f 479/502/484 484/498/480 478/503/485
f 478/503/485 484/498/480 485/496/478
f 478/503/485 485/496/478 477/504/486
f 477/504/486 485/496/478 486/494/476
f 477/504/486 486/494/476 476/505/487
f 476/505/487 486/494/476 487/492/474
f 476/505/487 487/492/474 475/506/488
f 475/506/488 487/492/474 488/490/472
f 475/506/488 488/490/472 474/507/489
f 474/507/489 488/490/472 489/488/470
f 474/507/489 489/488/470 473/508/490
f 473/508/490 489/488/470 490/486/468
f 473/508/490 490/486/468 472/509/491
f 472/509/491 490/486/468 491/484/466
f 472/509/491 491/484/466 471/510/492
f 471/510/492 491/484/466 492/482/464
f 471/510/492 492/482/464 470/511/493
f 470/511/493 492/482/464 493/480/462
f 470/511/493 493/480/462 469/512/494
f 469/512/494 493/480/462 481/478/460
f 469/513/494 481/476/460 468/514/495
f 468/514/495 481/476/460 494/474/458
f 468/514/495 494/474/458 467/515/496
f 467/515/496 494/474/458 495/472/456
f 467/515/496 495/472/456 466/516/497
f 466/516/497 495/472/456 496/470/454
f 466/516/497 496/470/454 465/517/498
f 465/517/498 496/470/454 497/468/452
f 465/517/498 497/468/452 464/518/499
f 464/518/499 497/468/452 498/466/450
f 464/518/499 498/466/450 463/519/500
f 463/519/500 498/466/450 499/464/448
f 463/519/500 499/464/448 462/520/501
f 462/520/501 499/464/448 500/462/446
f 462/520/501 500/462/446 461/521/502
f 461/521/502 500/462/446 501/460/444
f 461/521/502 501/460/444 460/522/503
f 460/522/503 501/460/444 502/458/442
f 460/522/503 502/458/442 459/523/504
f 459/523/504 502/458/442 503/456/440
f 459/523/504 503/456/440 458/499/481
f 458/499/481 503/456/440 504/454/438
f 506/524/505 552/525/506 505/526/507
f 505/526/507 552/525/506 529/527/508
f 505/526/507 529/527/508 528/528/509
f 528/528/509 529/527/508 530/529/510
f 528/528/509 530/529/510 527/530/511
f 527/530/511 530/529/510 531/531/512
f 527/530/511 531/531/512 526/532/513
f 526/532/513 531/531/512 532/533/514
f 526/532/513 532/533/514 525/534/515
f 525/534/515 532/533/514 533/535/516
f 525/534/515 533/535/516 524/536/517
f 524/536/517 533/535/516 534/537/518
f 524/536/517 534/537/518 523/538/519
f 523/538/519 534/537/518 535/539/520
f 523/538/519 535/539/520 522/540/521
f 522/540/521 535/539/520 536/541/522
f 522/540/521 536/541/522 521/542/523
f 521/542/523 536/541/522 537/543/524
f 521/542/523 537/543/524 520/544/525
f 520/544/525 537/543/524 538/545/526
f 520/544/525 538/545/526 519/546/527
f 519/546/527 538/545/526 539/547/528
f 519/546/527 539/547/528 518/548/529
f 518/548/529 539/547/528 540/549/530
f 518/548/529 540/549/530 517/550/531
f 517/550/531 540/549/530 541/551/532
f 517/552/531 541/553/532 516/554/533
f 516/554/533 541/553/532 542/555/534
f 516/554/533 542/555/534 515/556/535
f 515/556/535 542/555/534 543/557/536
f 515/556/535 543/557/536 514/558/537
f 514/558/537 543/557/536 544/559/538
f 514/558/537 544/559/538 513/560/539
f 513/560/539 544/559/538 545/561/540
f 513/560/539 545/561/540 512/562/541
f 512/562/541 545/561/540 546/563/542
f 512/562/541 546/563/542 511/564/543
f 511/564/543 546/563/542 547/565/544
f 511/564/543 547/565/544 510/566/545
f 510/566/545 547/565/544 548/567/546
f 510/566/545 548/567/546 509/568/547
f 509/568/547 548/567/546 549/569/548
f 509/568/547 549/569/548 508/570/549
f 508/570/549 549/569/548 550/571/550
f 508/570/549 550/571/550 507/572/551
f 507/572/551 550/571/550 551/573/552
f 507/572/551 551/573/552 506/524/505
f 506/524/505 551/573/552 552/525/506
f 554/574/553 602/575/554 553/576/555
f 553/576/555 602/575/554 603/577/556
f 553/576/555 603/577/556 576/578/557
f 576/578/557 603/577/556 624/579/558
f 576/578/557 624/579/558 575/580/559
f 575/580/559 624/579/558 623/581/560
f 575/580/559 623/581/560 574/582/561
f 574/582/561 623/581/560 622/583/562
f 574/582/561 622/583/562 573/584/563
f 573/584/563 622/583/562 621/585/564
f 573/584/563 621/585/564 572/586/565
f 572/586/565 621/585/564 620/587/566
f 572/586/565 620/587/566 571/588/567
f 571/588/567 620/587/566 619/589/568
f 571/588/567 619/589/568 570/590/569
f 570/590/569 619/589/568 618/591/570
f 570/590/569 618/591/570 569/592/571
f 569/592/571 618/591/570 617/593/572
f 569/592/571 617/593/572 568/594/573
f 568/594/573 617/593/572 616/595/574
f 568/594/573 616/595/574 567/596/575
f 567/596/575 616/595/574 615/597/576
f 567/596/575 615/597/576 566/598/577
f 566/598/577 615/597/576 614/599/578
f 566/598/577 614/599/578 565/600/579
f 565/600/579 614/599/578 601/601/580
f 565/602/579 601/603/580 564/604/581
f 564/604/581 601/603/580 613/605/582
f 564/604/581 613/605/582 563/606/583
f 563/606/583 613/605/582 612/607/584
f 563/606/583 612/607/584 562/608/585
f 562/608/585 612/607/584 611/609/586
f 562/608/585 611/609/586 561/610/587
f 561/610/587 611/609/586 610/611/588
f 561/610/587 610/611/588 560/612/589
f 560/612/589 610/611/588 609/613/590
f 560/612/589 609/613/590 559/614/591
f 559/614/591 609/613/590 608/615/592
f 559/614/591 608/615/592 558/616/593
f 558/616/593 608/615/592 607/617/594
f 558/616/593 607/617/594 557/618/595
f 557/618/595 607/617/594 606/619/596
f 557/618/595 606/619/596 556/620/597
f 556/620/597 606/619/596 605/621/598
f 556/620/597 605/621/598 555/622/599
f 555/622/599 605/621/598 604/623/600
f 555/622/599 604/623/600 554/574/553
f 554/574/553 604/623/600 602/575/554
f 578/624/601 624/579/558 577/625/602
f 577/625/602 624/579/558 603/577/556
f 577/625/602 603/577/556 600/626/603
f 600/626/603 603/577/556 602/575/554
f 600/626/603 602/575/554 599/627/604
f 599/627/604 602/575/554 604/623/600
f 599/627/604 604/623/600 598/628/605
f 598/628/605 604/623/600 605/621/598
f 598/628/605 605/621/598 597/629/606
f 597/629/606 605/621/598 606/619/596
f 597/629/606 606/619/596 596/630/607
f 596/630/607 606/619/596 607/617/594
f 596/630/607 607/617/594 595/631/608
f 595/631/608 607/617/594 608/615/592
f 595/631/608 608/615/592 594/632/609
f 594/632/609 608/615/592 609/613/590
f 594/632/609 609/613/590 593/633/610
f 593/633/610 609/613/590 610/611/588
f 593/633/610 610/611/588 592/634/611
f 592/634/611 610/611/588 611/609/586
f 592/634/611 611/609/586 591/635/612
f 591/635/612 611/609/586 612/607/584
f 591/635/612 612/607/584 590/636/613
f 590/636/613 612/607/584 613/605/582
f 590/636/613 613/605/582 589/637/614
f 589/637/614 613/605/582 601/603/580
f 589/638/614 601/601/580 588/639/615
f 588/639/615 601/601/580 614/599/578
f 588/639/615 614/599/578 587/640/616
f 587/640/616 614/599/578 615/597/576
f 587/640/616 615/597/576 586/641/617
f 586/641/617 615/597/576 616/595/574
f 586/641/617 616/595/574 585/642/618
f 585/642/618 616/595/574 617/593/572
f 585/642/618 617/593/572 584/643/619
f 584/643/619 617/593/572 618/591/570
f 584/643/619 618/591/570 583/644/620
f 583/644/620 618/591/570 619/589/568
f 583/644/620 619/589/568 582/645/621
f 582/645/621 619/589/568 620/587/566
f 582/645/621 620/587/566 581/646/622
f 581/646/622 620/587/566 621/585/564
f 581/646/622 621/585/564 580/647/623
f 580/647/623 621/585/564 622/583/562
f 580/647/623 622/583/562 579/648/624
f 579/648/624 622/583/562 623/581/560
f 579/648/624 623/581/560 578/624/601
f 578/624/601 623/581/560 624/579/558
f 626/649/625 359/650/626 625/651/627
f 625/651/627 359/650/626 358/652/628
f 625/651/627 358/652/628 678/653/629
f 678/653/629 358/652/628 677/654/630
f 677/654/630 358/652/628 357/655/631
f 677/654/630 357/655/631 676/656/632
f 676/656/632 357/655/631 356/657/633
f 676/656/632 356/657/633 675/658/634
f 675/658/634 356/657/633 355/659/635
f 675/658/634 355/659/635 674/660/636
f 674/660/636 355/659/635 354/661/637
f 674/660/636 354/661/637 673/662/638
f 673/662/638 354/661/637 353/663/639
f 673/662/638 353/663/639 672/664/640
f 672/664/640 353/663/639 352/665/641
f 672/664/640 352/665/641 671/666/642
f 671/666/642 352/665/641 351/667/643
f 671/666/642 351/667/643 670/668/644
f 670/668/644 351/667/643 350/669/645
f 670/668/644 350/669/645 669/670/646
f 669/670/646 350/669/645 349/671/647
f 669/670/646 349/671/647 668/672/648
f 668/672/648 349/671/647 667/673/649
f 667/673/649 349/671/647 348/674/650
f 667/673/649 348/674/650 666/675/651
f 666/675/651 348/674/650 347/676/652
f 666/675/651 347/676/652 665/677/653
f 665/677/653 347/676/652 346/678/654
f 665/677/653 346/678/654 664/679/655
f 664/679/655 346/678/654 345/680/656
f 664/679/655 345/680/656 663/681/657
f 663/681/657 345/680/656 344/682/658
f 663/681/657 344/682/658 662/683/659
f 662/683/659 344/682/658 343/684/660
f 662/683/659 343/684/660 661/685/661
f 661/685/661 343/684/660 342/686/662
f 661/685/661 342/686/662 660/687/663
f 660/687/663 342/686/662 341/688/664
f 660/687/663 341/688/664 659/689/665
f 659/689/665 341/688/664 340/690/666
f 659/689/665 340/690/666 658/691/667
f 658/691/667 340/690/666 657/692/668
f 657/692/668 340/690/666 339/693/669
f 657/692/668 339/693/669 656/694/670
f 656/694/670 339/693/669 338/695/671
f 656/694/670 338/695/671 655/696/672
f 655/696/672 338/695/671 337/697/673
f 655/696/672 337/697/673 654/698/674
f 654/699/674 337/700/673 384/701/675
f 654/699/674 384/701/675 653/702/676
f 653/702/676 384/701/675 383/703/677
f 653/702/676 383/703/677 652/704/678
f 652/704/678 383/703/677 382/705/679
f 652/704/678 382/705/679 651/706/680
f 651/706/680 382/705/679 650/707/681
f 650/707/681 382/705/679 381/708/682
f 650/707/681 381/708/682 649/709/683
f 649/709/683 381/708/682 380/710/684
f 649/709/683 380/710/684 648/711/685
f 648/711/685 380/710/684 379/712/686
f 648/711/685 379/712/686 647/713/687
f 647/713/687 379/712/686 378/714/688
f 647/713/687 378/714/688 646/715/689
f 646/715/689 378/714/688 377/716/690
f 646/715/689 377/716/690 645/717/691
f 645/717/691 377/716/690 376/718/692
f 645/717/691 376/718/692 644/719/693
f 644/719/693 376/718/692 375/720/694
f 644/719/693 375/720/694 643/721/695
f 643/721/695 375/720/694 374/722/696
f 643/721/695 374/722/696 642/723/697
f 642/723/697 374/722/696 373/724/698
f 642/723/697 373/724/698 641/725/699
f 641/725/699 373/724/698 640/726/700
f 640/726/700 373/724/698 372/727/701
f 640/726/700 372/727/701 639/728/702
f 639/728/702 372/727/701 371/729/703
f 639/728/702 371/729/703 638/730/704
f 638/730/704 371/729/703 370/731/705
f 638/730/704 370/731/705 637/732/706
f 637/732/706 370/731/705 369/733/707
f 637/732/706 369/733/707 636/734/708
f 636/734/708 369/733/707 368/735/709
f 636/734/708 368/735/709 635/736/710
f 635/736/710 368/735/709 367/737/711
f 635/736/710 367/737/711 634/738/712
f 634/738/712 367/737/711 366/739/713
f 634/738/712 366/739/713 633/740/714
f 633/740/714 366/739/713 365/741/715
f 633/740/714 365/741/715 632/742/716
f 632/742/716 365/741/715 364/743/717
f 632/742/716 364/743/717 631/744/718
f 631/744/718 364/743/717 630/745/719
f 630/745/719 364/743/717 363/746/720
f 630/745/719 363/746/720 629/747/721
f 629/747/721 363/746/720 362/748/722
f 629/747/721 362/748/722 628/749/723
f 628/749/723 362/748/722 361/750/724
f 628/749/723 361/750/724 627/751/725
f 627/751/725 361/750/724 360/752/726
f 627/751/725 360/752/726 626/649/625
f 626/649/625 360/752/726 359/650/626
f 680/753/727 726/754/728 679/755/729
f 679/755/729 726/754/728 703/756/730
f 679/755/729 703/756/730 702/757/731
f 702/757/731 703/756/730 704/758/732
f 702/757/731 704/758/732 701/759/733
f 701/759/733 704/758/732 705/760/734
f 701/759/733 705/760/734 700/761/735
f 700/761/735 705/760/734 706/762/736
f 700/761/735 706/762/736 699/763/737
f 699/763/737 706/762/736 707/764/738
f 699/763/737 707/764/738 698/765/739
f 698/765/739 707/764/738 708/766/740
f 698/765/739 708/766/740 697/767/741
f 697/767/741 708/766/740 709/768/742
f 697/767/741 709/768/742 696/769/743
f 696/769/743 709/768/742 710/770/744
f 696/769/743 710/770/744 695/771/745
f 695/771/745 710/770/744 711/772/746
f 695/771/745 711/772/746 694/773/747
f 694/773/747 711/772/746 712/774/748
f 694/773/747 712/774/748 693/775/749
f 693/775/749 712/774/748 713/776/750
f 693/775/749 713/776/750 692/777/751
f 692/777/751 713/776/750 714/778/752
f 692/777/751 714/778/752 691/779/753
f 691/779/753 714/778/752 715/780/754
f 691/781/753 715/782/754 690/783/755
f 690/783/755 715/782/754 716/784/756
f 690/783/755 716/784/756 689/785/757
f 689/785/757 716/784/756 717/786/758
f 689/785/757 717/786/758 688/787/759
f 688/787/759 717/786/758 718/788/760
f 688/787/759 718/788/760 687/789/761
f 687/789/761 718/788/760 719/790/762
f 687/789/761 719/790/762 686/791/763
f 686/791/763 719/790/762 720/792/764
f 686/791/763 720/792/764 685/793/765
f 685/793/765 720/792/764 721/794/766
f 685/793/765 721/794/766 684/795/767
f 684/795/767 721/794/766 722/796/768
f 684/795/767 722/796/768 683/797/769
f 683/797/769 722/796/768 723/798/770
f 683/797/769 723/798/770 682/799/771
f 682/799/771 723/798/770 724/800/772
f 682/799/771 724/800/772 681/801/773
f 681/801/773 724/800/772 725/802/774
f 681/801/773 725/802/774 680/753/727
f 680/753/727 725/802/774 726/754/728
f 728/803/775 774/804/776 727/805/777
f 727/805/777 774/804/776 751/806/778
f 727/805/777 751/806/778 750/807/779
f 750/807/779 751/806/778 752/808/780
f 750/807/779 752/808/780 749/809/781
f 749/809/781 752/808/780 753/810/782
f 749/809/781 753/810/782 748/811/783
f 748/811/783 753/810/782 754/812/784
f 748/811/783 754/812/784 747/813/785
f 747/813/785 754/812/784 755/814/786
f 747/813/785 755/814/786 746/815/787
f 746/815/787 755/814/786 756/816/788
f 746/815/787 756/816/788 745/817/789
f 745/817/789 756/816/788 757/818/790
f 745/817/789 757/818/790 744/819/791
f 744/819/791 757/818/790 758/820/792
f 744/819/791 758/820/792 743/821/793
f 743/821/793 758/820/792 759/822/794
f 743/821/793 759/822/794 742/823/795
f 742/823/795 759/822/794 760/824/796
f 742/823/795 760/824/796 741/825/797
f 741/825/797 760/824/796 761/826/798
f 741/825/797 761/826/798 740/827/799
f 740/827/799 761/826/798 762/828/800
f 740/827/799 762/828/800 739/829/801
f 739/829/801 762/828/800 763/830/802
f 739/831/801 763/832/802 738/833/803
f 738/833/803 763/832/802 764/834/804
f 738/833/803 764/834/804 737/835/805
f 737/835/805 764/834/804 765/836/806
f 737/835/805 765/836/806 736/837/807
f 736/837/807 765/836/806 766/838/808
f 736/837/807 766/838/808 735/839/809
f 735/839/809 766/838/808 767/840/810
f 735/839/809 767/840/810 734/841/811
f 734/841/811 767/840/810 768/842/812
f 734/841/811 768/842/812 733/843/813
f 733/843/813 768/842/812 769/844/814
f 733/843/813 769/844/814 732/845/815
f 732/845/815 769/844/814 770/846/816
f 732/845/815 770/846/816 731/847/817
f 731/847/817 770/846/816 771/848/818
f 731/847/817 771/848/818 730/849/819
f 730/849/819 771/848/818 772/850/820
f 730/849/819 772/850/820 729/851/821
f 729/851/821 772/850/820 773/852/822
f 729/851/821 773/852/822 728/803/775
f 728/803/775 773/852/822 774/804/776
f 776/853/823 777/854/824 775/855/825
f 775/855/825 777/854/824 814/856/826
f 814/856/826 777/854/824 778/857/827
f 814/856/826 778/857/827 813/858/828
f 813/858/828 778/857/827 812/859/829
f 812/859/829 778/857/827 779/860/830
f 812/859/829 779/860/830 811/861/831
f 811/861/831 779/860/830 780/862/832
f 811/861/831 780/862/832 810/863/833
f 810/863/833 780/862/832 781/864/834
f 810/863/833 781/864/834 809/865/835
f 809/865/835 781/864/834 782/866/836
f 809/865/835 782/866/836 808/867/837
f 808/867/837 782/866/836 783/868/838
f 808/867/837 783/868/838 784/869/839
f 808/867/837 784/869/839 807/870/840
f 807/870/840 784/869/839 785/871/841
f 807/870/840 785/871/841 806/872/842
f 806/872/842 785/871/841 786/873/843
f 806/872/842 786/873/843 787/874/844
f 806/872/842 787/874/844 805/875/845
f 805/875/845 787/874/844 788/876/846
f 805/875/845 788/876/846 804/877/847
f 804/877/847 788/876/846 789/878/848
f 804/877/847 789/878/848 790/879/849
f 804/877/847 790/879/849 803/880/850
f 803/880/850 790/879/849 791/881/851
f 803/880/850 791/881/851 802/882/852
f 802/882/852 791/881/851 792/883/853
f 802/882/852 792/883/853 801/884/854
f 801/884/854 792/883/853 793/885/855
f 801/884/854 793/885/855 800/886/856
f 800/886/856 793/885/855 794/887/857
f 800/886/856 794/887/857 799/888/858
f 799/888/858 794/887/857 798/889/859
f 798/889/859 794/887/857 795/890/860
f 798/889/859 795/890/860 797/891/861
f 797/891/861 795/890/860 796/892/862
f 815/893/863 816/894/864 852/895/865
f 852/895/865 816/894/864 817/896/866
f 852/895/865 817/896/866 851/897/867
f 851/897/867 817/896/866 818/898/868
f 851/897/867 818/898/868 850/899/869
f 850/899/869 818/898/868 819/900/870
f 850/899/869 819/900/870 849/901/871
f 849/901/871 819/900/870 820/902/872
f 849/901/871 820/902/872 848/903/873
f 848/903/873 820/902/872 821/904/874
f 848/903/873 821/904/874 847/905/875
f 847/905/875 821/904/874 822/906/876
f 847/905/875 822/906/876 846/907/877
f 846/907/877 822/906/876 823/908/878
f 846/907/877 823/908/878 845/909/879
f 845/909/879 823/908/878 824/910/880
f 845/909/879 824/910/880 844/911/881
f 844/911/881 824/910/880 825/912/882
f 844/911/881 825/912/882 843/913/883
f 843/913/883 825/912/882 826/914/884
f 843/913/883 826/914/884 842/915/885
f 842/915/885 826/914/884 827/916/886
f 842/915/885 827/916/886 841/917/887
f 841/917/887 827/916/886 828/918/888
f 841/917/887 828/918/888 840/919/889
f 840/919/889 828/918/888 829/920/890
f 840/919/889 829/920/890 839/921/891
f 839/921/891 829/920/890 830/922/892
f 839/921/891 830/922/892 838/923/893
f 838/923/893 830/922/892 831/924/894
f 838/923/893 831/924/894 837/925/895
f 837/925/895 831/924/894 832/926/896
f 837/925/895 832/926/896 836/927/897
f 836/927/897 832/926/896 833/928/898
f 836/927/897 833/928/898 835/929/899
f 835/929/899 833/928/898 834/930/900
f 852/931/901 103/932/902 815/933/903
f 815/933/903 103/932/902 102/934/904
f 815/933/903 102/934/904 835/935/905
f 835/935/905 102/934/904 836/936/906
f 836/936/906 102/934/904 571/937/907
f 836/936/906 571/937/907 570/938/908
f 103/932/902 852/931/901 104/939/909
f 104/939/909 852/931/901 851/940/910
f 104/939/909 851/940/910 105/941/911
f 105/941/911 851/940/910 106/942/912
f 106/942/912 851/940/910 107/943/913
f 107/943/913 851/940/910 108/944/914
f 108/944/914 851/940/910 850/945/915
f 108/944/914 850/945/915 109/946/916
f 109/946/916 850/945/915 110/947/917
f 110/947/917 850/945/915 111/948/918
f 111/948/918 850/945/915 112/949/919
f 112/949/919 850/945/915 849/950/920
f 112/949/919 849/950/920 113/951/921
f 113/951/921 849/950/920 114/952/922
f 114/952/922 849/950/920 115/953/923
f 115/953/923 849/950/920 848/954/924
f 115/953/923 848/954/924 554/955/925
f 554/955/925 848/954/924 555/956/926
f 555/956/926 848/954/924 556/957/927
f 556/957/927 848/954/924 847/958/928
f 556/957/927 847/958/928 557/959/929
f 557/959/929 847/958/928 846/960/930
f 557/959/929 846/960/930 558/961/931
f 558/961/931 846/960/930 845/962/932
f 558/961/931 845/962/932 559/963/933
f 559/963/933 845/962/932 844/964/934
f 559/963/933 844/964/934 843/965/935
f 559/963/933 843/965/935 560/966/936
f 560/966/936 843/965/935 842/967/937
f 560/966/936 842/967/937 561/968/938
f 561/968/938 842/967/937 841/969/939
f 561/968/938 841/969/939 562/970/940
f 562/970/940 841/969/939 840/971/941
f 562/970/940 840/971/941 563/972/942
f 563/972/942 840/971/941 564/973/943
f 564/973/943 840/971/941 839/974/944
f 564/973/943 839/974/944 565/975/945
f 565/975/945 839/974/944 566/976/946
f 566/976/946 839/974/944 838/977/947
f 566/976/946 838/977/947 567/978/948
f 567/978/948 838/977/947 568/979/949
f 568/979/949 838/977/947 569/980/950
f 569/980/950 838/977/947 837/981/951
f 569/980/950 837/981/951 570/938/908
f 570/938/908 837/981/951 836/936/906
f 120/982/952 574/983/953 97/984/954
f 97/984/954 574/983/953 573/985/955
f 97/984/954 573/985/955 98/986/956
f 98/986/956 573/985/955 99/987/957
f 99/987/957 573/985/955 572/988/958
f 99/987/957 572/988/958 100/989/959
f 100/989/959 572/988/958 571/937/907
f 100/989/959 571/937/907 101/990/960
f 101/990/960 571/937/907 102/934/904
f 574/983/953 120/982/952 575/991/961
f 575/991/961 120/982/952 119/992/962
f 575/991/961 119/992/962 118/993/963
f 575/991/961 118/993/963 576/994/964
f 576/994/964 118/993/963 117/995/965
f 576/994/964 117/995/965 553/996/966
f 553/996/966 117/995/965 116/997/967
f 553/996/966 116/997/967 554/955/925
f 554/955/925 116/997/967 115/953/923
f 290/998/968 289/999/969 715/1000/970
f 715/1000/970 289/999/969 336/1001/971
f 715/1000/970 336/1001/971 716/1002/972
f 716/1002/972 336/1001/971 335/1003/973
f 716/1002/972 335/1003/973 334/1004/974
f 716/1002/972 334/1004/974 717/1005/975
f 717/1005/975 334/1004/974 333/1006/976
f 717/1005/975 333/1006/976 332/1007/977
f 331/1008/978 539/1009/979 332/1007/977
f 332/1007/977 539/1009/979 718/1010/980
f 332/1007/977 718/1010/980 717/1005/975
f 539/1009/979 331/1008/978 540/1011/981
f 540/1011/981 331/1008/978 330/1012/982
f 540/1011/981 330/1012/982 541/1013/983
f 541/1013/983 330/1012/982 329/1014/984
f 541/1013/983 329/1014/984 542/1015/985
f 542/1015/985 329/1014/984 328/1016/986
f 542/1015/985 328/1016/986 543/1017/987
f 543/1017/987 328/1016/986 327/1018/988
f 543/1017/987 327/1018/988 544/1019/989
f 544/1019/989 327/1018/988 326/1020/990
f 544/1019/989 326/1020/990 545/1021/991
f 545/1021/991 326/1020/990 546/1022/992
f 546/1022/992 326/1020/990 325/1023/993
f 546/1022/992 325/1023/993 547/1024/994
f 547/1024/994 325/1023/993 548/1025/995
f 548/1025/995 325/1023/993 324/1026/996
f 548/1025/995 324/1026/996 549/1027/997
f 549/1027/997 324/1026/996 550/1028/998
f 550/1028/998 324/1026/996 323/1029/999
f 550/1028/998 323/1029/999 551/1030/1000
f 551/1030/1000 323/1029/999 322/1031/1001
f 551/1030/1000 322/1031/1001 126/1032/1002
f 126/1032/1002 322/1031/1001 127/1033/1003
f 127/1033/1003 322/1031/1001 128/1034/1004
f 128/1034/1004 322/1031/1001 321/1035/1005
f 128/1034/1004 321/1035/1005 129/1036/1006
f 129/1036/1006 321/1035/1005 130/1037/1007
f 130/1037/1007 321/1035/1005 320/1038/1008
f 130/1037/1007 320/1038/1008 131/1039/1009
f 131/1039/1009 320/1038/1008 132/1040/1010
f 132/1040/1010 320/1038/1008 319/1041/1011
f 132/1040/1010 319/1041/1011 133/1042/1012
f 133/1042/1012 319/1041/1011 134/1043/1013
f 134/1043/1013 319/1041/1011 318/1044/1014
f 134/1043/1013 318/1044/1014 135/1045/1015
f 135/1045/1015 318/1044/1014 768/1046/1016
f 135/1045/1015 768/1046/1016 767/1047/1017
f 318/1044/1014 317/1048/1018 768/1046/1016
f 768/1046/1016 317/1048/1018 769/1049/1019
f 769/1049/1019 317/1048/1018 316/1050/1020
f 769/1049/1019 316/1050/1020 770/1051/1021
f 770/1051/1021 316/1050/1020 771/1052/1022
f 771/1052/1022 316/1050/1020 315/1053/1023
f 771/1052/1022 315/1053/1023 772/1054/1024
f 772/1054/1024 315/1053/1023 314/1055/1025
f 772/1054/1024 314/1055/1025 773/1056/1026
f 773/1056/1026 314/1055/1025 774/1057/1027
f 774/1057/1027 314/1055/1025 313/1058/1028
f 774/1057/1027 313/1058/1028 751/1059/1029
f 751/1059/1029 313/1058/1028 752/1060/1030
f 752/1060/1030 313/1058/1028 312/1061/1031
f 752/1060/1030 312/1061/1031 753/1062/1032
f 753/1062/1032 312/1061/1031 754/1063/1033
f 754/1063/1033 312/1061/1031 311/1064/1034
f 754/1063/1033 311/1064/1034 755/1065/1035
f 755/1065/1035 311/1064/1034 310/1066/1036
f 755/1065/1035 310/1066/1036 756/1067/1037
f 756/1067/1037 310/1066/1036 757/1068/1038
f 757/1068/1038 310/1066/1036 309/1069/1039
f 757/1068/1038 309/1069/1039 758/1070/1040
f 758/1070/1040 309/1069/1039 308/1071/1041
f 758/1070/1040 308/1071/1041 759/1072/1042
f 759/1072/1042 308/1071/1041 307/1073/1043
f 759/1072/1042 307/1073/1043 431/1074/1044
f 431/1074/1044 307/1073/1043 432/1075/1045
f 432/1075/1045 307/1073/1043 306/1076/1046
f 432/1075/1045 306/1076/1046 409/1077/1047
f 409/1077/1047 306/1076/1046 305/1078/1048
f 409/1077/1047 305/1078/1048 410/1079/1049
f 410/1079/1049 305/1078/1048 304/1080/1050
f 410/1079/1049 304/1080/1050 411/1081/1051
f 411/1081/1051 304/1080/1050 303/1082/1052
f 411/1081/1051 303/1082/1052 412/1083/1053
f 412/1083/1053 303/1082/1052 302/1084/1054
f 412/1083/1053 302/1084/1054 413/1085/1055
f 413/1085/1055 302/1084/1054 414/1086/1056
f 414/1086/1056 302/1084/1054 301/1087/1057
f 414/1086/1056 301/1087/1057 415/1088/1058
f 415/1088/1058 301/1087/1057 416/1089/1059
f 416/1089/1059 301/1087/1057 300/1090/1060
f 416/1089/1059 300/1090/1060 417/1091/1061
f 417/1091/1061 300/1090/1060 418/1092/1062
f 418/1092/1062 300/1090/1060 299/1093/1063
f 418/1092/1062 299/1093/1063 419/1094/1064
f 419/1094/1064 299/1093/1063 298/1095/1065
f 419/1094/1064 298/1095/1065 222/1096/1066
f 222/1096/1066 298/1095/1065 223/1097/1067
f 223/1097/1067 298/1095/1065 224/1098/1068
f 224/1098/1068 298/1095/1065 297/1099/1069
f 224/1098/1068 297/1099/1069 225/1100/1070
f 225/1100/1070 297/1099/1069 226/1101/1071
f 226/1101/1071 297/1099/1069 296/1102/1072
f 226/1101/1071 296/1102/1072 227/1103/1073
f 227/1103/1073 296/1102/1072 228/1104/1074
f 228/1104/1074 296/1102/1072 295/1105/1075
f 228/1104/1074 295/1105/1075 229/1106/1076
f 229/1106/1076 295/1105/1075 230/1107/1077
f 230/1107/1077 295/1105/1075 294/1108/1078
f 230/1107/1077 294/1108/1078 231/1109/1079
f 231/1109/1079 294/1108/1078 293/1110/1080
f 231/1109/1079 293/1110/1080 232/1111/1081
f 232/1111/1081 293/1110/1080 292/1112/1082
f 232/1111/1081 292/1112/1082 233/1113/1083
f 233/1113/1083 292/1112/1082 714/1114/1084
f 233/1113/1083 714/1114/1084 713/1115/1085
f 292/1112/1082 291/1116/1086 714/1114/1084
f 714/1114/1084 291/1116/1086 290/998/968
f 714/1114/1084 290/998/968 715/1000/970
f 430/1117/1087 706/1118/1088 431/1074/1044
f 431/1074/1044 706/1118/1088 760/1119/1089
f 431/1074/1044 760/1119/1089 759/1072/1042
f 706/1118/1088 430/1117/1087 707/1120/1090
f 707/1120/1090 430/1117/1087 429/1121/1091
f 707/1120/1090 429/1121/1091 708/1122/1092
f 708/1122/1092 429/1121/1091 428/1123/1093
f 708/1122/1092 428/1123/1093 709/1124/1094
f 709/1124/1094 428/1123/1093 427/1125/1095
f 709/1124/1094 427/1125/1095 426/1126/1096
f 709/1124/1094 426/1126/1096 710/1127/1097
f 710/1127/1097 426/1126/1096 425/1128/1098
f 710/1127/1097 425/1128/1098 711/1129/1099
f 711/1129/1099 425/1128/1098 237/1130/1100
f 711/1129/1099 237/1130/1100 236/1131/1101
f 237/1130/1100 425/1128/1098 238/1132/1102
f 238/1132/1102 425/1128/1098 424/1133/1103
f 238/1132/1102 424/1133/1103 239/1134/1104
f 239/1134/1104 424/1133/1103 423/1135/1105
f 239/1134/1104 423/1135/1105 240/1136/1106
f 240/1136/1106 423/1135/1105 217/1137/1107
f 217/1137/1107 423/1135/1105 422/1138/1108
f 217/1137/1107 422/1138/1108 218/1139/1109
f 218/1139/1109 422/1138/1108 219/1140/1110
f 219/1140/1110 422/1138/1108 421/1141/1111
f 219/1140/1110 421/1141/1111 220/1142/1112
f 220/1142/1112 421/1141/1111 221/1143/1113
f 221/1143/1113 421/1141/1111 420/1144/1114
f 221/1143/1113 420/1144/1114 222/1096/1066
f 222/1096/1066 420/1144/1114 419/1094/1064
f 552/1145/1115 125/1146/1116 529/1147/1117
f 529/1147/1117 125/1146/1116 124/1148/1118
f 529/1147/1117 124/1148/1118 123/1149/1119
f 125/1146/1116 552/1145/1115 126/1032/1002
f 126/1032/1002 552/1145/1115 551/1030/1000
f 539/1009/979 538/1150/1120 718/1010/980
f 718/1010/980 538/1150/1120 719/1151/1121
f 719/1151/1121 538/1150/1120 537/1152/1122
f 719/1151/1121 537/1152/1122 720/1153/1123
f 720/1153/1123 537/1152/1122 536/1154/1124
f 720/1153/1123 536/1154/1124 721/1155/1125
f 721/1155/1125 536/1154/1124 535/1156/1126
f 721/1155/1125 535/1156/1126 534/1157/1127
f 721/1155/1125 534/1157/1127 722/1158/1128
f 722/1158/1128 534/1157/1127 533/1159/1129
f 722/1158/1128 533/1159/1129 723/1160/1130
f 723/1160/1130 533/1159/1129 141/1161/1131
f 723/1160/1130 141/1161/1131 140/1162/1132
f 141/1161/1131 533/1159/1129 142/1163/1133
f 142/1163/1133 533/1159/1129 532/1164/1134
f 142/1163/1133 532/1164/1134 143/1165/1135
f 143/1165/1135 532/1164/1134 531/1166/1136
f 143/1165/1135 531/1166/1136 144/1167/1137
f 144/1167/1137 531/1166/1136 121/1168/1138
f 121/1168/1138 531/1166/1136 530/1169/1139
f 121/1168/1138 530/1169/1139 122/1170/1140
f 122/1170/1140 530/1169/1139 123/1149/1119
f 123/1149/1119 530/1169/1139 529/1147/1117
f 723/1160/1130 140/1162/1132 724/1171/1141
f 724/1171/1141 140/1162/1132 139/1172/1142
f 724/1171/1141 139/1172/1142 725/1173/1143
f 725/1173/1143 139/1172/1142 138/1174/1144
f 725/1173/1143 138/1174/1144 765/1175/1145
f 765/1175/1145 138/1174/1144 766/1176/1146
f 766/1176/1146 138/1174/1144 137/1177/1147
f 766/1176/1146 137/1177/1147 767/1047/1017
f 767/1047/1017 137/1177/1147 136/1178/1148
f 767/1047/1017 136/1178/1148 135/1045/1015
f 711/1129/1099 236/1131/1101 712/1179/1149
f 712/1179/1149 236/1131/1101 235/1180/1150
f 712/1179/1149 235/1180/1150 713/1115/1085
f 713/1115/1085 235/1180/1150 234/1181/1151
f 713/1115/1085 234/1181/1151 233/1113/1083
f 725/1173/1143 765/1175/1145 726/1182/1152
f 726/1182/1152 765/1175/1145 764/1183/1153
f 726/1182/1152 764/1183/1153 703/1184/1154
f 703/1184/1154 764/1183/1153 763/1185/1155
f 703/1184/1154 763/1185/1155 704/1186/1156
f 704/1186/1156 763/1185/1155 762/1187/1157
f 704/1186/1156 762/1187/1157 705/1188/1158
f 705/1188/1158 762/1187/1157 761/1189/1159
f 705/1188/1158 761/1189/1159 706/1118/1088
f 706/1118/1088 761/1189/1159 760/1119/1089
f 854/1190/1160 855/1191/1161 853/1192/1162
f 853/1192/1162 855/1191/1161 892/1193/1163
f 892/1193/1163 855/1191/1161 856/1194/1164
f 892/1193/1163 856/1194/1164 891/1195/1165
f 891/1195/1165 856/1194/1164 890/1196/1166
f 890/1196/1166 856/1194/1164 857/1197/1167
f 890/1196/1166 857/1197/1167 889/1198/1168
f 889/1198/1168 857/1197/1167 858/1199/1169
f 889/1198/1168 858/1199/1169 888/1200/1170
f 888/1200/1170 858/1199/1169 859/1201/1171
f 888/1200/1170 859/1201/1171 887/1202/1172
f 887/1202/1172 859/1201/1171 860/1203/1173
f 887/1202/1172 860/1203/1173 886/1204/1174
f 886/1204/1174 860/1203/1173 861/1205/1175
f 886/1204/1174 861/1205/1175 862/1206/1176
f 886/1204/1174 862/1206/1176 885/1207/1177
f 885/1207/1177 862/1206/1176 863/1208/1178
f 885/1207/1177 863/1208/1178 884/1209/1179
f 884/1209/1179 863/1208/1178 864/1210/1180
f 884/1209/1179 864/1210/1180 865/1211/1181
f 884/1209/1179 865/1211/1181 883/1212/1182
f 883/1212/1182 865/1211/1181 866/1213/1183
f 883/1212/1182 866/1213/1183 882/1214/1184
f 882/1214/1184 866/1213/1183 867/1215/1185
f 882/1214/1184 867/1215/1185 868/1216/1186
f 882/1214/1184 868/1216/1186 881/1217/1187
f 881/1217/1187 868/1216/1186 869/1218/1188
f 881/1217/1187 869/1218/1188 880/1219/1189
f 880/1219/1189 869/1218/1188 870/1220/1190
f 880/1219/1189 870/1220/1190 879/1221/1191
f 879/1221/1191 870/1220/1190 871/1222/1192
f 879/1221/1191 871/1222/1192 878/1223/1193
f 878/1223/1193 871/1222/1192 872/1224/1194
f 878/1223/1193 872/1224/1194 877/1225/1195
f 877/1225/1195 872/1224/1194 876/1226/1196
f 876/1226/1196 872/1224/1194 873/1227/1197
f 876/1226/1196 873/1227/1197 875/1228/1198
f 875/1228/1198 873/1227/1197 874/1229/1199
f 893/1230/1200 894/1231/1201 930/1232/1202
f 930/1232/1202 894/1231/1201 895/1233/1203
f 930/1232/1202 895/1233/1203 929/1234/1204
f 929/1234/1204 895/1233/1203 896/1235/1205
f 929/1234/1204 896/1235/1205 928/1236/1206
f 928/1236/1206 896/1235/1205 897/1237/1207
f 928/1236/1206 897/1237/1207 927/1238/1208
f 927/1238/1208 897/1237/1207 898/1239/1209
f 927/1238/1208 898/1239/1209 926/1240/1210
f 926/1240/1210 898/1239/1209 899/1241/1211
f 926/1240/1210 899/1241/1211 925/1242/1212
f 925/1242/1212 899/1241/1211 900/1243/1213
f 925/1242/1212 900/1243/1213 924/1244/1214
f 924/1244/1214 900/1243/1213 901/1245/1215
f 924/1244/1214 901/1245/1215 923/1246/1216
f 923/1246/1216 901/1245/1215 902/1247/1217
f 923/1246/1216 902/1247/1217 922/1248/1218
f 922/1248/1218 902/1247/1217 903/1249/1219
f 922/1248/1218 903/1249/1219 921/1250/1220
f 921/1250/1220 903/1249/1219 904/1251/1221
f 921/1250/1220 904/1251/1221 920/1252/1222
f 920/1252/1222 904/1251/1221 905/1253/1223
f 920/1252/1222 905/1253/1223 919/1254/1224
f 919/1254/1224 905/1253/1223 906/1255/1225
f 919/1254/1224 906/1255/1225 918/1256/1226
f 918/1256/1226 906/1255/1225 907/1257/1227
f 918/1256/1226 907/1257/1227 917/1258/1228
f 917/1258/1228 907/1257/1227 908/1259/1229
f 917/1258/1228 908/1259/1229 916/1260/1230
f 916/1260/1230 908/1259/1229 909/1261/1231
f 916/1260/1230 909/1261/1231 915/1262/1232
f 915/1262/1232 909/1261/1231 910/1263/1233
f 915/1262/1232 910/1263/1233 914/1264/1234
f 914/1264/1234 910/1263/1233 911/1265/1235
f 914/1264/1234 911/1265/1235 913/1266/1236
f 913/1266/1236 911/1265/1235 912/1267/1237
f 930/1268/1238 199/1269/1239 893/1270/1240
f 893/1270/1240 199/1269/1239 198/1271/1241
f 893/1270/1240 198/1271/1241 913/1272/1242
f 913/1272/1242 198/1271/1241 914/1273/1243
f 914/1273/1243 198/1271/1241 439/1274/1244
f 914/1273/1243 439/1274/1244 438/1275/1245
f 199/1269/1239 930/1268/1238 200/1276/1246
f 200/1276/1246 930/1268/1238 929/1277/1247
f 200/1276/1246 929/1277/1247 201/1278/1248
f 201/1278/1248 929/1277/1247 202/1279/1249
f 202/1279/1249 929/1277/1247 203/1280/1250
f 203/1280/1250 929/1277/1247 204/1281/1251
f 204/1281/1251 929/1277/1247 928/1282/1252
f 204/1281/1251 928/1282/1252 205/1283/1253
f 205/1283/1253 928/1282/1252 206/1284/1254
f 206/1284/1254 928/1282/1252 207/1285/1255
f 207/1285/1255 928/1282/1252 208/1286/1256
f 208/1286/1256 928/1282/1252 927/1287/1257
f 208/1286/1256 927/1287/1257 209/1288/1258
f 209/1288/1258 927/1287/1257 210/1289/1259
f 210/1289/1259 927/1287/1257 211/1290/1260
f 211/1290/1260 927/1287/1257 926/1291/1261
f 211/1290/1260 926/1291/1261 446/1292/1262
f 446/1292/1262 926/1291/1261 447/1293/1263
f 447/1293/1263 926/1291/1261 448/1294/1264
f 448/1294/1264 926/1291/1261 925/1295/1265
f 448/1294/1264 925/1295/1265 449/1296/1266
f 449/1296/1266 925/1295/1265 924/1297/1267
f 449/1296/1266 924/1297/1267 450/1298/1268
f 450/1298/1268 924/1297/1267 923/1299/1269
f 450/1298/1268 923/1299/1269 451/1300/1270
f 451/1300/1270 923/1299/1269 922/1301/1271
f 451/1300/1270 922/1301/1271 921/1302/1272
f 451/1300/1270 921/1302/1272 452/1303/1273
f 452/1303/1273 921/1302/1272 920/1304/1274
f 452/1303/1273 920/1304/1274 453/1305/1275
f 453/1305/1275 920/1304/1274 919/1306/1276
f 453/1305/1275 919/1306/1276 454/1307/1277
f 454/1307/1277 919/1306/1276 918/1308/1278
f 454/1307/1277 918/1308/1278 455/1309/1279
f 455/1309/1279 918/1308/1278 456/1310/1280
f 456/1310/1280 918/1308/1278 917/1311/1281
f 456/1310/1280 917/1311/1281 433/1312/1282
f 433/1312/1282 917/1311/1281 434/1313/1283
f 434/1313/1283 917/1311/1281 916/1314/1284
f 434/1313/1283 916/1314/1284 435/1315/1285
f 435/1315/1285 916/1314/1284 436/1316/1286
f 436/1316/1286 916/1314/1284 437/1317/1287
f 437/1317/1287 916/1314/1284 915/1318/1288
f 437/1317/1287 915/1318/1288 438/1275/1245
f 438/1275/1245 915/1318/1288 914/1273/1243
f 216/1319/1289 442/1320/1290 193/1321/1291
f 193/1321/1291 442/1320/1290 441/1322/1292
f 193/1321/1291 441/1322/1292 194/1323/1293
f 194/1323/1293 441/1322/1292 195/1324/1294
f 195/1324/1294 441/1322/1292 440/1325/1295
f 195/1324/1294 440/1325/1295 196/1326/1296
f 196/1326/1296 440/1325/1295 439/1274/1244
f 196/1326/1296 439/1274/1244 197/1327/1297
f 197/1327/1297 439/1274/1244 198/1271/1241
f 442/1320/1290 216/1319/1289 443/1328/1298
f 443/1328/1298 216/1319/1289 215/1329/1299
f 443/1328/1298 215/1329/1299 214/1330/1300
f 443/1328/1298 214/1330/1300 444/1331/1301
f 444/1331/1301 214/1330/1300 213/1332/1302
f 444/1331/1301 213/1332/1302 445/1333/1303
f 445/1333/1303 213/1332/1302 212/1334/1304
f 445/1333/1303 212/1334/1304 446/1292/1262
f 446/1292/1262 212/1334/1304 211/1290/1260
f 630/1335/1305 79/1336/1306 652/1337/1307
f 652/1337/1307 79/1336/1306 78/1338/1308
f 652/1337/1307 78/1338/1308 77/1339/1309
f 629/1340/1310 33/1341/1311 630/1335/1305
f 630/1335/1305 33/1341/1311 32/1342/1312
f 630/1335/1305 32/1342/1312 31/1343/1313
f 628/1344/1314 35/1345/1315 629/1340/1310
f 629/1340/1310 35/1345/1315 34/1346/1316
f 629/1340/1310 34/1346/1316 33/1341/1311
f 627/1347/1317 37/1348/1318 628/1344/1314
f 628/1344/1314 37/1348/1318 36/1349/1319
f 628/1344/1314 36/1349/1319 35/1345/1315
f 626/1350/1320 39/1351/1321 627/1347/1317
f 627/1347/1317 39/1351/1321 38/1352/1322
f 627/1347/1317 38/1352/1322 37/1348/1318
f 625/1353/1323 41/1354/1324 626/1350/1320
f 626/1350/1320 41/1354/1324 40/1355/1325
f 626/1350/1320 40/1355/1325 39/1351/1321
f 657/1356/1326 91/1357/1327 625/1353/1323
f 625/1353/1323 91/1357/1327 43/1358/1328
f 625/1353/1323 43/1358/1328 42/1359/1329
f 656/1360/1330 94/1361/1331 657/1356/1326
f 657/1356/1326 94/1361/1331 93/1362/1332
f 657/1356/1326 93/1362/1332 92/1363/1333
f 94/1361/1331 656/1360/1330 95/1364/1334
f 95/1364/1334 656/1360/1330 655/1365/1335
f 95/1364/1334 655/1365/1335 96/1366/1336
f 96/1366/1336 655/1365/1335 73/1367/1337
f 73/1367/1337 655/1365/1335 654/1368/1338
f 73/1367/1337 654/1368/1338 74/1369/1339
f 74/1369/1339 654/1368/1338 75/1370/1340
f 75/1370/1340 654/1368/1338 653/1371/1341
f 75/1370/1340 653/1371/1341 76/1372/1342
f 76/1372/1342 653/1371/1341 652/1337/1307
f 76/1372/1342 652/1337/1307 77/1339/1309
f 48/1373/1343 86/1374/1344 25/1375/1345
f 25/1375/1345 86/1374/1344 85/1376/1346
f 25/1375/1345 85/1376/1346 26/1377/1347
f 26/1377/1347 85/1376/1346 84/1378/1348
f 26/1377/1347 84/1378/1348 27/1379/1349
f 27/1379/1349 84/1378/1348 83/1380/1350
f 27/1379/1349 83/1380/1350 28/1381/1351
f 28/1381/1351 83/1380/1350 82/1382/1352
f 28/1381/1351 82/1382/1352 29/1383/1353
f 29/1383/1353 82/1382/1352 81/1384/1354
f 29/1383/1353 81/1384/1354 30/1385/1355
f 30/1385/1355 81/1384/1354 80/1386/1356
f 30/1385/1355 80/1386/1356 31/1343/1313
f 31/1343/1313 80/1386/1356 79/1336/1306
f 31/1343/1313 79/1336/1306 630/1335/1305
f 86/1374/1344 48/1373/1343 87/1387/1357
f 87/1387/1357 48/1373/1343 47/1388/1358
f 87/1387/1357 47/1388/1358 88/1389/1359
f 88/1389/1359 47/1388/1358 46/1390/1360
f 88/1389/1359 46/1390/1360 89/1391/1361
f 89/1391/1361 46/1390/1360 45/1392/1362
f 89/1391/1361 45/1392/1362 90/1393/1363
f 90/1393/1363 45/1392/1362 44/1394/1364
f 90/1393/1363 44/1394/1364 91/1357/1327
f 91/1357/1327 44/1394/1364 43/1358/1328
f 42/1359/1329 41/1354/1324 625/1353/1323
f 92/1363/1333 91/1357/1327 657/1356/1326
f 678/1395/1365 815/1396/1366 625/1397/1367
f 625/1397/1367 815/1396/1366 835/1398/1368
f 625/1397/1367 835/1398/1368 657/1399/1369
f 657/1399/1369 835/1398/1368 658/1400/1370
f 658/1400/1370 835/1398/1368 834/1401/1371
f 658/1400/1370 834/1401/1371 933/1402/1372
f 776/1403/1373 931/1404/1374 678/1395/1365
f 678/1395/1365 931/1404/1374 932/1405/1375
f 678/1395/1365 932/1405/1375 816/1406/1376
f 776/1403/1373 775/1407/1377 931/1404/1374
f 816/1406/1376 815/1396/1366 678/1395/1365
f 933/1402/1372 934/1408/1378 658/1400/1370
f 658/1400/1370 934/1408/1378 796/1409/1379
f 796/1409/1379 934/1408/1378 797/1410/1380
f 651/1411/1381 893/1412/1382 652/1413/1383
f 652/1413/1383 893/1412/1382 913/1414/1384
f 652/1413/1383 913/1414/1384 630/1415/1385
f 630/1415/1385 913/1414/1384 631/1416/1386
f 631/1416/1386 913/1414/1384 912/1417/1387
f 631/1416/1386 912/1417/1387 937/1418/1388
f 854/1419/1389 935/1420/1390 651/1411/1381
f 651/1411/1381 935/1420/1390 936/1421/1391
f 651/1411/1381 936/1421/1391 894/1422/1392
f 854/1419/1389 853/1423/1393 935/1420/1390
f 894/1422/1392 893/1412/1382 651/1411/1381
f 937/1418/1388 938/1424/1394 631/1416/1386
f 631/1416/1386 938/1424/1394 874/1425/1395
f 874/1425/1395 938/1424/1394 875/1426/1396
f 528/1427/1397 578/1428/1398 505/1429/1399
f 505/1429/1399 578/1428/1398 577/1430/1400
f 505/1429/1399 577/1430/1400 506/1431/1401
f 506/1431/1401 577/1430/1400 600/1432/1402
f 506/1431/1401 600/1432/1402 599/1433/1403
f 578/1428/1398 528/1427/1397 579/1434/1404
f 579/1434/1404 528/1427/1397 527/1435/1405
f 579/1434/1404 527/1435/1405 580/1436/1406
f 580/1436/1406 527/1435/1405 526/1437/1407
f 580/1436/1406 526/1437/1407 581/1438/1408
f 581/1438/1408 526/1437/1407 525/1439/1409
f 581/1438/1408 525/1439/1409 582/1440/1410
f 582/1440/1410 525/1439/1409 524/1441/1411
f 582/1440/1410 524/1441/1411 583/1442/1412
f 583/1442/1412 524/1441/1411 523/1443/1413
f 583/1442/1412 523/1443/1413 522/1444/1414
f 583/1442/1412 522/1444/1414 584/1445/1415
f 584/1445/1415 522/1444/1414 521/1446/1416
f 584/1445/1415 521/1446/1416 585/1447/1417
f 585/1447/1417 521/1446/1416 520/1448/1418
f 585/1447/1417 520/1448/1418 586/1449/1419
f 586/1449/1419 520/1448/1418 519/1450/1420
f 586/1449/1419 519/1450/1420 587/1451/1421
f 587/1451/1421 519/1450/1420 518/1452/1422
f 587/1451/1421 518/1452/1422 588/1453/1423
f 588/1453/1423 518/1452/1422 517/1454/1424
f 588/1453/1423 517/1454/1424 589/1455/1425
f 589/1455/1425 517/1454/1424 590/1456/1426
f 590/1456/1426 517/1454/1424 516/1457/1427
f 590/1456/1426 516/1457/1427 591/1458/1428
f 591/1458/1428 516/1457/1427 515/1459/1429
f 591/1458/1428 515/1459/1429 592/1460/1430
f 592/1460/1430 515/1459/1429 514/1461/1431
f 592/1460/1430 514/1461/1431 593/1462/1432
f 593/1462/1432 514/1461/1431 513/1463/1433
f 593/1462/1432 513/1463/1433 594/1464/1434
f 594/1464/1434 513/1463/1433 512/1465/1435
f 594/1464/1434 512/1465/1435 595/1466/1436
f 595/1466/1436 512/1465/1435 511/1467/1437
f 595/1466/1436 511/1467/1437 510/1468/1438
f 595/1466/1436 510/1468/1438 596/1469/1439
f 596/1469/1439 510/1468/1438 509/1470/1440
f 596/1469/1439 509/1470/1440 597/1471/1441
f 597/1471/1441 509/1470/1440 508/1472/1442
f 597/1471/1441 508/1472/1442 598/1473/1443
f 598/1473/1443 508/1472/1442 507/1474/1444
f 598/1473/1443 507/1474/1444 599/1433/1403
f 599/1433/1403 507/1474/1444 506/1431/1401
f 408/1475/1445 458/1476/1446 385/1477/1447
f 385/1477/1447 458/1476/1446 457/1478/1448
f 385/1477/1447 457/1478/1448 386/1479/1449
f 386/1479/1449 457/1478/1448 480/1480/1450
f 386/1479/1449 480/1480/1450 479/1481/1451
f 458/1476/1446 408/1475/1445 459/1482/1452
f 459/1482/1452 408/1475/1445 407/1483/1453
f 459/1482/1452 407/1483/1453 460/1484/1454
f 460/1484/1454 407/1483/1453 406/1485/1455
f 460/1484/1454 406/1485/1455 461/1486/1456
f 461/1486/1456 406/1485/1455 405/1487/1457
f 461/1486/1456 405/1487/1457 462/1488/1458
f 462/1488/1458 405/1487/1457 404/1489/1459
f 462/1488/1458 404/1489/1459 463/1490/1460
f 463/1490/1460 404/1489/1459 403/1491/1461
f 463/1490/1460 403/1491/1461 402/1492/1462
f 463/1490/1460 402/1492/1462 464/1493/1463
f 464/1493/1463 402/1492/1462 401/1494/1464
f 464/1493/1463 401/1494/1464 465/1495/1465
f 465/1495/1465 401/1494/1464 400/1496/1466
f 465/1495/1465 400/1496/1466 466/1497/1467
f 466/1497/1467 400/1496/1466 399/1498/1468
f 466/1497/1467 399/1498/1468 467/1499/1469
f 467/1499/1469 399/1498/1468 398/1500/1470
f 467/1499/1469 398/1500/1470 468/1501/1471
f 468/1501/1471 398/1500/1470 397/1502/1472
f 468/1501/1471 397/1502/1472 469/1503/1473
f 469/1503/1473 397/1502/1472 470/1504/1474
f 470/1504/1474 397/1502/1472 396/1505/1475
f 470/1504/1474 396/1505/1475 471/1506/1476
f 471/1506/1476 396/1505/1475 395/1507/1477
f 471/1506/1476 395/1507/1477 472/1508/1478
f 472/1508/1478 395/1507/1477 394/1509/1479
f 472/1508/1478 394/1509/1479 473/1510/1480
f 473/1510/1480 394/1509/1479 393/1511/1481
f 473/1510/1480 393/1511/1481 474/1512/1482
f 474/1512/1482 393/1511/1481 392/1513/1483
f 474/1512/1482 392/1513/1483 475/1514/1484
f 475/1514/1484 392/1513/1483 391/1515/1485
f 475/1514/1484 391/1515/1485 390/1516/1486
f 475/1514/1484 390/1516/1486 476/1517/1487
f 476/1517/1487 390/1516/1486 389/1518/1488
f 476/1517/1487 389/1518/1488 477/1519/1489
f 477/1519/1489 389/1518/1488 388/1520/1490
f 477/1519/1489 388/1520/1490 478/1521/1491
f 478/1521/1491 388/1520/1490 387/1522/1492
f 478/1521/1491 387/1522/1492 479/1481/1451
f 479/1481/1451 387/1522/1492 386/1479/1449
f 797/1523/1493 934/1524/1494 798/1525/1495
f 798/1525/1495 934/1524/1494 933/1526/1496
f 798/1525/1495 933/1526/1496 834/1527/1497
f 834/1527/1497 833/1528/1498 798/1525/1495
f 798/1525/1495 833/1528/1498 799/1529/1499
f 799/1529/1499 833/1528/1498 832/1530/1500
f 799/1529/1499 832/1530/1500 800/1531/1501
f 800/1531/1501 832/1530/1500 831/1532/1502
f 800/1531/1501 831/1532/1502 801/1533/1503
f 801/1533/1503 831/1532/1502 830/1534/1504
f 801/1533/1503 830/1534/1504 802/1535/1505
f 802/1535/1505 830/1534/1504 829/1536/1506
f 802/1535/1505 829/1536/1506 803/1537/1507
f 803/1537/1507 829/1536/1506 828/1538/1508
f 803/1537/1507 828/1538/1508 804/1539/1509
f 804/1539/1509 828/1538/1508 827/1540/1510
f 804/1539/1509 827/1540/1510 805/1541/1511
f 805/1541/1511 827/1540/1510 826/1542/1512
f 805/1541/1511 826/1542/1512 806/1543/1513
f 806/1543/1513 826/1542/1512 825/1544/1514
f 806/1543/1513 825/1544/1514 824/1545/1515
f 806/1543/1513 824/1545/1515 807/1546/1516
f 807/1546/1516 824/1545/1515 823/1547/1517
f 807/1546/1516 823/1547/1517 808/1548/1518
f 808/1548/1518 823/1547/1517 822/1549/1519
f 808/1548/1518 822/1549/1519 809/1550/1520
f 809/1550/1520 822/1549/1519 821/1551/1521
f 809/1550/1520 821/1551/1521 810/1552/1522
f 810/1552/1522 821/1551/1521 820/1553/1523
f 810/1552/1522 820/1553/1523 811/1554/1524
f 811/1554/1524 820/1553/1523 819/1555/1525
f 811/1554/1524 819/1555/1525 812/1556/1526
f 812/1556/1526 819/1555/1525 818/1557/1527
f 812/1556/1526 818/1557/1527 813/1558/1528
f 813/1558/1528 818/1557/1527 817/1559/1529
f 813/1558/1528 817/1559/1529 814/1560/1530
f 814/1560/1530 817/1559/1529 816/1561/1531
f 814/1560/1530 816/1561/1531 775/1562/1532
f 775/1562/1532 816/1561/1531 932/1563/1533
f 775/1562/1532 932/1563/1533 931/1564/1534
f 875/1565/1535 938/1566/1536 876/1567/1537
f 876/1567/1537 938/1566/1536 937/1568/1538
f 876/1567/1537 937/1568/1538 912/1569/1539
f 912/1569/1539 911/1570/1540 876/1567/1537
f 876/1567/1537 911/1570/1540 877/1571/1541
f 877/1571/1541 911/1570/1540 910/1572/1542
f 877/1571/1541 910/1572/1542 878/1573/1543
f 878/1573/1543 910/1572/1542 909/1574/1544
f 878/1573/1543 909/1574/1544 879/1575/1545
f 879/1575/1545 909/1574/1544 908/1576/1546
f 879/1575/1545 908/1576/1546 880/1577/1547
f 880/1577/1547 908/1576/1546 907/1578/1548
f 880/1577/1547 907/1578/1548 881/1579/1549
f 881/1579/1549 907/1578/1548 906/1580/1550
f 881/1579/1549 906/1580/1550 882/1581/1551
f 882/1581/1551 906/1580/1550 905/1582/1552
f 882/1581/1551 905/1582/1552 883/1583/1553
f 883/1583/1553 905/1582/1552 904/1584/1554
f 883/1583/1553 904/1584/1554 884/1585/1555
f 884/1585/1555 904/1584/1554 903/1586/1556
f 884/1585/1555 903/1586/1556 902/1587/1557
f 884/1585/1555 902/1587/1557 885/1588/1558
f 885/1588/1558 902/1587/1557 901/1589/1559
f 885/1588/1558 901/1589/1559 886/1590/1560
f 886/1590/1560 901/1589/1559 900/1591/1561
f 886/1590/1560 900/1591/1561 887/1592/1562
f 887/1592/1562 900/1591/1561 899/1593/1563
f 887/1592/1562 899/1593/1563 888/1594/1564
f 888/1594/1564 899/1593/1563 898/1595/1565
f 888/1594/1564 898/1595/1565 889/1596/1566
f 889/1596/1566 898/1595/1565 897/1597/1567
f 889/1596/1566 897/1597/1567 890/1598/1568
f 890/1598/1568 897/1597/1567 896/1599/1569
f 890/1598/1568 896/1599/1569 891/1600/1570
f 891/1600/1570 896/1599/1569 895/1601/1571
f 891/1600/1570 895/1601/1571 892/1602/1572
f 892/1602/1572 895/1601/1571 894/1603/1573
f 892/1602/1572 894/1603/1573 853/1604/1574
f 853/1604/1574 894/1603/1573 936/1605/1575
f 853/1604/1574 936/1605/1575 935/1606/1576
f 658/1607/1577 796/1608/1578 659/1609/1579
f 659/1609/1579 796/1608/1578 795/1610/1580
f 659/1609/1579 795/1610/1580 660/1611/1581
f 660/1611/1581 795/1610/1580 794/1612/1582
f 660/1611/1581 794/1612/1582 661/1613/1583
f 661/1613/1583 794/1612/1582 793/1614/1584
f 661/1613/1583 793/1614/1584 662/1615/1585
f 662/1615/1585 793/1614/1584 792/1616/1586
f 662/1615/1585 792/1616/1586 663/1617/1587
f 663/1617/1587 792/1616/1586 791/1618/1588
f 663/1617/1587 791/1618/1588 664/1619/1589
f 664/1619/1589 791/1618/1588 790/1620/1590
f 664/1619/1589 790/1620/1590 665/1621/1591
f 665/1621/1591 790/1620/1590 789/1622/1592
f 665/1621/1591 789/1622/1592 666/1623/1593
f 666/1623/1593 789/1622/1592 788/1624/1594
f 666/1623/1593 788/1624/1594 667/1625/1595
f 667/1625/1595 788/1624/1594 787/1626/1596
f 667/1625/1595 787/1626/1596 668/1627/1597
f 668/1627/1597 787/1626/1596 786/1628/1598
f 668/1627/1597 786/1628/1598 785/1629/1599
f 668/1627/1597 785/1629/1599 669/1630/1600
f 669/1630/1600 785/1629/1599 784/1631/1601
f 669/1630/1600 784/1631/1601 670/1632/1602
f 670/1632/1602 784/1631/1601 783/1633/1603
f 670/1632/1602 783/1633/1603 671/1634/1604
f 671/1634/1604 783/1633/1603 782/1635/1605
f 671/1634/1604 782/1635/1605 672/1636/1606
f 672/1636/1606 782/1635/1605 781/1637/1607
f 672/1636/1606 781/1637/1607 673/1638/1608
f 673/1638/1608 781/1637/1607 780/1639/1609
f 673/1638/1608 780/1639/1609 674/1640/1610
f 674/1640/1610 780/1639/1609 779/1641/1611
f 674/1640/1610 779/1641/1611 675/1642/1612
f 675/1642/1612 779/1641/1611 778/1643/1613
f 675/1642/1612 778/1643/1613 676/1644/1614
f 676/1644/1614 778/1643/1613 777/1645/1615
f 676/1644/1614 777/1645/1615 677/1646/1616
f 677/1646/1616 777/1645/1615 776/1647/1617
f 677/1646/1616 776/1647/1617 678/1648/1618
f 631/1649/1619 874/1650/1620 632/1651/1621
f 632/1651/1621 874/1650/1620 873/1652/1622
f 632/1651/1621 873/1652/1622 633/1653/1623
f 633/1653/1623 873/1652/1622 872/1654/1624
f 633/1653/1623 872/1654/1624 634/1655/1625
f 634/1655/1625 872/1654/1624 871/1656/1626
f 634/1655/1625 871/1656/1626 635/1657/1627
f 635/1657/1627 871/1656/1626 870/1658/1628
f 635/1657/1627 870/1658/1628 636/1659/1629
f 636/1659/1629 870/1658/1628 869/1660/1630
f 636/1659/1629 869/1660/1630 637/1661/1631
f 637/1661/1631 869/1660/1630 868/1662/1632
f 637/1661/1631 868/1662/1632 638/1663/1633
f 638/1663/1633 868/1662/1632 867/1664/1634
f 638/1663/1633 867/1664/1634 639/1665/1635
f 639/1665/1635 867/1664/1634 866/1666/1636
f 639/1665/1635 866/1666/1636 640/1667/1637
f 640/1667/1637 866/1666/1636 865/1668/1638
f 640/1667/1637 865/1668/1638 641/1669/1639
f 641/1669/1639 865/1668/1638 864/1670/1640
f 641/1669/1639 864/1670/1640 863/1671/1641
f 641/1669/1639 863/1671/1641 642/1672/1642
f 642/1672/1642 863/1671/1641 862/1673/1643
f 642/1672/1642 862/1673/1643 643/1674/1644
f 643/1674/1644 862/1673/1643 861/1675/1645
f 643/1674/1644 861/1675/1645 644/1676/1646
f 644/1676/1646 861/1675/1645 860/1677/1647
f 644/1676/1646 860/1677/1647 645/1678/1648
f 645/1678/1648 860/1677/1647 859/1679/1649
f 645/1678/1648 859/1679/1649 646/1680/1650
f 646/1680/1650 859/1679/1649 858/1681/1651
f 646/1680/1650 858/1681/1651 647/1682/1652
f 647/1682/1652 858/1681/1651 857/1683/1653
f 647/1682/1652 857/1683/1653 648/1684/1654
f 648/1684/1654 857/1683/1653 856/1685/1655
f 648/1684/1654 856/1685/1655 649/1686/1656
f 649/1686/1656 856/1685/1655 855/1687/1657
f 649/1686/1656 855/1687/1657 650/1688/1658
f 650/1688/1658 855/1687/1657 854/1689/1659
f 650/1688/1658 854/1689/1659 651/1690/1660
f 72/1691/1661 692/1692/1662 49/1693/1663
f 49/1693/1663 692/1692/1662 691/1694/1664
f 49/1693/1663 691/1694/1664 50/1695/1665
f 50/1695/1665 691/1694/1664 690/1696/1666
f 50/1695/1665 690/1696/1666 689/1697/1667
f 692/1692/1662 72/1691/1661 693/1698/1668
f 693/1698/1668 72/1691/1661 71/1699/1669
f 693/1698/1668 71/1699/1669 694/1700/1670
f 694/1700/1670 71/1699/1669 70/1701/1671
f 694/1700/1670 70/1701/1671 695/1702/1672
f 695/1702/1672 70/1701/1671 69/1703/1673
f 695/1702/1672 69/1703/1673 696/1704/1674
f 696/1704/1674 69/1703/1673 68/1705/1675
f 696/1704/1674 68/1705/1675 697/1706/1676
f 697/1706/1676 68/1705/1675 67/1707/1677
f 697/1706/1676 67/1707/1677 66/1708/1678
f 697/1706/1676 66/1708/1678 698/1709/1679
f 698/1709/1679 66/1708/1678 65/1710/1680
f 698/1709/1679 65/1710/1680 699/1711/1681
f 699/1711/1681 65/1710/1680 64/1712/1682
f 699/1711/1681 64/1712/1682 700/1713/1683
f 700/1713/1683 64/1712/1682 63/1714/1684
f 700/1713/1683 63/1714/1684 701/1715/1685
f 701/1715/1685 63/1714/1684 62/1716/1686
f 701/1715/1685 62/1716/1686 702/1717/1687
f 702/1717/1687 62/1716/1686 61/1718/1688
f 702/1717/1687 61/1718/1688 679/1719/1689
f 679/1719/1689 61/1718/1688 680/1720/1690
f 680/1720/1690 61/1718/1688 60/1721/1691
f 680/1720/1690 60/1721/1691 681/1722/1692
f 681/1722/1692 60/1721/1691 59/1723/1693
f 681/1722/1692 59/1723/1693 682/1724/1694
f 682/1724/1694 59/1723/1693 58/1725/1695
f 682/1724/1694 58/1725/1695 683/1726/1696
f 683/1726/1696 58/1725/1695 57/1727/1697
f 683/1726/1696 57/1727/1697 684/1728/1698
f 684/1728/1698 57/1727/1697 56/1729/1699
f 684/1728/1698 56/1729/1699 685/1730/1700
f 685/1730/1700 56/1729/1699 55/1731/1701
f 685/1730/1700 55/1731/1701 54/1732/1702
f 685/1730/1700 54/1732/1702 686/1733/1703
f 686/1733/1703 54/1732/1702 53/1734/1704
f 686/1733/1703 53/1734/1704 687/1735/1705
f 687/1735/1705 53/1734/1704 52/1736/1706
f 687/1735/1705 52/1736/1706 688/1737/1707
f 688/1737/1707 52/1736/1706 51/1738/1708
f 688/1737/1707 51/1738/1708 689/1697/1667
f 689/1697/1667 51/1738/1708 50/1695/1665
f 24/1739/1709 740/1740/1710 1/1741/1711
f 1/1741/1711 740/1740/1710 739/1742/1712
f 1/1741/1711 739/1742/1712 2/1743/1713
f 2/1743/1713 739/1742/1712 738/1744/1714
f 2/1743/1713 738/1744/1714 737/1745/1715
f 740/1740/1710 24/1739/1709 741/1746/1716
f 741/1746/1716 24/1739/1709 23/1747/1717
f 741/1746/1716 23/1747/1717 742/1748/1718
f 742/1748/1718 23/1747/1717 22/1749/1719
f 742/1748/1718 22/1749/1719 743/1750/1720
f 743/1750/1720 22/1749/1719 21/1751/1721
f 743/1750/1720 21/1751/1721 744/1752/1722
f 744/1752/1722 21/1751/1721 20/1753/1723
f 744/1752/1722 20/1753/1723 745/1754/1724
f 745/1754/1724 20/1753/1723 19/1755/1725
f 745/1754/1724 19/1755/1725 18/1756/1726
f 745/1754/1724 18/1756/1726 746/1757/1727
f 746/1757/1727 18/1756/1726 17/1758/1728
f 746/1757/1727 17/1758/1728 747/1759/1729
f 747/1759/1729 17/1758/1728 16/1760/1730
f 747/1759/1729 16/1760/1730 748/1761/1731
f 748/1761/1731 16/1760/1730 15/1762/1732
f 748/1761/1731 15/1762/1732 749/1763/1733
f 749/1763/1733 15/1762/1732 14/1764/1734
f 749/1763/1733 14/1764/1734 750/1765/1735
f 750/1765/1735 14/1764/1734 13/1766/1736
f 750/1765/1735 13/1766/1736 727/1767/1737
f 727/1767/1737 13/1766/1736 728/1768/1738
f 728/1768/1738 13/1766/1736 12/1769/1739
f 728/1768/1738 12/1769/1739 729/1770/1740
f 729/1770/1740 12/1769/1739 11/1771/1741
f 729/1770/1740 11/1771/1741 730/1772/1742
f 730/1772/1742 11/1771/1741 10/1773/1743
f 730/1772/1742 10/1773/1743 731/1774/1744
f 731/1774/1744 10/1773/1743 9/1775/1745
f 731/1774/1744 9/1775/1745 732/1776/1746
f 732/1776/1746 9/1775/1745 8/1777/1747
f 732/1776/1746 8/1777/1747 733/1778/1748
f 733/1778/1748 8/1777/1747 7/1779/1749
f 733/1778/1748 7/1779/1749 6/1780/1750
f 733/1778/1748 6/1780/1750 734/1781/1751
f 734/1781/1751 6/1780/1750 5/1782/1752
f 734/1781/1751 5/1782/1752 735/1783/1753
f 735/1783/1753 5/1782/1752 4/1784/1754
f 735/1783/1753 4/1784/1754 736/1785/1755
f 736/1785/1755 4/1784/1754 3/1786/1756
f 736/1785/1755 3/1786/1756 737/1745/1715
f 737/1745/1715 3/1786/1756 2/1743/1713
# 938 vertices
# 1786 texture params
# 1756 normals
# 1896 facets

# 1 groups
